Energy_Hardship,Household_ID,Postcode,Survey_Weight,"Logistic Regression, thresh=0.20","Logistic Regression, thresh=0.20 (0)","Logistic Regression, thresh=0.20 (1)","Logistic Regression, thresh=0.20 (error)",Age_Group,State,Region,Household_Type,Children,Adults,Working_Adults,Work_Status,Tenure,Dwelling_Type
0 1,continuous,continuous,continuous,0 1,continuous,continuous,continuous,18-24 25-29 30-34 35-39 40-44 45-49 50-54 50-59 60-64 65+,ACT NT New\ South\ Wales Queensland South\ Australia Tasmania Victoria Western\ Australia,Metro Regional,Live\ alone Live\ with\ your\ partner\ only Live\ with\ your\ partner\ with\ children/other\ family\ members\ in\ the\ household Other\ (please\ specify) You\ are\ single\ with\ children/other\ family\ members\ in\ the\ household You\ live\ in\ a\ share\ house\ (i.e.\ with\ friends/housemates),continuous,continuous,continuous,Full\ time\ home\ /\ parent\ duties Full-time\ student Other Retired Unemployed Working\ casually Working\ full\ time Working\ part\ time,Other\ (please\ specify) Own\ your\ home\ outright Paying\ off\ a\ mortgage Renting,"A\ larger,\ free-standing\ house\ (e.g.\ double\ story\ or\ 4+\ bedrooms) A\ mobile\ home,\ such\ as\ a\ caravan,\ motorhome\ or\ camper\ trailer A\ retirement\ home A\ rural\ property\ or\ farm A\ semi-detached\ house\ (e.g.\ terraces,\ townhouse,\ duplex) A\ smaller,\ freestanding\ house\ (e.g.\ single\ story\ and\ 3\ or\ less\ bedrooms) An\ apartment\ or\ unit Other\ (specify)"
class,meta,meta,meta,meta,meta,meta,meta,,,,,,,,,,
0,1514,6112,0.973649,1,0.70373,0.29627,0.29627,50-54,Western Australia,Metro,Live with your partner with children/other family members in the household,2,2,1,Working part time,Renting,"A smaller, freestanding house (e.g. single story and 3 or less bedrooms)"
0,591,810,0.134149,0,0.882885,0.117115,0.117115,40-44,NT,Regional,Live alone,0,1,1,Working full time,Paying off a mortgage,An apartment or unit
0,3238,2319,1.52645,0,0.861824,0.138176,0.138176,65+,New South Wales,Regional,Live with your partner with children/other family members in the household,0,3,0,Retired,Own your home outright,"A larger, free-standing house (e.g. double story or 4+ bedrooms)"
0,3718,6147,0.882795,0,0.933838,0.0661618,0.0661618,65+,Western Australia,Metro,Live with your partner only,0,2,0,Retired,Own your home outright,"A larger, free-standing house (e.g. double story or 4+ bedrooms)"
1,3500,3046,0.552209,1,0.70077,0.29923,0.70077,50-54,Victoria,Metro,Live alone,0,1,0,Other,Own your home outright,"A semi-detached house (e.g. terraces, townhouse, duplex)"
0,3926,6233,0.862047,1,0.699761,0.300239,0.300239,35-39,Western Australia,Regional,You are single with children/other family members in the household,2,1,1,Working full time,Renting,"A smaller, freestanding house (e.g. single story and 3 or less bedrooms)"
0,2010,4109,0.705644,0,0.90157,0.0984298,0.0984298,30-34,Queensland,Metro,Live with your partner with children/other family members in the household,2,2,2,Working part time,Paying off a mortgage,An apartment or unit
0,1072,2605,1.79588,0,0.873731,0.126269,0.126269,18-24,ACT,Regional,Live with your partner with children/other family members in the household,0,4,4,Working part time,Renting,"A smaller, freestanding house (e.g. single story and 3 or less bedrooms)"
1,3709,7276,0.546781,0,0.929318,0.0706824,0.929318,50-54,Tasmania,Regional,Live with your partner only,0,2,2,Working part time,Paying off a mortgage,"A smaller, freestanding house (e.g. single story and 3 or less bedrooms)"
0,2950,4385,0.571989,1,0.793892,0.206108,0.206108,65+,Queensland,Regional,Live alone,0,1,0,Retired,Own your home outright,"A smaller, freestanding house (e.g. single story and 3 or less bedrooms)"
0,623,5158,0.69055,0,0.912142,0.0878577,0.0878577,30-34,South Australia,Metro,Live with your partner with children/other family members in the household,2,2,2,Working full time,Paying off a mortgage,"A smaller, freestanding house (e.g. single story and 3 or less bedrooms)"
0,936,4817,1.64187,0,0.890778,0.109222,0.109222,40-44,Queensland,Regional,Live with your partner with children/other family members in the household,3,2,2,Working full time,Paying off a mortgage,"A larger, free-standing house (e.g. double story or 4+ bedrooms)"
0,3338,5073,0.432832,0,0.882903,0.117097,0.117097,30-34,South Australia,Metro,Live with your partner only,0,2,2,Working full time,Renting,"A smaller, freestanding house (e.g. single story and 3 or less bedrooms)"
0,3744,2526,1.92605,0,0.847357,0.152643,0.152643,65+,New South Wales,Regional,Live alone,0,1,0,Working full time,Paying off a mortgage,"A larger, free-standing house (e.g. double story or 4+ bedrooms)"
0,3253,2325,0.710001,0,0.894802,0.105198,0.105198,40-44,New South Wales,Regional,Live with your partner only,0,2,1,Working casually,Own your home outright,A rural property or farm
1,2666,3030,0.736715,0,0.889747,0.110253,0.889747,45-49,Victoria,Metro,Live with your partner with children/other family members in the household,2,4,2,Working full time,Paying off a mortgage,"A larger, free-standing house (e.g. double story or 4+ bedrooms)"
0,808,3136,0.514351,0,0.861354,0.138646,0.138646,40-44,Victoria,Regional,Live with your partner with children/other family members in the household,2,2,2,Working part time,Paying off a mortgage,"A smaller, freestanding house (e.g. single story and 3 or less bedrooms)"
0,2699,4074,1.42064,0,0.898448,0.101552,0.101552,65+,Queensland,Metro,Live with your partner only,0,2,0,Retired,Own your home outright,"A smaller, freestanding house (e.g. single story and 3 or less bedrooms)"
0,2033,3318,1.06226,0,0.859146,0.140854,0.140854,50-54,Victoria,Regional,Live with your partner with children/other family members in the household,1,2,2,Working full time,Paying off a mortgage,A rural property or farm
0,950,7010,0.14366,0,0.897385,0.102615,0.102615,50-59,Tasmania,Regional,You are single with children/other family members in the household,0,3,2,Working full time,Paying off a mortgage,"A smaller, freestanding house (e.g. single story and 3 or less bedrooms)"
0,351,6058,0.750203,0,0.966806,0.0331939,0.0331939,45-49,Western Australia,Metro,Live with your partner only,0,2,2,Working full time,Paying off a mortgage,"A larger, free-standing house (e.g. double story or 4+ bedrooms)"
0,1212,6050,0.409584,0,0.898515,0.101485,0.101485,18-24,Western Australia,Metro,You live in a share house (i.e. with friends/housemates),0,2,2,Working full time,Renting,An apartment or unit
0,446,3053,1.0555,1,0.746499,0.253501,0.253501,18-24,Victoria,Metro,Live alone,0,1,1,Full-time student,Renting,An apartment or unit
1,946,3018,2.25877,1,0.669421,0.330579,0.669421,25-29,Victoria,Metro,You live in a share house (i.e. with friends/housemates),0,3,1,Working casually,Renting,"A smaller, freestanding house (e.g. single story and 3 or less bedrooms)"
0,586,2913,0.422888,0,0.925795,0.0742047,0.0742047,35-39,ACT,Regional,Live alone,0,1,1,Working full time,Paying off a mortgage,An apartment or unit
1,2083,5113,0.572511,1,0.362073,0.637927,0.362073,50-59,South Australia,Metro,You are single with children/other family members in the household,0,2,0,Unemployed,Renting,"A smaller, freestanding house (e.g. single story and 3 or less bedrooms)"
0,1770,2456,0.636827,0,0.921814,0.0781864,0.0781864,30-34,New South Wales,Regional,Live with your partner with children/other family members in the household,1,4,3,Working full time,Paying off a mortgage,"A larger, free-standing house (e.g. double story or 4+ bedrooms)"
0,3108,2035,1.58384,0,0.926786,0.0732143,0.0732143,65+,New South Wales,Metro,Live with your partner only,0,2,0,Retired,Own your home outright,"A semi-detached house (e.g. terraces, townhouse, duplex)"
1,2683,4280,1.64004,0,0.867917,0.132083,0.867917,60-64,Queensland,Metro,Live with your partner only,0,2,0,Retired,Paying off a mortgage,"A larger, free-standing house (e.g. double story or 4+ bedrooms)"
1,3187,4878,0.99422,0,0.88925,0.11075,0.88925,60-64,Queensland,Regional,Live with your partner only,0,2,0,Retired,Paying off a mortgage,"A semi-detached house (e.g. terraces, townhouse, duplex)"
0,2356,2750,2.2238,0,0.969863,0.0301371,0.0301371,65+,New South Wales,Metro,Live with your partner only,0,2,2,Working full time,Own your home outright,"A semi-detached house (e.g. terraces, townhouse, duplex)"
0,2047,4700,0.987058,1,0.766233,0.233767,0.233767,25-29,Queensland,Regional,Live with your partner only,2,2,1,Working part time,Renting,An apartment or unit
0,2780,5039,0.648447,1,0.693699,0.306301,0.306301,65+,South Australia,Regional,Live with your partner only,0,2,0,Retired,Renting,"A smaller, freestanding house (e.g. single story and 3 or less bedrooms)"
1,1766,4504,2.56366,1,0.749841,0.250159,0.749841,45-49,Queensland,Metro,You are single with children/other family members in the household,1,2,1,Working full time,Renting,"A semi-detached house (e.g. terraces, townhouse, duplex)"
0,600,6065,0.882795,1,0.686044,0.313956,0.313956,65+,Western Australia,Metro,You are single with children/other family members in the household,0,2,1,Retired,Renting,"A larger, free-standing house (e.g. double story or 4+ bedrooms)"
0,2606,4573,0.891606,0,0.886558,0.113442,0.113442,35-39,Queensland,Regional,Live with your partner only,0,2,0,Working full time,Paying off a mortgage,A rural property or farm
0,2771,2754,2.2238,0,0.86804,0.13196,0.13196,65+,New South Wales,Metro,Live with your partner only,0,2,0,Retired,Paying off a mortgage,"A smaller, freestanding house (e.g. single story and 3 or less bedrooms)"
1,2286,6111,0.261195,0,0.928429,0.071571,0.928429,65+,Western Australia,Metro,Live with your partner only,0,2,1,Retired,Paying off a mortgage,"A larger, free-standing house (e.g. double story or 4+ bedrooms)"
1,107,3160,1.35932,1,0.718324,0.281676,0.718324,50-59,Victoria,Metro,Live alone,0,1,1,Working full time,Renting,"A smaller, freestanding house (e.g. single story and 3 or less bedrooms)"
0,1862,6018,0.288076,0,0.941779,0.0582209,0.0582209,50-59,Western Australia,Metro,Live with your partner with children/other family members in the household,1,2,2,Working full time,Paying off a mortgage,"A smaller, freestanding house (e.g. single story and 3 or less bedrooms)"
0,1175,810,0.276618,0,0.851021,0.148979,0.148979,30-34,NT,Regional,Live with your partner only,0,2,2,Working full time,Renting,"A larger, free-standing house (e.g. double story or 4+ bedrooms)"
0,2046,4556,0.890397,0,0.903016,0.0969843,0.0969843,50-54,Queensland,Regional,Live with your partner only,0,2,2,Working part time,Paying off a mortgage,"A larger, free-standing house (e.g. double story or 4+ bedrooms)"
0,4106,6630,0.214405,0,0.952746,0.0472537,0.0472537,40-44,Western Australia,Metro,Live with your partner with children/other family members in the household,1,2,2,Working full time,Paying off a mortgage,"A smaller, freestanding house (e.g. single story and 3 or less bedrooms)"
0,1267,6210,0.520739,0,0.895592,0.104408,0.104408,25-29,Western Australia,Metro,Live with your partner only,0,2,2,Working part time,Renting,"A larger, free-standing house (e.g. double story or 4+ bedrooms)"
1,444,2018,1.05818,1,0.624685,0.375315,0.624685,30-34,New South Wales,Metro,Live with your partner with children/other family members in the household,1,2,1,Unemployed,Renting,An apartment or unit
0,684,2611,0.853006,0,0.912429,0.087571,0.087571,45-49,ACT,Regional,Live with your partner with children/other family members in the household,3,2,2,Working full time,Paying off a mortgage,"A larger, free-standing house (e.g. double story or 4+ bedrooms)"
1,2512,5608,0.527634,1,0.541526,0.458474,0.541526,50-59,South Australia,Regional,You are single with children/other family members in the household,0,2,1,Working casually,Renting,Other (specify)
0,3875,4220,0.891606,1,0.607132,0.392868,0.392868,40-44,Queensland,Regional,You are single with children/other family members in the household,2,1,1,Working part time,Renting,An apartment or unit
0,3096,4814,0.792721,0,0.885186,0.114814,0.114814,65+,Queensland,Regional,Live with your partner with children/other family members in the household,0,3,1,Retired,Own your home outright,"A larger, free-standing house (e.g. double story or 4+ bedrooms)"
0,2490,3155,0.507472,0,0.890663,0.109337,0.109337,60-64,Victoria,Metro,Live alone,0,1,1,Working full time,Own your home outright,"A smaller, freestanding house (e.g. single story and 3 or less bedrooms)"
1,4155,4715,0.211708,0,0.92987,0.0701301,0.92987,18-24,Queensland,Regional,Live with your partner only,0,2,2,Working casually,Paying off a mortgage,"A smaller, freestanding house (e.g. single story and 3 or less bedrooms)"
0,1363,3435,0.630897,0,0.963897,0.0361025,0.0361025,18-24,Victoria,Regional,Live with your partner only,0,2,2,Working full time,Own your home outright,"A smaller, freestanding house (e.g. single story and 3 or less bedrooms)"
0,1825,5350,0.453729,0,0.945257,0.0547431,0.0547431,50-59,South Australia,Metro,Live with your partner with children/other family members in the household,0,5,5,Working full time,Paying off a mortgage,"A larger, free-standing house (e.g. double story or 4+ bedrooms)"
1,3678,5063,0.432832,0,0.945019,0.0549812,0.945019,30-34,South Australia,Metro,Live with your partner with children/other family members in the household,1,2,2,Working full time,Own your home outright,"A smaller, freestanding house (e.g. single story and 3 or less bedrooms)"
0,4228,2560,0.771065,0,0.80157,0.19843,0.19843,30-34,New South Wales,Metro,Live alone,0,1,1,Working full time,Renting,An apartment or unit
0,802,2222,1.05818,1,0.762529,0.237471,0.237471,25-29,New South Wales,Metro,Other (please specify),0,2,2,Working casually,Renting,Other (specify)
0,3011,3121,1.09588,0,0.877824,0.122176,0.122176,30-34,Victoria,Metro,Live with your partner only,0,2,0,Working full time,Renting,An apartment or unit
0,3831,5039,0.766939,1,0.799974,0.200026,0.200026,50-54,South Australia,Metro,Live with your partner with children/other family members in the household,1,2,2,Working full time,Renting,"A larger, free-standing house (e.g. double story or 4+ bedrooms)"
1,2131,5074,0.572511,1,0.45362,0.54638,0.45362,60-64,South Australia,Metro,You live in a share house (i.e. with friends/housemates),0,2,0,Full time home / parent duties,Renting,"A larger, free-standing house (e.g. double story or 4+ bedrooms)"
0,588,3152,0.507472,0,0.91861,0.0813901,0.0813901,50-54,Victoria,Metro,Live with your partner with children/other family members in the household,1,3,3,Working full time,Paying off a mortgage,"A larger, free-standing house (e.g. double story or 4+ bedrooms)"
0,3259,4670,0.792721,1,0.782665,0.217335,0.217335,65+,Queensland,Regional,Live with your partner with children/other family members in the household,1,3,0,Retired,Paying off a mortgage,"A smaller, freestanding house (e.g. single story and 3 or less bedrooms)"
0,1314,7250,0.20514,0,0.927701,0.0722991,0.0722991,25-29,Tasmania,Regional,Live with your partner with children/other family members in the household,0,2,2,Working full time,Renting,An apartment or unit
1,2336,6038,0.892337,1,0.698199,0.301801,0.698199,50-59,Western Australia,Metro,Live with your partner only,0,2,1,Unemployed,Renting,"A smaller, freestanding house (e.g. single story and 3 or less bedrooms)"
1,1225,6104,0.596015,0,0.894638,0.105362,0.894638,25-29,Western Australia,Metro,Live with your partner only,0,2,2,Working casually,Renting,"A larger, free-standing house (e.g. double story or 4+ bedrooms)"
0,3430,4020,0.814692,0,0.912403,0.0875968,0.0875968,60-64,Queensland,Metro,Live with your partner only,0,2,0,Retired,Own your home outright,An apartment or unit
0,341,6210,0.961192,0,0.938864,0.0611365,0.0611365,18-24,Western Australia,Metro,You are single with children/other family members in the household,0,5,5,Working casually,Other (please specify),"A smaller, freestanding house (e.g. single story and 3 or less bedrooms)"
0,3289,5073,0.430428,0,0.88978,0.11022,0.11022,25-29,South Australia,Metro,Live with your partner only,0,2,2,Working full time,Renting,"A smaller, freestanding house (e.g. single story and 3 or less bedrooms)"
0,2255,3165,1.0555,0,0.908662,0.0913377,0.0913377,18-24,Victoria,Metro,Live with your partner with children/other family members in the household,0,2,2,Working full time,Renting,An apartment or unit
0,3170,2615,1.42929,0,0.944324,0.0556758,0.0556758,45-49,ACT,Regional,Live with your partner with children/other family members in the household,1,2,2,Working full time,Paying off a mortgage,"A larger, free-standing house (e.g. double story or 4+ bedrooms)"
0,3294,3149,1.16796,0,0.837678,0.162322,0.162322,65+,Victoria,Metro,Live alone,0,3,2,Retired,Own your home outright,"A larger, free-standing house (e.g. double story or 4+ bedrooms)"
0,890,2205,0.601687,0,0.958401,0.0415993,0.0415993,35-39,New South Wales,Metro,Live with your partner only,0,2,2,Working full time,Paying off a mortgage,An apartment or unit
0,2396,6210,0.7072,0,0.920188,0.079812,0.079812,60-64,Western Australia,Metro,Live with your partner only,0,2,1,Retired,Paying off a mortgage,"A larger, free-standing house (e.g. double story or 4+ bedrooms)"
0,2434,2614,0.508065,0,0.920574,0.0794257,0.0794257,40-44,ACT,Regional,Live with your partner with children/other family members in the household,2,4,2,Working full time,Paying off a mortgage,"A larger, free-standing house (e.g. double story or 4+ bedrooms)"
1,407,2008,1.99848,0,0.926786,0.0732143,0.926786,65+,New South Wales,Metro,Live with your partner only,0,2,0,Retired,Own your home outright,"A semi-detached house (e.g. terraces, townhouse, duplex)"
0,525,5038,0.556538,1,0.692387,0.307613,0.307613,65+,South Australia,Metro,Live alone,0,1,0,Unemployed,Own your home outright,"A smaller, freestanding house (e.g. single story and 3 or less bedrooms)"
0,2375,2155,1.07982,0,0.923528,0.0764716,0.0764716,40-44,New South Wales,Metro,Live with your partner with children/other family members in the household,1,2,2,Working part time,Own your home outright,"A larger, free-standing house (e.g. double story or 4+ bedrooms)"
1,2835,2150,1.81295,0,0.9083,0.0917004,0.9083,35-39,New South Wales,Metro,Live with your partner with children/other family members in the household,2,2,2,Working full time,Paying off a mortgage,"A larger, free-standing house (e.g. double story or 4+ bedrooms)"
0,1944,2460,2.59409,0,0.909815,0.0901845,0.0901845,65+,New South Wales,Regional,Live alone,0,1,0,Retired,Other (please specify),"A mobile home, such as a caravan, motorhome or camper trailer"
0,3719,2067,0.992742,0,0.846385,0.153615,0.153615,65+,New South Wales,Metro,Live alone,0,1,0,Retired,Own your home outright,An apartment or unit
0,3599,5000,0.380977,0,0.896442,0.103558,0.103558,50-59,South Australia,Metro,Live alone,0,1,1,Working full time,Paying off a mortgage,An apartment or unit
0,3639,4011,0.485244,0,0.827187,0.172813,0.172813,50-59,Queensland,Metro,You live in a share house (i.e. with friends/housemates),0,2,2,Working full time,Renting,"A semi-detached house (e.g. terraces, townhouse, duplex)"
0,3924,5162,0.766939,0,0.885925,0.114075,0.114075,50-54,South Australia,Metro,Other (please specify),1,2,2,Working full time,Paying off a mortgage,"A smaller, freestanding house (e.g. single story and 3 or less bedrooms)"
0,3171,3042,0.507472,0,0.941225,0.0587752,0.0587752,50-59,Victoria,Metro,Live with your partner with children/other family members in the household,0,3,2,Working full time,Own your home outright,"A smaller, freestanding house (e.g. single story and 3 or less bedrooms)"
0,1381,4122,0.485244,0,0.902039,0.0979608,0.0979608,50-54,Queensland,Metro,Live with your partner with children/other family members in the household,1,4,3,Working full time,Paying off a mortgage,"A smaller, freestanding house (e.g. single story and 3 or less bedrooms)"
0,4369,2043,1.91316,0,0.818925,0.181075,0.181075,30-34,New South Wales,Metro,Live alone,0,1,1,Working full time,Renting,"A semi-detached house (e.g. terraces, townhouse, duplex)"
0,2219,5032,0.380977,0,0.942568,0.0574322,0.0574322,50-59,South Australia,Metro,Live with your partner with children/other family members in the household,0,4,4,Working full time,Paying off a mortgage,"A larger, free-standing house (e.g. double story or 4+ bedrooms)"
0,51,5082,0.69055,0,0.935822,0.0641784,0.0641784,25-29,South Australia,Metro,You are single with children/other family members in the household,0,3,3,Working full time,Other (please specify),"A larger, free-standing house (e.g. double story or 4+ bedrooms)"
0,4343,2121,1.38634,0,0.911057,0.0889428,0.0889428,35-39,New South Wales,Metro,Live alone,0,1,0,Working full time,Own your home outright,An apartment or unit
0,3887,3028,2.48997,1,0.793942,0.206058,0.206058,35-39,Victoria,Metro,Live with your partner with children/other family members in the household,1,2,1,Working full time,Renting,"A smaller, freestanding house (e.g. single story and 3 or less bedrooms)"
0,3876,2620,1.63819,0,0.822391,0.177609,0.177609,60-64,New South Wales,Regional,You live in a share house (i.e. with friends/housemates),0,2,0,Retired,Own your home outright,An apartment or unit
0,1062,7011,0.330058,1,0.634194,0.365806,0.365806,65+,Tasmania,Regional,Live alone,0,1,0,Retired,Renting,"A smaller, freestanding house (e.g. single story and 3 or less bedrooms)"
0,743,3175,2.55408,0,0.941842,0.0581576,0.0581576,60-64,Victoria,Regional,Live with your partner only,0,2,1,Working full time,Own your home outright,"A larger, free-standing house (e.g. double story or 4+ bedrooms)"
0,1982,3084,1.47372,0,0.897882,0.102118,0.102118,65+,Victoria,Metro,Live with your partner only,0,2,1,Retired,Paying off a mortgage,"A larger, free-standing house (e.g. double story or 4+ bedrooms)"
1,242,2168,0.657961,0,0.881294,0.118706,0.881294,65+,New South Wales,Metro,Live with your partner with children/other family members in the household,0,4,3,Retired,Paying off a mortgage,"A smaller, freestanding house (e.g. single story and 3 or less bedrooms)"
0,1853,7018,0.404439,0,0.919562,0.0804381,0.0804381,40-44,Tasmania,Regional,Live alone,0,1,1,Working full time,Paying off a mortgage,"A smaller, freestanding house (e.g. single story and 3 or less bedrooms)"
0,1284,3181,1.35932,1,0.662022,0.337978,0.337978,50-54,Victoria,Metro,Live alone,0,1,1,Working casually,Renting,An apartment or unit
0,902,6239,0.198625,0,0.96036,0.0396398,0.0396398,25-29,Western Australia,Regional,Live with your partner with children/other family members in the household,0,3,3,Working full time,Other (please specify),A rural property or farm
0,4231,3690,0.878514,1,0.415898,0.584102,0.584102,60-64,Victoria,Regional,Live alone,0,1,0,Unemployed,Renting,An apartment or unit
0,1837,5608,0.350764,0,0.904291,0.0957086,0.0957086,60-64,South Australia,Regional,Live with your partner only,0,2,0,Unemployed,Own your home outright,"A mobile home, such as a caravan, motorhome or camper trailer"
0,805,4101,0.181793,0,0.946334,0.053666,0.053666,30-34,Queensland,Metro,Live with your partner with children/other family members in the household,1,2,2,Working full time,Own your home outright,"A smaller, freestanding house (e.g. single story and 3 or less bedrooms)"
0,457,7250,0.64525,0,0.955333,0.0446673,0.0446673,40-44,Tasmania,Regional,Live with your partner with children/other family members in the household,1,3,3,Working full time,Paying off a mortgage,"A larger, free-standing house (e.g. double story or 4+ bedrooms)"
0,1403,2260,1.66895,0,0.87694,0.12306,0.12306,18-24,New South Wales,Metro,Live with your partner only,0,2,1,Working full time,Renting,"A smaller, freestanding house (e.g. single story and 3 or less bedrooms)"
0,4013,3941,1.02775,1,0.60696,0.39304,0.39304,35-39,Victoria,Metro,You live in a share house (i.e. with friends/housemates),0,3,0,Working part time,Renting,"A larger, free-standing house (e.g. double story or 4+ bedrooms)"
0,1909,2067,0.728885,0,0.829846,0.170154,0.170154,25-29,New South Wales,Regional,You live in a share house (i.e. with friends/housemates),0,2,2,Working full time,Renting,An apartment or unit
0,1301,2454,0.305177,0,0.890379,0.109621,0.109621,25-29,New South Wales,Regional,You are single with children/other family members in the household,0,4,4,Working part time,Other (please specify),"A smaller, freestanding house (e.g. single story and 3 or less bedrooms)"
0,1241,4511,1.21009,0,0.898448,0.101552,0.101552,65+,Queensland,Metro,Live with your partner only,0,2,0,Retired,Own your home outright,"A smaller, freestanding house (e.g. single story and 3 or less bedrooms)"
0,2601,3152,0.545653,0,0.96169,0.0383096,0.0383096,25-29,Victoria,Regional,Live with your partner only,0,2,2,Working full time,Own your home outright,"A smaller, freestanding house (e.g. single story and 3 or less bedrooms)"
0,4287,2147,1.38634,0,0.926674,0.0733265,0.0733265,35-39,New South Wales,Metro,Live with your partner with children/other family members in the household,1,2,2,Working full time,Paying off a mortgage,"A larger, free-standing house (e.g. double story or 4+ bedrooms)"
0,2924,6107,0.28439,0,0.958442,0.0415577,0.0415577,18-24,Western Australia,Metro,Live with your partner with children/other family members in the household,1,3,3,Working part time,Paying off a mortgage,"A semi-detached house (e.g. terraces, townhouse, duplex)"
0,1503,4014,1.1259,0,0.916499,0.0835011,0.0835011,65+,Queensland,Metro,Live with your partner with children/other family members in the household,0,3,3,Working part time,Paying off a mortgage,"A larger, free-standing house (e.g. double story or 4+ bedrooms)"
0,3172,2604,0.418811,0,0.973528,0.0264721,0.0264721,25-29,ACT,Regional,Live with your partner only,0,2,2,Working full time,Paying off a mortgage,An apartment or unit
0,4412,5109,0.596706,0,0.885117,0.114883,0.114883,65+,South Australia,Regional,Live with your partner only,0,2,0,Retired,Own your home outright,"A smaller, freestanding house (e.g. single story and 3 or less bedrooms)"
0,263,3212,0.634345,1,0.783537,0.216463,0.216463,30-34,Victoria,Regional,Live with your partner with children/other family members in the household,2,2,2,Working full time,Renting,"A smaller, freestanding house (e.g. single story and 3 or less bedrooms)"
0,3954,2612,0.710001,0,0.826352,0.173648,0.173648,35-39,ACT,Regional,Live alone,0,1,1,Working full time,Renting,An apartment or unit
0,4212,6064,0.994483,0,0.930226,0.0697744,0.0697744,40-44,Western Australia,Metro,Live alone,0,1,1,Working full time,Paying off a mortgage,"A larger, free-standing house (e.g. double story or 4+ bedrooms)"
1,288,4868,1.53213,1,0.531013,0.468987,0.531013,65+,Queensland,Regional,Live alone,0,1,0,Retired,Renting,"A smaller, freestanding house (e.g. single story and 3 or less bedrooms)"
0,1231,5251,0.596706,0,0.855858,0.144142,0.144142,65+,South Australia,Regional,Live with your partner only,0,2,0,Retired,Paying off a mortgage,"A smaller, freestanding house (e.g. single story and 3 or less bedrooms)"
1,3264,4161,1.09116,1,0.374915,0.625085,0.374915,60-64,Queensland,Metro,Live with your partner with children/other family members in the household,3,3,0,Full time home / parent duties,Renting,"A larger, free-standing house (e.g. double story or 4+ bedrooms)"
0,543,2478,2.06705,0,0.873534,0.126466,0.126466,50-54,New South Wales,Regional,Live alone,0,1,1,Working full time,Paying off a mortgage,An apartment or unit
0,1989,2145,1.91316,0,0.914232,0.085768,0.085768,25-29,New South Wales,Metro,Live with your partner with children/other family members in the household,0,3,3,Working full time,Renting,"A semi-detached house (e.g. terraces, townhouse, duplex)"
1,4341,886,0.388147,1,0.29572,0.70428,0.29572,30-34,NT,Regional,You are single with children/other family members in the household,2,1,0,Full time home / parent duties,Renting,"A smaller, freestanding house (e.g. single story and 3 or less bedrooms)"
0,141,5253,0.16846,0,0.852591,0.147409,0.147409,25-29,South Australia,Regional,Live with your partner with children/other family members in the household,1,2,0,Working part time,Paying off a mortgage,"A smaller, freestanding house (e.g. single story and 3 or less bedrooms)"
0,3860,2750,2.44057,1,0.667722,0.332278,0.332278,50-59,New South Wales,Metro,Live with your partner only,0,2,1,Unemployed,Renting,An apartment or unit
0,2303,7249,0.342719,0,0.909147,0.0908529,0.0908529,50-54,Tasmania,Regional,Live with your partner with children/other family members in the household,3,4,4,Working full time,Paying off a mortgage,"A larger, free-standing house (e.g. double story or 4+ bedrooms)"
0,672,4509,2.03176,1,0.660957,0.339043,0.339043,35-39,Queensland,Metro,Live with your partner with children/other family members in the household,4,2,1,Full time home / parent duties,Paying off a mortgage,"A larger, free-standing house (e.g. double story or 4+ bedrooms)"
1,2961,2011,0.569867,1,0.559019,0.440981,0.559019,65+,New South Wales,Regional,Live alone,0,1,0,Working part time,Renting,"A smaller, freestanding house (e.g. single story and 3 or less bedrooms)"
0,804,5037,0.211508,0,0.939491,0.0605092,0.0605092,40-44,South Australia,Metro,Live with your partner with children/other family members in the household,2,2,2,Working full time,Paying off a mortgage,"A semi-detached house (e.g. terraces, townhouse, duplex)"
0,2723,3018,1.71517,0,0.881803,0.118197,0.118197,50-59,Victoria,Metro,Live alone,0,1,1,Working part time,Own your home outright,An apartment or unit
1,2318,5113,0.403664,1,0.716287,0.283713,0.716287,35-39,South Australia,Metro,Live with your partner with children/other family members in the household,3,1,1,Working part time,Renting,"A semi-detached house (e.g. terraces, townhouse, duplex)"
0,49,830,0.191858,0,0.91513,0.0848697,0.0848697,65+,NT,Regional,Live with your partner only,0,2,2,Working part time,Own your home outright,"A larger, free-standing house (e.g. double story or 4+ bedrooms)"
0,4216,5085,0.226916,0,0.937565,0.0624354,0.0624354,60-64,South Australia,Metro,Live with your partner only,0,2,2,Working full time,Paying off a mortgage,"A smaller, freestanding house (e.g. single story and 3 or less bedrooms)"
0,4375,2761,2.89241,1,0.798085,0.201915,0.201915,40-44,New South Wales,Metro,Live with your partner with children/other family members in the household,2,2,2,Working full time,Renting,"A smaller, freestanding house (e.g. single story and 3 or less bedrooms)"
0,2091,3336,0.514351,0,0.876798,0.123202,0.123202,35-39,Victoria,Regional,Live alone,0,1,1,Working full time,Paying off a mortgage,"A larger, free-standing house (e.g. double story or 4+ bedrooms)"
0,1157,5115,0.6735,1,0.566598,0.433402,0.433402,65+,South Australia,Metro,You live in a share house (i.e. with friends/housemates),0,2,0,Retired,Renting,"A smaller, freestanding house (e.g. single story and 3 or less bedrooms)"
0,3386,4129,1.21009,0,0.827934,0.172066,0.172066,65+,Queensland,Metro,You are single with children/other family members in the household,2,1,1,Retired,Own your home outright,"A semi-detached house (e.g. terraces, townhouse, duplex)"
1,939,3046,0.668307,0,0.869218,0.130782,0.869218,25-29,Victoria,Metro,You live in a share house (i.e. with friends/housemates),0,3,3,Working full time,Renting,"A semi-detached house (e.g. terraces, townhouse, duplex)"
0,3863,5126,0.644014,0,0.890655,0.109345,0.109345,40-44,South Australia,Metro,Live alone,0,1,1,Working full time,Paying off a mortgage,"A smaller, freestanding house (e.g. single story and 3 or less bedrooms)"
0,2662,4573,0.815597,0,0.854857,0.145143,0.145143,45-49,Queensland,Regional,Live with your partner with children/other family members in the household,1,2,1,Working casually,Paying off a mortgage,"A smaller, freestanding house (e.g. single story and 3 or less bedrooms)"
0,1375,4036,0.358032,0,0.935292,0.0647082,0.0647082,65+,Queensland,Metro,Live with your partner only,0,2,2,Working casually,Own your home outright,"A smaller, freestanding house (e.g. single story and 3 or less bedrooms)"
0,3859,4017,1.2735,0,0.897524,0.102476,0.102476,45-49,Queensland,Metro,Live with your partner with children/other family members in the household,2,2,2,Working part time,Own your home outright,"A larger, free-standing house (e.g. double story or 4+ bedrooms)"
1,1172,4069,1.0604,0,0.830528,0.169472,0.830528,18-24,Queensland,Metro,Live alone,0,1,0,Full-time student,Paying off a mortgage,"A smaller, freestanding house (e.g. single story and 3 or less bedrooms)"
0,614,3167,1.8399,0,0.911168,0.0888323,0.0888323,25-29,Victoria,Metro,You live in a share house (i.e. with friends/housemates),0,2,2,Full-time student,Paying off a mortgage,"A semi-detached house (e.g. terraces, townhouse, duplex)"
1,987,3660,0.345498,1,0.627939,0.372061,0.627939,18-24,Victoria,Regional,Live with your partner with children/other family members in the household,2,2,1,Full time home / parent duties,Renting,An apartment or unit
0,4586,2614,1.3609,0,0.943656,0.0563438,0.0563438,35-39,ACT,Regional,Live with your partner with children/other family members in the household,1,2,2,Working full time,Paying off a mortgage,"A larger, free-standing house (e.g. double story or 4+ bedrooms)"
0,3469,2444,1.02681,0,0.826878,0.173122,0.173122,50-54,New South Wales,Regional,Live with your partner with children/other family members in the household,3,2,1,Working full time,Paying off a mortgage,"A larger, free-standing house (e.g. double story or 4+ bedrooms)"
0,821,2120,0.591294,0,0.892766,0.107234,0.107234,65+,New South Wales,Metro,Live with your partner with children/other family members in the household,0,3,1,Retired,Own your home outright,"A larger, free-standing house (e.g. double story or 4+ bedrooms)"
0,3710,3167,1.06226,1,0.795095,0.204905,0.204905,50-54,Victoria,Regional,You are single with children/other family members in the household,2,2,2,Working full time,Paying off a mortgage,"A larger, free-standing house (e.g. double story or 4+ bedrooms)"
0,355,3630,0.64984,0,0.877592,0.122408,0.122408,35-39,Victoria,Regional,Live with your partner with children/other family members in the household,3,2,2,Working full time,Paying off a mortgage,"A larger, free-standing house (e.g. double story or 4+ bedrooms)"
0,4487,2611,1.63819,0,0.949921,0.0500791,0.0500791,50-59,ACT,Regional,Live with your partner only,0,2,2,Working casually,Own your home outright,"A larger, free-standing house (e.g. double story or 4+ bedrooms)"
1,1128,4109,1.69956,0,0.911242,0.0887575,0.911242,35-39,Queensland,Metro,Live with your partner with children/other family members in the household,2,2,2,Working full time,Paying off a mortgage,"A larger, free-standing house (e.g. double story or 4+ bedrooms)"
0,3630,5116,0.262102,1,0.718676,0.281324,0.281324,50-54,South Australia,Regional,Live with your partner with children/other family members in the household,1,3,1,Full time home / parent duties,Paying off a mortgage,"A larger, free-standing house (e.g. double story or 4+ bedrooms)"
0,3957,2134,0.992742,0,0.921542,0.0784581,0.0784581,65+,New South Wales,Metro,Live alone,0,1,1,Working full time,Own your home outright,An apartment or unit
0,1838,2031,2.56288,1,0.740367,0.259633,0.259633,50-54,New South Wales,Metro,Other (please specify),0,2,0,Other,Own your home outright,An apartment or unit
0,845,3337,0.700638,0,0.869223,0.130777,0.130777,35-39,Victoria,Metro,Live with your partner with children/other family members in the household,2,2,2,Working part time,Paying off a mortgage,"A larger, free-standing house (e.g. double story or 4+ bedrooms)"
0,647,2430,2.59409,1,0.691516,0.308484,0.308484,65+,New South Wales,Regional,Live with your partner only,0,2,0,Retired,Renting,"A smaller, freestanding house (e.g. single story and 3 or less bedrooms)"
0,2210,2024,1.91316,0,0.925024,0.0749757,0.0749757,25-29,New South Wales,Metro,Live alone,0,1,0,Working full time,Own your home outright,An apartment or unit
1,3346,7467,0.485547,0,0.960664,0.0393361,0.960664,50-59,Tasmania,Regional,Live with your partner only,0,2,1,Working full time,Own your home outright,"A smaller, freestanding house (e.g. single story and 3 or less bedrooms)"
0,486,5162,0.766939,1,0.676306,0.323694,0.323694,60-64,South Australia,Metro,Live with your partner with children/other family members in the household,1,2,1,Working part time,Renting,"A smaller, freestanding house (e.g. single story and 3 or less bedrooms)"
0,310,5070,0.430428,1,0.78853,0.21147,0.21147,25-29,South Australia,Metro,You live in a share house (i.e. with friends/housemates),0,3,3,Working casually,Renting,An apartment or unit
1,2998,6233,0.258078,1,0.799407,0.200593,0.799407,35-39,Western Australia,Regional,Live with your partner with children/other family members in the household,2,2,3,Working part time,Renting,"A larger, free-standing house (e.g. double story or 4+ bedrooms)"
0,2397,4101,1.2735,1,0.483243,0.516757,0.516757,35-39,Queensland,Metro,Live alone,0,1,0,Unemployed,Renting,An apartment or unit
0,69,7253,0.752917,0,0.901272,0.0987278,0.0987278,65+,Tasmania,Regional,Live with your partner with children/other family members in the household,0,3,0,Retired,Own your home outright,"A smaller, freestanding house (e.g. single story and 3 or less bedrooms)"
0,3892,3038,1.15229,0,0.895142,0.104858,0.104858,18-24,Victoria,Regional,Live alone,3,1,3,Working full time,Other (please specify),"A larger, free-standing house (e.g. double story or 4+ bedrooms)"
0,2926,7026,0.485547,0,0.966097,0.0339029,0.0339029,50-54,Tasmania,Regional,Live with your partner only,0,2,2,Working full time,Own your home outright,"A larger, free-standing house (e.g. double story or 4+ bedrooms)"
0,3740,6367,1.04131,0,0.964765,0.0352347,0.0352347,50-54,Western Australia,Regional,Live with your partner only,0,2,2,Working full time,Own your home outright,"A larger, free-standing house (e.g. double story or 4+ bedrooms)"
0,2394,5159,0.16939,0,0.916886,0.0831141,0.0831141,50-54,South Australia,Metro,Live with your partner with children/other family members in the household,1,3,3,Working full time,Paying off a mortgage,"A larger, free-standing house (e.g. double story or 4+ bedrooms)"
1,3535,5125,0.6735,1,0.717106,0.282894,0.717106,65+,South Australia,Metro,Live with your partner only,0,2,0,Retired,Renting,"A smaller, freestanding house (e.g. single story and 3 or less bedrooms)"
0,3750,6155,0.494009,0,0.941501,0.0584989,0.0584989,45-49,Western Australia,Metro,Live with your partner with children/other family members in the household,2,3,3,Working full time,Paying off a mortgage,"A larger, free-standing house (e.g. double story or 4+ bedrooms)"
0,104,2103,0.830332,0,0.938019,0.0619811,0.0619811,30-34,New South Wales,Metro,Live with your partner with children/other family members in the household,1,4,2,Working full time,Paying off a mortgage,"A semi-detached house (e.g. terraces, townhouse, duplex)"
0,2034,4036,1.06527,0,0.953382,0.0466184,0.0466184,40-44,Queensland,Metro,Live with your partner only,0,2,2,Working full time,Paying off a mortgage,"A smaller, freestanding house (e.g. single story and 3 or less bedrooms)"
0,2036,4352,0.531056,0,0.868805,0.131195,0.131195,40-44,Queensland,Regional,Live with your partner with children/other family members in the household,2,2,2,Working full time,Paying off a mortgage,A rural property or farm
0,1180,3012,0.381097,0,0.964025,0.035975,0.035975,30-34,Victoria,Regional,Live with your partner only,0,2,2,Working full time,Paying off a mortgage,"A semi-detached house (e.g. terraces, townhouse, duplex)"
0,3553,6164,0.260827,0,0.87079,0.12921,0.12921,25-29,Western Australia,Regional,You live in a share house (i.e. with friends/housemates),0,4,4,Working full time,Renting,"A larger, free-standing house (e.g. double story or 4+ bedrooms)"
0,1110,3355,1.11059,0,0.887419,0.112581,0.112581,65+,Victoria,Regional,Live with your partner only,0,2,0,Retired,Own your home outright,"A smaller, freestanding house (e.g. single story and 3 or less bedrooms)"
1,3045,7261,0.602702,0,0.890856,0.109144,0.890856,65+,Tasmania,Regional,Live alone,0,1,1,Working part time,Own your home outright,"A smaller, freestanding house (e.g. single story and 3 or less bedrooms)"
1,947,4210,0.592174,0,0.874163,0.125837,0.874163,50-54,Queensland,Regional,Live with your partner with children/other family members in the household,2,2,2,Working full time,Paying off a mortgage,"A smaller, freestanding house (e.g. single story and 3 or less bedrooms)"
0,1330,6210,0.862047,0,0.807316,0.192684,0.192684,40-44,Western Australia,Regional,Live alone,0,1,1,Working full time,Renting,"A smaller, freestanding house (e.g. single story and 3 or less bedrooms)"
0,1446,2024,1.7766,0,0.818925,0.181075,0.181075,30-34,New South Wales,Metro,Live alone,0,1,1,Working full time,Renting,"A semi-detached house (e.g. terraces, townhouse, duplex)"
0,3160,3280,1.42929,0,0.913205,0.0867955,0.0867955,35-39,ACT,Regional,Live with your partner only,0,2,0,Working part time,Paying off a mortgage,"A smaller, freestanding house (e.g. single story and 3 or less bedrooms)"
0,3125,4215,0.815597,0,0.923392,0.0766079,0.0766079,45-49,Queensland,Regional,Live with your partner with children/other family members in the household,2,2,2,Working full time,Own your home outright,"A larger, free-standing house (e.g. double story or 4+ bedrooms)"
0,509,2540,2.05588,1,0.733669,0.266331,0.266331,65+,New South Wales,Regional,Other (please specify),0,2,2,Working part time,Renting,"A larger, free-standing house (e.g. double story or 4+ bedrooms)"
0,2155,4217,1.42056,0,0.82783,0.17217,0.17217,50-59,Queensland,Regional,Live with your partner only,0,2,2,Working part time,Renting,An apartment or unit
0,2037,2567,2.89241,0,0.901328,0.0986716,0.0986716,35-39,New South Wales,Metro,Live with your partner with children/other family members in the household,2,2,2,Working full time,Paying off a mortgage,"A smaller, freestanding house (e.g. single story and 3 or less bedrooms)"
0,1873,3201,1.86637,0,0.911977,0.0880234,0.0880234,50-59,Victoria,Metro,Live with your partner with children/other family members in the household,0,3,3,Working part time,Paying off a mortgage,"A larger, free-standing house (e.g. double story or 4+ bedrooms)"
1,2707,2617,0.508065,0,0.90711,0.0928898,0.90711,35-39,ACT,Regional,Live with your partner only,0,2,1,Working full time,Renting,An apartment or unit
1,4477,2614,0.767519,0,0.89477,0.10523,0.89477,65+,ACT,Regional,Live with your partner with children/other family members in the household,0,3,1,Retired,Paying off a mortgage,"A larger, free-standing house (e.g. double story or 4+ bedrooms)"
0,476,4123,0.705705,0,0.904177,0.0958232,0.0958232,65+,Queensland,Metro,Live with your partner only,0,2,1,Working part time,Paying off a mortgage,"A smaller, freestanding house (e.g. single story and 3 or less bedrooms)"
0,2752,5000,0.432832,0,0.917911,0.0820887,0.0820887,30-34,South Australia,Metro,Live with your partner only,0,2,2,Working full time,Renting,"A semi-detached house (e.g. terraces, townhouse, duplex)"
0,2770,2759,3.64961,1,0.782867,0.217133,0.217133,40-44,New South Wales,Metro,Live with your partner with children/other family members in the household,1,3,1,Full time home / parent duties,Paying off a mortgage,"A smaller, freestanding house (e.g. single story and 3 or less bedrooms)"
0,1953,3000,1.0555,0,0.953304,0.0466957,0.0466957,18-24,Victoria,Metro,You live in a share house (i.e. with friends/housemates),0,2,2,Working full time,Own your home outright,An apartment or unit
0,1725,3350,1.74066,1,0.468589,0.531411,0.531411,35-39,Victoria,Regional,You live in a share house (i.e. with friends/housemates),0,2,0,Unemployed,Renting,An apartment or unit
0,1081,5158,0.566547,0,0.888669,0.111331,0.111331,40-44,South Australia,Metro,Live with your partner with children/other family members in the household,2,2,0,Working full time,Paying off a mortgage,"A larger, free-standing house (e.g. double story or 4+ bedrooms)"
0,2846,6151,0.506016,0,0.953623,0.0463765,0.0463765,65+,Western Australia,Metro,Live with your partner only,0,2,1,Retired,Own your home outright,An apartment or unit
0,1147,3216,0.863561,0,0.855873,0.144127,0.144127,35-39,Victoria,Regional,Live with your partner with children/other family members in the household,2,2,2,Working part time,Paying off a mortgage,"A larger, free-standing house (e.g. double story or 4+ bedrooms)"
0,521,6030,0.494009,1,0.796461,0.203539,0.203539,40-44,Western Australia,Metro,Live with your partner with children/other family members in the household,2,2,2,Working part time,Renting,"A smaller, freestanding house (e.g. single story and 3 or less bedrooms)"
0,3904,5422,0.808191,1,0.779325,0.220675,0.220675,60-64,South Australia,Regional,You live in a share house (i.e. with friends/housemates),0,2,0,Retired,Own your home outright,"A smaller, freestanding house (e.g. single story and 3 or less bedrooms)"
0,4495,812,0.4534,0,0.892835,0.107165,0.107165,45-49,NT,Regional,Live with your partner with children/other family members in the household,1,2,2,Working full time,Paying off a mortgage,"A smaller, freestanding house (e.g. single story and 3 or less bedrooms)"
1,3625,2850,1.92605,0,0.884071,0.115929,0.884071,65+,New South Wales,Regional,Live with your partner only,0,2,0,Retired,Own your home outright,"A smaller, freestanding house (e.g. single story and 3 or less bedrooms)"
0,2300,4036,2.44326,1,0.668728,0.331272,0.331272,18-24,Queensland,Metro,You live in a share house (i.e. with friends/housemates),1,3,2,Working casually,Renting,"A smaller, freestanding house (e.g. single story and 3 or less bedrooms)"
0,3984,3171,0.64984,0,0.948731,0.0512692,0.0512692,45-49,Victoria,Regional,Live with your partner with children/other family members in the household,1,3,2,Working full time,Own your home outright,"A semi-detached house (e.g. terraces, townhouse, duplex)"
0,4127,6057,0.788153,0,0.839164,0.160836,0.160836,35-39,Western Australia,Metro,You live in a share house (i.e. with friends/housemates),0,2,2,Working full time,Renting,"A smaller, freestanding house (e.g. single story and 3 or less bedrooms)"
0,3650,4551,1.42056,0,0.902969,0.0970313,0.0970313,60-64,Queensland,Regional,Live with your partner only,0,2,0,Retired,Own your home outright,An apartment or unit
1,2217,4515,1.26473,0,0.8337,0.1663,0.8337,65+,Queensland,Regional,Live with your partner only,0,2,1,Retired,Paying off a mortgage,A rural property or farm
0,4187,2207,0.825729,0,0.925821,0.0741789,0.0741789,40-44,New South Wales,Metro,Live with your partner with children/other family members in the household,2,4,3,Working full time,Own your home outright,"A smaller, freestanding house (e.g. single story and 3 or less bedrooms)"
0,299,4580,0.792721,0,0.887695,0.112305,0.112305,65+,Queensland,Regional,Live with your partner only,0,2,0,Retired,Own your home outright,"A smaller, freestanding house (e.g. single story and 3 or less bedrooms)"
0,3821,6108,0.879636,0,0.937771,0.0622294,0.0622294,25-29,Western Australia,Metro,Live with your partner with children/other family members in the household,1,2,2,Working part time,Paying off a mortgage,"A larger, free-standing house (e.g. double story or 4+ bedrooms)"
0,2909,5167,0.422145,0,0.954325,0.0456747,0.0456747,65+,South Australia,Metro,Live with your partner only,0,2,2,Working casually,Own your home outright,"A semi-detached house (e.g. terraces, townhouse, duplex)"
0,4475,6031,0.771641,0,0.964995,0.0350048,0.0350048,50-54,Western Australia,Metro,Live with your partner with children/other family members in the household,0,3,3,Working full time,Own your home outright,"A larger, free-standing house (e.g. double story or 4+ bedrooms)"
0,758,2747,0.853006,1,0.784529,0.215471,0.215471,35-39,New South Wales,Regional,Live with your partner only,2,2,2,Working full time,Renting,"A smaller, freestanding house (e.g. single story and 3 or less bedrooms)"
0,1191,3133,1.17632,0,0.85974,0.14026,0.14026,35-39,Victoria,Metro,Live with your partner with children/other family members in the household,2,2,2,Working part time,Paying off a mortgage,"A smaller, freestanding house (e.g. single story and 3 or less bedrooms)"
0,4048,2877,1.43359,1,0.778892,0.221108,0.221108,60-64,New South Wales,Regional,Live alone,0,1,1,Working part time,Paying off a mortgage,"A smaller, freestanding house (e.g. single story and 3 or less bedrooms)"
0,3780,6122,0.55135,0,0.943752,0.0562476,0.0562476,25-29,Western Australia,Metro,Live with your partner with children/other family members in the household,2,2,2,Working full time,Paying off a mortgage,"A smaller, freestanding house (e.g. single story and 3 or less bedrooms)"
1,3113,2285,0.620328,1,0.750077,0.249923,0.750077,40-44,New South Wales,Regional,Live with your partner with children/other family members in the household,3,2,2,Working full time,Renting,"A larger, free-standing house (e.g. double story or 4+ bedrooms)"
0,2104,3006,1.17632,0,0.808083,0.191917,0.191917,40-44,Victoria,Metro,Live alone,0,1,1,Working full time,Renting,An apartment or unit
0,2426,4012,0.418866,0,0.911085,0.088915,0.088915,30-34,Queensland,Metro,Live with your partner only,0,2,2,Working full time,Renting,An apartment or unit
0,3467,2205,1.07982,0,0.903977,0.096023,0.096023,35-39,New South Wales,Metro,Live alone,0,1,1,Working full time,Paying off a mortgage,An apartment or unit
0,1137,6155,0.446834,0,0.932575,0.0674246,0.0674246,40-44,Western Australia,Metro,You are single with children/other family members in the household,0,3,1,Working full time,Own your home outright,"A larger, free-standing house (e.g. double story or 4+ bedrooms)"
0,294,2156,0.657961,0,0.895129,0.104871,0.104871,65+,New South Wales,Metro,Live with your partner only,0,2,0,Retired,Own your home outright,"A smaller, freestanding house (e.g. single story and 3 or less bedrooms)"
0,1349,4655,1.09116,0,0.887174,0.112826,0.112826,60-64,Queensland,Metro,Live with your partner only,0,2,0,Retired,Own your home outright,"A smaller, freestanding house (e.g. single story and 3 or less bedrooms)"
0,3393,3000,1.04429,0,0.938802,0.0611981,0.0611981,18-24,Victoria,Metro,You are single with children/other family members in the household,1,2,2,Working full time,Own your home outright,"A semi-detached house (e.g. terraces, townhouse, duplex)"
0,19,4350,1.93323,1,0.626751,0.373249,0.373249,65+,Queensland,Regional,Live alone,0,1,0,Retired,Renting,"A semi-detached house (e.g. terraces, townhouse, duplex)"
0,919,5351,0.808191,1,0.796362,0.203638,0.203638,60-64,South Australia,Regional,You are single with children/other family members in the household,0,2,1,Retired,Own your home outright,"A larger, free-standing house (e.g. double story or 4+ bedrooms)"
0,2677,6059,0.892337,1,0.675428,0.324572,0.324572,50-59,Western Australia,Metro,Live with your partner with children/other family members in the household,0,3,2,Unemployed,Renting,"A smaller, freestanding house (e.g. single story and 3 or less bedrooms)"
0,148,4012,0.703248,0,0.966401,0.0335991,0.0335991,25-29,Queensland,Metro,Live with your partner only,0,2,2,Working full time,Paying off a mortgage,An apartment or unit
0,2801,5040,0.211508,0,0.90915,0.0908502,0.0908502,35-39,South Australia,Metro,Live with your partner with children/other family members in the household,2,2,2,Working full time,Paying off a mortgage,"A larger, free-standing house (e.g. double story or 4+ bedrooms)"
0,2022,4121,0.418866,0,0.967821,0.0321788,0.0321788,30-34,Queensland,Metro,Live with your partner only,0,2,2,Working full time,Paying off a mortgage,"A semi-detached house (e.g. terraces, townhouse, duplex)"
1,847,5035,0.556538,0,0.919505,0.0804954,0.919505,65+,South Australia,Metro,Live with your partner only,0,2,0,Retired,Own your home outright,An apartment or unit
0,4237,5021,0.355108,0,0.899285,0.100715,0.100715,35-39,South Australia,Metro,Live alone,0,1,0,Working full time,Paying off a mortgage,"A semi-detached house (e.g. terraces, townhouse, duplex)"
0,1229,2228,2.10587,0,0.916227,0.0837725,0.0837725,18-24,New South Wales,Metro,Other (please specify),0,4,2,Full-time student,Paying off a mortgage,"A semi-detached house (e.g. terraces, townhouse, duplex)"
0,321,3806,1.12204,0,0.952884,0.0471158,0.0471158,30-34,Victoria,Metro,Live with your partner only,0,2,2,Working full time,Paying off a mortgage,"A smaller, freestanding house (e.g. single story and 3 or less bedrooms)"
1,606,6055,0.80731,0,0.922869,0.0771314,0.922869,65+,Western Australia,Metro,Live with your partner only,2,3,3,Retired,Own your home outright,"A smaller, freestanding house (e.g. single story and 3 or less bedrooms)"
0,4480,830,0.243288,0,0.886527,0.113473,0.113473,30-34,NT,Regional,Live with your partner only,0,2,2,Working full time,Renting,"A semi-detached house (e.g. terraces, townhouse, duplex)"
0,3064,4860,1.53213,0,0.887695,0.112305,0.112305,65+,Queensland,Regional,Live with your partner only,0,2,0,Retired,Own your home outright,"A smaller, freestanding house (e.g. single story and 3 or less bedrooms)"
0,4418,5158,0.556538,0,0.903389,0.0966105,0.0966105,65+,South Australia,Metro,Live with your partner only,0,2,0,Retired,Own your home outright,"A larger, free-standing house (e.g. double story or 4+ bedrooms)"
0,3363,2125,1.27311,1,0.556765,0.443235,0.443235,50-54,New South Wales,Metro,You are single with children/other family members in the household,3,2,2,Working full time,Renting,"A larger, free-standing house (e.g. double story or 4+ bedrooms)"
1,3903,2905,1.43359,1,0.567678,0.432322,0.567678,50-54,ACT,Regional,You live in a share house (i.e. with friends/housemates),0,3,2,Full time home / parent duties,Renting,"A larger, free-standing house (e.g. double story or 4+ bedrooms)"
0,2321,2230,1.02681,1,0.688395,0.311605,0.311605,50-54,New South Wales,Regional,Live alone,0,1,0,Working full time,Renting,An apartment or unit
0,3240,2154,2.03115,0,0.92476,0.0752405,0.0752405,50-54,New South Wales,Metro,Live with your partner with children/other family members in the household,0,4,3,Working full time,Paying off a mortgage,"A larger, free-standing house (e.g. double story or 4+ bedrooms)"
0,1371,5112,0.211508,1,0.698202,0.301798,0.301798,35-39,South Australia,Metro,Live with your partner with children/other family members in the household,3,2,1,Working full time,Renting,"A smaller, freestanding house (e.g. single story and 3 or less bedrooms)"
0,2463,4352,0.571989,0,0.895518,0.104482,0.104482,65+,Queensland,Regional,Live with your partner only,0,2,0,Retired,Own your home outright,"A larger, free-standing house (e.g. double story or 4+ bedrooms)"
0,2513,2315,0.797085,0,0.887085,0.112915,0.112915,18-24,New South Wales,Regional,You are single with children/other family members in the household,0,4,3,Working part time,Paying off a mortgage,"A semi-detached house (e.g. terraces, townhouse, duplex)"
0,3402,6225,0.465213,0,0.881273,0.118727,0.118727,50-54,Western Australia,Regional,Live with your partner only,0,2,2,Working full time,Renting,"A smaller, freestanding house (e.g. single story and 3 or less bedrooms)"
0,1341,2620,0.758286,0,0.890522,0.109478,0.109478,50-54,New South Wales,Metro,Live with your partner with children/other family members in the household,2,2,2,Working full time,Paying off a mortgage,"A larger, free-standing house (e.g. double story or 4+ bedrooms)"
0,578,3356,1.74066,0,0.901451,0.0985488,0.0985488,35-39,Victoria,Regional,Live with your partner with children/other family members in the household,2,2,2,Working full time,Paying off a mortgage,"A larger, free-standing house (e.g. double story or 4+ bedrooms)"
0,1038,5032,0.262102,0,0.833909,0.166091,0.166091,50-59,South Australia,Regional,Live alone,0,1,1,Working part time,Paying off a mortgage,An apartment or unit
0,460,6100,0.596015,0,0.920717,0.0792827,0.0792827,25-29,Western Australia,Metro,Live with your partner only,0,2,2,Working casually,Renting,"A semi-detached house (e.g. terraces, townhouse, duplex)"
0,3697,6019,0.48366,0,0.907953,0.092047,0.092047,50-59,Western Australia,Metro,Live alone,0,1,1,Working full time,Paying off a mortgage,"A smaller, freestanding house (e.g. single story and 3 or less bedrooms)"
0,994,3087,1.35932,0,0.941225,0.0587752,0.0587752,50-59,Victoria,Metro,Live with your partner with children/other family members in the household,0,3,2,Working full time,Own your home outright,"A smaller, freestanding house (e.g. single story and 3 or less bedrooms)"
0,282,3630,1.84421,1,0.431042,0.568958,0.568958,25-29,Victoria,Regional,Live alone,0,1,0,Unemployed,Renting,"A smaller, freestanding house (e.g. single story and 3 or less bedrooms)"
0,2757,2769,0.418811,0,0.931351,0.0686492,0.0686492,25-29,New South Wales,Regional,You are single with children/other family members in the household,0,4,4,Working full time,Other (please specify),"A larger, free-standing house (e.g. double story or 4+ bedrooms)"
0,1382,3226,2.23572,0,0.887419,0.112581,0.112581,65+,Victoria,Regional,Live with your partner only,0,2,0,Retired,Own your home outright,"A smaller, freestanding house (e.g. single story and 3 or less bedrooms)"
0,613,3216,1.26874,0,0.882518,0.117482,0.117482,50-54,Victoria,Regional,Live with your partner with children/other family members in the household,2,2,2,Working full time,Paying off a mortgage,"A larger, free-standing house (e.g. double story or 4+ bedrooms)"
0,780,6210,1.01866,1,0.709646,0.290354,0.290354,65+,Western Australia,Metro,Live with your partner only,0,2,1,Unemployed,Renting,"A smaller, freestanding house (e.g. single story and 3 or less bedrooms)"
0,325,4218,1.57478,0,0.808586,0.191414,0.191414,25-29,Queensland,Regional,You live in a share house (i.e. with friends/housemates),0,4,4,Working full time,Renting,"A smaller, freestanding house (e.g. single story and 3 or less bedrooms)"
1,3817,5116,0.866489,1,0.770933,0.229067,0.770933,30-34,South Australia,Metro,Live with your partner with children/other family members in the household,3,2,2,Working full time,Renting,"A larger, free-standing house (e.g. double story or 4+ bedrooms)"
0,4276,4869,0.715538,0,0.839361,0.160639,0.160639,18-24,Queensland,Regional,Other (please specify),2,6,4,Working casually,Paying off a mortgage,"A larger, free-standing house (e.g. double story or 4+ bedrooms)"
0,3480,2112,0.722098,0,0.949799,0.0502008,0.0502008,50-54,New South Wales,Metro,Live with your partner only,0,2,2,Working full time,Paying off a mortgage,An apartment or unit
0,1019,4020,0.42033,0,0.929182,0.0708184,0.0708184,65+,Queensland,Metro,Live with your partner only,0,2,0,Retired,Own your home outright,"A semi-detached house (e.g. terraces, townhouse, duplex)"
0,2042,3029,2.93542,0,0.907488,0.0925125,0.0925125,30-34,Victoria,Metro,Other (please specify),0,2,1,Working part time,Own your home outright,"A smaller, freestanding house (e.g. single story and 3 or less bedrooms)"
0,2959,2327,2.05588,1,0.755185,0.244815,0.244815,65+,New South Wales,Regional,Live alone,0,1,1,Working full time,Renting,An apartment or unit
0,2643,6304,0.683194,0,0.87295,0.12705,0.12705,40-44,Western Australia,Regional,Live with your partner with children/other family members in the household,1,2,2,Working full time,Renting,"A smaller, freestanding house (e.g. single story and 3 or less bedrooms)"
0,3429,2046,2.44057,0,0.957031,0.0429691,0.0429691,50-59,New South Wales,Metro,Live with your partner only,0,2,2,Working full time,Own your home outright,"A larger, free-standing house (e.g. double story or 4+ bedrooms)"
0,2368,2000,1.91316,0,0.80157,0.19843,0.19843,30-34,New South Wales,Metro,Live alone,0,1,1,Working full time,Renting,An apartment or unit
0,2329,2285,0.422888,0,0.905138,0.0948623,0.0948623,40-44,New South Wales,Regional,Live alone,0,1,1,Working full time,Paying off a mortgage,An apartment or unit
1,4350,5044,0.607819,1,0.705396,0.294604,0.705396,50-54,South Australia,Metro,Live with your partner with children/other family members in the household,1,2,2,Working part time,Renting,"A smaller, freestanding house (e.g. single story and 3 or less bedrooms)"
0,2659,6155,1.10991,1,0.75614,0.24386,0.24386,30-34,Western Australia,Metro,Live with your partner only,0,2,1,Unemployed,Renting,"A larger, free-standing house (e.g. double story or 4+ bedrooms)"
0,3448,2101,0.430861,0,0.818521,0.181479,0.181479,65+,New South Wales,Metro,Live alone,0,1,0,Retired,Own your home outright,"A larger, free-standing house (e.g. double story or 4+ bedrooms)"
0,4503,6027,0.422574,0,0.875314,0.124686,0.124686,50-59,Western Australia,Metro,Live with your partner only,0,2,0,Working full time,Renting,"A larger, free-standing house (e.g. double story or 4+ bedrooms)"
0,1189,3185,1.47372,0,0.864428,0.135572,0.135572,65+,Victoria,Metro,Live alone,0,1,0,Retired,Own your home outright,"A semi-detached house (e.g. terraces, townhouse, duplex)"
0,371,6072,0.261195,0,0.950749,0.0492512,0.0492512,65+,Western Australia,Metro,Live with your partner only,0,2,0,Retired,Own your home outright,"A semi-detached house (e.g. terraces, townhouse, duplex)"
0,1263,4350,1.5862,0,0.870599,0.129401,0.129401,50-54,Queensland,Regional,Live with your partner only,0,2,1,Retired,Paying off a mortgage,"A larger, free-standing house (e.g. double story or 4+ bedrooms)"
0,895,4036,1.69956,0,0.889463,0.110537,0.110537,35-39,Queensland,Metro,Live with your partner with children/other family members in the household,3,2,2,Working full time,Paying off a mortgage,"A larger, free-standing house (e.g. double story or 4+ bedrooms)"
0,3069,5074,0.644014,0,0.866605,0.133395,0.133395,35-39,South Australia,Metro,Live with your partner with children/other family members in the household,2,2,2,Working part time,Paying off a mortgage,"A larger, free-standing house (e.g. double story or 4+ bedrooms)"
0,697,6112,1.19689,0,0.823604,0.176396,0.176396,35-39,Western Australia,Metro,Live with your partner with children/other family members in the household,2,2,1,Full time home / parent duties,Paying off a mortgage,"A larger, free-standing house (e.g. double story or 4+ bedrooms)"
0,307,2830,1.80888,0,0.891311,0.108689,0.108689,50-54,New South Wales,Regional,Live with your partner only,0,2,2,Working casually,Paying off a mortgage,"A smaller, freestanding house (e.g. single story and 3 or less bedrooms)"
0,1906,2767,1.05818,0,0.92218,0.0778202,0.0778202,25-29,New South Wales,Metro,Live with your partner only,0,2,2,Working full time,Renting,"A semi-detached house (e.g. terraces, townhouse, duplex)"
0,1938,3064,1.35932,0,0.942403,0.0575968,0.0575968,50-59,Victoria,Metro,Live with your partner only,0,2,2,Working full time,Paying off a mortgage,"A smaller, freestanding house (e.g. single story and 3 or less bedrooms)"
0,3194,4220,0.683469,0,0.936447,0.0635528,0.0635528,25-29,Queensland,Regional,Live with your partner with children/other family members in the household,1,1,2,Working full time,Paying off a mortgage,"A smaller, freestanding house (e.g. single story and 3 or less bedrooms)"
0,2425,4674,1.5862,0,0.878266,0.121734,0.121734,60-64,Queensland,Regional,Live with your partner with children/other family members in the household,1,1,2,Working full time,Paying off a mortgage,A rural property or farm
0,87,3033,1.42579,0,0.883613,0.116387,0.116387,65+,Victoria,Metro,Live with your partner with children/other family members in the household,0,4,1,Retired,Own your home outright,"A larger, free-standing house (e.g. double story or 4+ bedrooms)"
0,2323,6169,0.892337,0,0.830282,0.169718,0.169718,50-54,Western Australia,Metro,Live with your partner with children/other family members in the household,1,2,1,Full time home / parent duties,Paying off a mortgage,"A larger, free-standing house (e.g. double story or 4+ bedrooms)"
0,330,6000,0.260827,0,0.85492,0.14508,0.14508,25-29,Western Australia,Regional,Live alone,0,1,1,Working full time,Renting,An apartment or unit
0,1109,2160,1.7766,1,0.547832,0.452168,0.452168,30-34,New South Wales,Metro,Live with your partner with children/other family members in the household,2,2,1,Full time home / parent duties,Renting,"A smaller, freestanding house (e.g. single story and 3 or less bedrooms)"
0,723,4055,1.42064,0,0.896151,0.103849,0.103849,65+,Queensland,Metro,Live with your partner with children/other family members in the household,0,3,1,Retired,Own your home outright,"A larger, free-standing house (e.g. double story or 4+ bedrooms)"
0,2317,6105,0.882795,1,0.734411,0.265589,0.265589,65+,Western Australia,Metro,Live alone,0,1,0,Retired,Renting,"A semi-detached house (e.g. terraces, townhouse, duplex)"
0,922,5095,0.380977,0,0.900443,0.0995569,0.0995569,50-59,South Australia,Metro,Live with your partner with children/other family members in the household,1,4,2,Working full time,Paying off a mortgage,"A larger, free-standing house (e.g. double story or 4+ bedrooms)"
0,4555,7000,0.183848,0,0.925708,0.074292,0.074292,35-39,Tasmania,Regional,Live with your partner only,0,2,2,Working full time,Renting,An apartment or unit
0,4354,6164,0.494009,0,0.966398,0.0336017,0.0336017,35-39,Western Australia,Metro,Live with your partner only,0,2,2,Working full time,Paying off a mortgage,"A larger, free-standing house (e.g. double story or 4+ bedrooms)"
0,2029,4152,1.42056,0,0.845127,0.154873,0.154873,50-59,Queensland,Regional,Live with your partner with children/other family members in the household,0,4,2,Retired,Paying off a mortgage,"A smaller, freestanding house (e.g. single story and 3 or less bedrooms)"
0,2051,4210,1.42249,0,0.877096,0.122904,0.122904,35-39,Queensland,Regional,Live alone,0,1,1,Working full time,Paying off a mortgage,"A larger, free-standing house (e.g. double story or 4+ bedrooms)"
0,3558,2076,0.591294,0,0.959234,0.0407662,0.0407662,65+,New South Wales,Metro,Live with your partner only,0,2,2,Working full time,Own your home outright,"A larger, free-standing house (e.g. double story or 4+ bedrooms)"
0,3359,3230,0.632702,0,0.881814,0.118186,0.118186,50-59,Victoria,Regional,Live with your partner only,0,2,0,Retired,Own your home outright,"A smaller, freestanding house (e.g. single story and 3 or less bedrooms)"
0,2687,4211,1.26473,0,0.832023,0.167977,0.167977,65+,Queensland,Regional,Live with your partner only,0,2,1,Working full time,Renting,"A smaller, freestanding house (e.g. single story and 3 or less bedrooms)"
0,1325,4215,0.571989,0,0.90409,0.0959102,0.0959102,65+,Queensland,Regional,Live with your partner only,0,2,1,Retired,Own your home outright,"A smaller, freestanding house (e.g. single story and 3 or less bedrooms)"
0,1143,5162,0.648447,0,0.873902,0.126098,0.126098,65+,South Australia,Regional,Live with your partner with children/other family members in the household,0,3,1,Retired,Own your home outright,"A smaller, freestanding house (e.g. single story and 3 or less bedrooms)"
0,76,5006,0.430428,0,0.911868,0.0881321,0.0881321,25-29,South Australia,Metro,You are single with children/other family members in the household,0,4,4,Working full time,Paying off a mortgage,"A smaller, freestanding house (e.g. single story and 3 or less bedrooms)"
1,3013,7248,0.81417,1,0.472054,0.527946,0.472054,35-39,Tasmania,Regional,You are single with children/other family members in the household,2,1,1,Full time home / parent duties,Renting,"A smaller, freestanding house (e.g. single story and 3 or less bedrooms)"
0,1299,6330,0.881551,0,0.817596,0.182404,0.182404,30-34,Western Australia,Regional,You live in a share house (i.e. with friends/housemates),0,2,1,Unemployed,Own your home outright,"A smaller, freestanding house (e.g. single story and 3 or less bedrooms)"
0,4160,800,0.332606,0,0.847268,0.152732,0.152732,35-39,NT,Regional,Live with your partner only,0,2,0,Working casually,Paying off a mortgage,"A smaller, freestanding house (e.g. single story and 3 or less bedrooms)"
0,3576,6167,1.19689,1,0.676947,0.323053,0.323053,35-39,Western Australia,Metro,Live with your partner with children/other family members in the household,1,2,1,Full time home / parent duties,Renting,"A smaller, freestanding house (e.g. single story and 3 or less bedrooms)"
0,704,2440,1.92605,1,0.796376,0.203624,0.203624,65+,New South Wales,Regional,Live with your partner only,0,2,1,Other,Own your home outright,"A smaller, freestanding house (e.g. single story and 3 or less bedrooms)"
0,1338,4817,1.53213,0,0.887695,0.112305,0.112305,65+,Queensland,Regional,Live with your partner only,0,2,0,Retired,Own your home outright,"A smaller, freestanding house (e.g. single story and 3 or less bedrooms)"
0,2952,4067,2.44326,0,0.851157,0.148843,0.148843,18-24,Queensland,Metro,Live with your partner only,0,2,2,Working part time,Renting,"A smaller, freestanding house (e.g. single story and 3 or less bedrooms)"
0,2337,5007,0.324322,0,0.900766,0.099234,0.099234,18-24,South Australia,Metro,You live in a share house (i.e. with friends/housemates),0,4,3,Working part time,Own your home outright,"A smaller, freestanding house (e.g. single story and 3 or less bedrooms)"
0,2919,7109,0.308668,0,0.92493,0.0750696,0.0750696,40-44,Tasmania,Regional,Live with your partner with children/other family members in the household,2,2,1,Working full time,Paying off a mortgage,"A smaller, freestanding house (e.g. single story and 3 or less bedrooms)"
0,2644,5109,0.527634,1,0.784167,0.215833,0.215833,50-54,South Australia,Regional,Live with your partner with children/other family members in the household,1,3,3,Full time home / parent duties,Paying off a mortgage,"A larger, free-standing house (e.g. double story or 4+ bedrooms)"
0,1917,2099,1.99848,1,0.768711,0.231289,0.231289,65+,New South Wales,Metro,Live with your partner only,0,2,0,Retired,Renting,An apartment or unit
0,3185,4551,1.59582,0,0.887695,0.112305,0.112305,65+,Queensland,Regional,Live with your partner only,0,2,0,Retired,Own your home outright,"A smaller, freestanding house (e.g. single story and 3 or less bedrooms)"
0,905,3156,1.8399,0,0.832685,0.167315,0.167315,30-34,Victoria,Metro,Live with your partner with children/other family members in the household,1,2,2,Working part time,Renting,"A semi-detached house (e.g. terraces, townhouse, duplex)"
0,2869,6018,0.771641,0,0.925399,0.0746012,0.0746012,50-54,Western Australia,Metro,Live with your partner with children/other family members in the household,2,2,2,Working full time,Paying off a mortgage,"A larger, free-standing house (e.g. double story or 4+ bedrooms)"
0,3189,4500,1.42064,0,0.916499,0.0835011,0.0835011,65+,Queensland,Metro,Live with your partner with children/other family members in the household,0,3,3,Working part time,Paying off a mortgage,"A larger, free-standing house (e.g. double story or 4+ bedrooms)"
0,1948,3199,1.87673,0,0.868454,0.131546,0.131546,35-39,Victoria,Metro,Live with your partner only,0,2,2,Working part time,Renting,"A semi-detached house (e.g. terraces, townhouse, duplex)"
1,271,830,0.418163,0,0.801924,0.198076,0.801924,50-54,NT,Regional,You are single with children/other family members in the household,0,2,1,Working full time,Paying off a mortgage,"A larger, free-standing house (e.g. double story or 4+ bedrooms)"
0,2844,3030,0.927122,0,0.950243,0.0497569,0.0497569,50-59,Victoria,Metro,Live with your partner with children/other family members in the household,0,3,3,Working full time,Own your home outright,"A smaller, freestanding house (e.g. single story and 3 or less bedrooms)"
0,1499,2763,1.7766,0,0.908137,0.0918625,0.0918625,30-34,New South Wales,Metro,Live with your partner only,0,2,2,Working full time,Renting,An apartment or unit
0,1073,6271,0.542868,0,0.926526,0.0734736,0.0734736,65+,Western Australia,Regional,Live with your partner only,0,2,0,Retired,Own your home outright,"A larger, free-standing house (e.g. double story or 4+ bedrooms)"
0,1066,2234,1.21235,0,0.890522,0.109478,0.109478,50-54,New South Wales,Metro,Live with your partner with children/other family members in the household,2,2,2,Working full time,Paying off a mortgage,"A larger, free-standing house (e.g. double story or 4+ bedrooms)"
0,3930,7008,0.602702,0,0.886526,0.113474,0.113474,65+,Tasmania,Regional,Live alone,0,1,0,Retired,Own your home outright,An apartment or unit
1,4210,5121,0.849815,0,0.807777,0.192223,0.807777,65+,South Australia,Metro,Live alone,0,1,0,Retired,Own your home outright,"A smaller, freestanding house (e.g. single story and 3 or less bedrooms)"
1,3544,2537,1.52645,1,0.522075,0.477925,0.522075,65+,New South Wales,Regional,Live alone,0,1,0,Retired,Renting,"A smaller, freestanding house (e.g. single story and 3 or less bedrooms)"
0,996,7015,0.18574,0,0.967431,0.0325688,0.0325688,25-29,Tasmania,Regional,Live with your partner only,0,2,2,Working full time,Paying off a mortgage,"A smaller, freestanding house (e.g. single story and 3 or less bedrooms)"
1,1681,3030,1.42579,0,0.905365,0.0946354,0.905365,65+,Victoria,Metro,Live with your partner only,0,2,0,Retired,Own your home outright,"A larger, free-standing house (e.g. double story or 4+ bedrooms)"
1,2929,2121,1.21235,0,0.903652,0.0963484,0.903652,50-54,New South Wales,Metro,Live with your partner with children/other family members in the household,1,3,1,Working full time,Paying off a mortgage,An apartment or unit
0,95,2046,0.591294,0,0.877042,0.122958,0.122958,65+,New South Wales,Metro,Live with your partner only,0,2,0,Retired,Paying off a mortgage,"A larger, free-standing house (e.g. double story or 4+ bedrooms)"
0,2766,6151,0.55135,0,0.970019,0.029981,0.029981,30-34,Western Australia,Metro,Live with your partner only,0,2,2,Working full time,Paying off a mortgage,"A larger, free-standing house (e.g. double story or 4+ bedrooms)"
0,1168,6170,0.655454,0,0.964369,0.0356313,0.0356313,40-44,Western Australia,Metro,Live with your partner with children/other family members in the household,0,3,3,Working full time,Paying off a mortgage,"A smaller, freestanding house (e.g. single story and 3 or less bedrooms)"
0,1113,2761,2.89241,0,0.877952,0.122048,0.122048,35-39,New South Wales,Metro,Live with your partner only,0,2,2,Working full time,Renting,"A larger, free-standing house (e.g. double story or 4+ bedrooms)"
0,1150,3037,0.668307,0,0.9698,0.0301995,0.0301995,25-29,Victoria,Metro,Live with your partner only,0,2,2,Working full time,Paying off a mortgage,"A semi-detached house (e.g. terraces, townhouse, duplex)"
1,3490,3070,1.79013,1,0.754756,0.245244,0.754756,25-29,Victoria,Metro,Live with your partner only,0,2,1,Unemployed,Renting,"A semi-detached house (e.g. terraces, townhouse, duplex)"
0,2858,6157,0.29424,0,0.884931,0.115069,0.115069,40-44,Western Australia,Metro,Live with your partner with children/other family members in the household,1,2,2,Working full time,Renting,"A smaller, freestanding house (e.g. single story and 3 or less bedrooms)"
0,3950,7250,0.338416,0,0.809334,0.190666,0.190666,18-24,Tasmania,Regional,You live in a share house (i.e. with friends/housemates),0,3,3,Working part time,Renting,"A smaller, freestanding house (e.g. single story and 3 or less bedrooms)"
1,2756,3631,0.661489,1,0.69853,0.30147,0.69853,65+,Victoria,Regional,Live with your partner only,0,2,0,Retired,Renting,"A smaller, freestanding house (e.g. single story and 3 or less bedrooms)"
0,632,3130,0.668307,0,0.910861,0.089139,0.089139,30-34,Victoria,Metro,Live with your partner only,0,2,2,Working full time,Renting,An apartment or unit
0,2652,4101,1.2735,0,0.926155,0.0738453,0.0738453,35-39,Queensland,Metro,Live with your partner with children/other family members in the household,2,2,2,Working full time,Paying off a mortgage,An apartment or unit
1,3774,2207,1.38634,0,0.916419,0.0835815,0.916419,35-39,New South Wales,Metro,Live with your partner with children/other family members in the household,2,4,4,Working full time,Paying off a mortgage,"A larger, free-standing house (e.g. double story or 4+ bedrooms)"
0,3917,5095,0.403664,0,0.951946,0.0480544,0.0480544,40-44,South Australia,Metro,Live with your partner with children/other family members in the household,1,2,2,Working full time,Paying off a mortgage,"A semi-detached house (e.g. terraces, townhouse, duplex)"
0,3049,4350,0.987058,1,0.789066,0.210934,0.210934,30-34,Queensland,Regional,Live alone,0,1,1,Working full time,Renting,An apartment or unit
0,1987,3840,2.55408,0,0.851854,0.148146,0.148146,50-59,Victoria,Regional,Live with your partner only,0,2,0,Retired,Paying off a mortgage,"A smaller, freestanding house (e.g. single story and 3 or less bedrooms)"
1,2268,2904,0.418811,0,0.940136,0.059864,0.940136,25-29,ACT,Regional,Live with your partner only,0,2,2,Working full time,Renting,"A semi-detached house (e.g. terraces, townhouse, duplex)"
1,3088,5112,0.33286,1,0.755289,0.244711,0.755289,60-64,South Australia,Metro,Live with your partner only,0,2,1,Working casually,Renting,"A smaller, freestanding house (e.g. single story and 3 or less bedrooms)"
0,2593,3152,0.436035,0,0.905365,0.0946354,0.0946354,65+,Victoria,Metro,Live with your partner only,0,2,0,Retired,Own your home outright,"A larger, free-standing house (e.g. double story or 4+ bedrooms)"
1,3800,6155,1.38433,0,0.841161,0.158839,0.841161,18-24,Western Australia,Metro,Live alone,0,1,1,Working full time,Renting,"A smaller, freestanding house (e.g. single story and 3 or less bedrooms)"
0,699,2450,1.52645,1,0.699589,0.300411,0.300411,65+,New South Wales,Regional,You are single with children/other family members in the household,1,3,0,Retired,Own your home outright,"A smaller, freestanding house (e.g. single story and 3 or less bedrooms)"
1,1238,5158,0.607819,0,0.86034,0.13966,0.86034,50-54,South Australia,Metro,You are single with children/other family members in the household,1,1,1,Working full time,Own your home outright,"A smaller, freestanding house (e.g. single story and 3 or less bedrooms)"
0,3506,7315,0.14366,0,0.849883,0.150117,0.150117,50-54,Tasmania,Regional,You are single with children/other family members in the household,1,1,0,Retired,Other (please specify),An apartment or unit
0,4493,5022,0.556538,0,0.903389,0.0966105,0.0966105,65+,South Australia,Metro,Live with your partner only,0,2,0,Retired,Own your home outright,"A larger, free-standing house (e.g. double story or 4+ bedrooms)"
0,2474,4280,4.72229,0,0.898049,0.101951,0.101951,18-24,Queensland,Metro,Live with your partner only,0,2,2,Working full time,Renting,"A smaller, freestanding house (e.g. single story and 3 or less bedrooms)"
0,1952,2560,0.591294,0,0.917548,0.0824519,0.0824519,65+,New South Wales,Metro,Live with your partner with children/other family members in the household,0,4,2,Working full time,Paying off a mortgage,"A smaller, freestanding house (e.g. single story and 3 or less bedrooms)"
0,1033,2602,0.422888,0,0.925795,0.0742047,0.0742047,35-39,ACT,Regional,Live alone,0,1,1,Working full time,Paying off a mortgage,An apartment or unit
0,4251,812,0.480346,0,0.836549,0.163451,0.163451,45-49,NT,Regional,Live with your partner with children/other family members in the household,3,2,2,Working full time,Paying off a mortgage,"A smaller, freestanding house (e.g. single story and 3 or less bedrooms)"
0,1397,6525,0.924983,0,0.926526,0.0734736,0.0734736,65+,Western Australia,Regional,Live with your partner only,0,2,0,Retired,Own your home outright,"A larger, free-standing house (e.g. double story or 4+ bedrooms)"
0,3225,2154,1.58954,1,0.720681,0.279319,0.279319,18-24,New South Wales,Metro,You are single with children/other family members in the household,0,5,4,Working part time,Renting,"A larger, free-standing house (e.g. double story or 4+ bedrooms)"
0,1475,4077,1.4157,1,0.460341,0.539659,0.539659,25-29,Queensland,Metro,You are single with children/other family members in the household,0,4,2,Unemployed,Renting,"A smaller, freestanding house (e.g. single story and 3 or less bedrooms)"
0,2473,2233,1.76242,0,0.889508,0.110492,0.110492,65+,New South Wales,Metro,Live with your partner with children/other family members in the household,0,4,3,Retired,Paying off a mortgage,"A larger, free-standing house (e.g. double story or 4+ bedrooms)"
0,858,4152,1.06527,0,0.879671,0.120329,0.120329,45-49,Queensland,Metro,Live with your partner with children/other family members in the household,2,2,0,Working full time,Paying off a mortgage,"A larger, free-standing house (e.g. double story or 4+ bedrooms)"
1,3861,7109,0.183848,0,0.878323,0.121677,0.878323,40-44,Tasmania,Regional,Live alone,0,1,1,Working casually,Renting,"A mobile home, such as a caravan, motorhome or camper trailer"
0,1210,6022,0.596015,0,0.840065,0.159935,0.159935,30-34,Western Australia,Metro,Live with your partner with children/other family members in the household,2,2,1,Full time home / parent duties,Paying off a mortgage,"A larger, free-standing house (e.g. double story or 4+ bedrooms)"
0,2283,7310,0.183848,0,0.941596,0.0584038,0.0584038,45-49,Tasmania,Regional,Live with your partner with children/other family members in the household,2,1,2,Working full time,Paying off a mortgage,"A larger, free-standing house (e.g. double story or 4+ bedrooms)"
0,1931,4878,1.52011,0,0.880946,0.119054,0.119054,25-29,Queensland,Regional,Live with your partner only,0,2,2,Working full time,Renting,"A smaller, freestanding house (e.g. single story and 3 or less bedrooms)"
0,311,5127,0.556538,0,0.903389,0.0966105,0.0966105,65+,South Australia,Metro,Live with your partner only,0,2,0,Retired,Own your home outright,"A larger, free-standing house (e.g. double story or 4+ bedrooms)"
0,4167,6442,0.202668,0,0.938967,0.0610329,0.0610329,65+,Western Australia,Regional,Live alone,0,1,0,Retired,Other (please specify),"A mobile home, such as a caravan, motorhome or camper trailer"
1,4040,6110,0.882795,0,0.943922,0.0560776,0.943922,65+,Western Australia,Metro,Live with your partner only,0,2,1,Retired,Own your home outright,"A larger, free-standing house (e.g. double story or 4+ bedrooms)"
0,812,3166,1.16796,1,0.795768,0.204232,0.204232,65+,Victoria,Metro,You are single with children/other family members in the household,0,2,0,Retired,Own your home outright,"A smaller, freestanding house (e.g. single story and 3 or less bedrooms)"
0,2231,7050,0.384808,0,0.926042,0.0739579,0.0739579,50-59,Tasmania,Regional,Live alone,0,2,2,Working full time,Own your home outright,"A smaller, freestanding house (e.g. single story and 3 or less bedrooms)"
1,4015,6021,0.80731,1,0.734411,0.265589,0.734411,65+,Western Australia,Metro,Live alone,0,1,0,Retired,Renting,"A semi-detached house (e.g. terraces, townhouse, duplex)"
1,391,7017,0.497523,0,0.91091,0.08909,0.91091,25-29,Tasmania,Regional,Live alone,0,1,1,Working part time,Own your home outright,"A smaller, freestanding house (e.g. single story and 3 or less bedrooms)"
0,2115,2541,1.3609,1,0.640961,0.359039,0.359039,35-39,New South Wales,Regional,Live with your partner with children/other family members in the household,2,2,1,Other,Paying off a mortgage,"A larger, free-standing house (e.g. double story or 4+ bedrooms)"
0,1307,810,0.120055,0,0.887144,0.112856,0.112856,25-29,NT,Regional,Live with your partner only,0,3,3,Working full time,Renting,An apartment or unit
1,4264,5000,0.193172,0,0.940638,0.0593617,0.940638,18-24,South Australia,Metro,Live with your partner only,0,2,2,Working part time,Paying off a mortgage,"A larger, free-standing house (e.g. double story or 4+ bedrooms)"
1,2590,5118,0.81261,0,0.875565,0.124435,0.875565,35-39,South Australia,Metro,Live with your partner with children/other family members in the household,2,2,0,Working full time,Paying off a mortgage,"A larger, free-standing house (e.g. double story or 4+ bedrooms)"
0,4087,2060,0.825729,1,0.784319,0.215681,0.215681,45-49,New South Wales,Metro,Live alone,0,1,1,Working full time,Renting,An apartment or unit
0,1447,6306,0.272584,0,0.91748,0.0825202,0.0825202,25-29,Western Australia,Regional,Live with your partner with children/other family members in the household,1,2,2,Working part time,Own your home outright,A rural property or farm
1,1942,2135,0.992742,0,0.864045,0.135955,0.864045,65+,New South Wales,Metro,Other (please specify),0,2,0,Retired,Own your home outright,"A larger, free-standing house (e.g. double story or 4+ bedrooms)"
0,3679,4152,0.703248,0,0.967418,0.0325823,0.0325823,25-29,Queensland,Metro,Live with your partner only,0,2,2,Working full time,Other (please specify),"A smaller, freestanding house (e.g. single story and 3 or less bedrooms)"
0,4338,6054,1.09711,0,0.91766,0.0823395,0.0823395,18-24,Western Australia,Metro,Live with your partner only,0,2,2,Working part time,Renting,An apartment or unit
0,2875,5163,0.686714,1,0.678358,0.321642,0.321642,25-29,South Australia,Metro,You live in a share house (i.e. with friends/housemates),3,3,3,Working full time,Renting,"A smaller, freestanding house (e.g. single story and 3 or less bedrooms)"
0,2322,6023,0.750203,0,0.940486,0.059514,0.059514,40-44,Western Australia,Metro,Live with your partner with children/other family members in the household,2,2,2,Working full time,Paying off a mortgage,"A smaller, freestanding house (e.g. single story and 3 or less bedrooms)"
0,1498,2117,0.758286,0,0.855229,0.144771,0.144771,50-54,New South Wales,Metro,Live with your partner only,0,2,2,Working full time,Renting,"A larger, free-standing house (e.g. double story or 4+ bedrooms)"
1,1476,7005,0.183848,0,0.904508,0.0954919,0.904508,40-44,Tasmania,Regional,Live with your partner with children/other family members in the household,1,2,2,Working full time,Renting,An apartment or unit
0,2664,4053,1.09116,1,0.783624,0.216376,0.216376,50-54,Queensland,Metro,You live in a share house (i.e. with friends/housemates),0,2,1,Working full time,Renting,"A semi-detached house (e.g. terraces, townhouse, duplex)"
1,2604,4006,1.29978,1,0.459783,0.540217,0.459783,50-59,Queensland,Metro,Live alone,0,1,0,Unemployed,Renting,An apartment or unit
0,390,2035,1.10467,0,0.966609,0.0333913,0.0333913,65+,New South Wales,Metro,Live with your partner with children/other family members in the household,0,3,3,Working full time,Own your home outright,"A semi-detached house (e.g. terraces, townhouse, duplex)"
1,719,3109,1.79905,0,0.955011,0.0449893,0.955011,65+,Victoria,Metro,Live with your partner with children/other family members in the household,0,4,4,Working full time,Own your home outright,"A smaller, freestanding house (e.g. single story and 3 or less bedrooms)"
0,664,4560,0.891606,0,0.88541,0.11459,0.11459,35-39,Queensland,Regional,Live with your partner with children/other family members in the household,2,2,2,Working part time,Own your home outright,"A larger, free-standing house (e.g. double story or 4+ bedrooms)"
0,2466,5417,0.418163,1,0.793965,0.206035,0.206035,50-59,South Australia,Regional,Live alone,0,1,0,Retired,Own your home outright,"A larger, free-standing house (e.g. double story or 4+ bedrooms)"
0,117,2600,0.535199,0,0.919064,0.0809362,0.0809362,50-59,ACT,Regional,Live with your partner with children/other family members in the household,2,1,1,Working full time,Paying off a mortgage,"A larger, free-standing house (e.g. double story or 4+ bedrooms)"
0,2174,2541,2.59409,0,0.912642,0.0873582,0.0873582,65+,New South Wales,Regional,Live with your partner only,0,2,1,Working casually,Own your home outright,"A smaller, freestanding house (e.g. single story and 3 or less bedrooms)"
0,1321,4163,0.705705,1,0.626689,0.373311,0.373311,65+,Queensland,Metro,Live alone,0,1,0,Retired,Renting,An apartment or unit
0,673,7004,0.344416,0,0.948168,0.051832,0.051832,30-34,Tasmania,Regional,Live alone,0,1,0,Working full time,Own your home outright,"A semi-detached house (e.g. terraces, townhouse, duplex)"
0,3308,3222,1.73842,0,0.830697,0.169303,0.169303,45-49,Victoria,Regional,You are single with children/other family members in the household,0,3,3,Working part time,Paying off a mortgage,"A smaller, freestanding house (e.g. single story and 3 or less bedrooms)"
0,1592,3104,1.79905,0,0.811299,0.188701,0.188701,65+,Victoria,Metro,Live alone,0,1,0,Retired,Own your home outright,"A smaller, freestanding house (e.g. single story and 3 or less bedrooms)"
0,320,4075,1.37682,1,0.673722,0.326278,0.326278,60-64,Queensland,Metro,Live alone,0,1,1,Working part time,Renting,An apartment or unit
0,3207,4216,1.29978,0,0.965755,0.0342448,0.0342448,50-59,Queensland,Metro,Live with your partner only,0,2,2,Working full time,Own your home outright,An apartment or unit
0,39,2560,1.04609,0,0.909055,0.090945,0.090945,18-24,New South Wales,Metro,You live in a share house (i.e. with friends/housemates),2,1,2,Working part time,Own your home outright,"A semi-detached house (e.g. terraces, townhouse, duplex)"
0,1919,4740,1.5862,0,0.89097,0.10903,0.10903,60-64,Queensland,Regional,Live with your partner with children/other family members in the household,0,3,2,Retired,Own your home outright,"A larger, free-standing house (e.g. double story or 4+ bedrooms)"
0,1463,5162,0.359331,0,0.80752,0.19248,0.19248,35-39,South Australia,Regional,Live with your partner with children/other family members in the household,3,2,2,Working part time,Paying off a mortgage,"A smaller, freestanding house (e.g. single story and 3 or less bedrooms)"
0,425,3000,1.16796,0,0.838657,0.161343,0.161343,65+,Victoria,Metro,Live with your partner with children/other family members in the household,1,3,1,Retired,Paying off a mortgage,"A larger, free-standing house (e.g. double story or 4+ bedrooms)"
1,3343,4506,1.42064,0,0.905601,0.094399,0.905601,65+,Queensland,Metro,Live with your partner only,0,2,0,Retired,Own your home outright,"A larger, free-standing house (e.g. double story or 4+ bedrooms)"
0,3198,2902,0.728885,0,0.919482,0.0805179,0.0805179,30-34,ACT,Regional,Live with your partner with children/other family members in the household,2,2,1,Working full time,Paying off a mortgage,"A smaller, freestanding house (e.g. single story and 3 or less bedrooms)"
0,3421,4171,1.29978,0,0.889916,0.110084,0.110084,60-64,Queensland,Metro,Live with your partner with children/other family members in the household,0,3,1,Retired,Paying off a mortgage,"A semi-detached house (e.g. terraces, townhouse, duplex)"
0,1995,2285,0.422888,0,0.850888,0.149112,0.149112,35-39,New South Wales,Regional,Live with your partner only,0,2,2,Working part time,Renting,"A semi-detached house (e.g. terraces, townhouse, duplex)"
0,513,2519,2.05588,0,0.892115,0.107885,0.107885,65+,New South Wales,Regional,Live with your partner only,0,2,0,Retired,Own your home outright,"A larger, free-standing house (e.g. double story or 4+ bedrooms)"
0,2169,3183,0.668307,0,0.916252,0.0837478,0.0837478,25-29,Victoria,Metro,Live with your partner only,0,2,2,Working full time,Renting,An apartment or unit
1,1613,4380,1.79245,0,0.941053,0.058947,0.941053,50-54,Queensland,Regional,Live alone,0,1,0,Working full time,Other (please specify),"A mobile home, such as a caravan, motorhome or camper trailer"
0,3004,3040,0.507472,0,0.92526,0.07474,0.07474,50-54,Victoria,Metro,Live with your partner only,0,2,1,Working full time,Paying off a mortgage,"A smaller, freestanding house (e.g. single story and 3 or less bedrooms)"
0,3287,5117,0.686714,0,0.923391,0.0766087,0.0766087,25-29,South Australia,Metro,Live with your partner with children/other family members in the household,2,2,2,Working full time,Paying off a mortgage,"A larger, free-standing house (e.g. double story or 4+ bedrooms)"
0,1483,2905,1.92605,0,0.891008,0.108992,0.108992,65+,ACT,Regional,Live alone,0,1,0,Retired,Own your home outright,"A semi-detached house (e.g. terraces, townhouse, duplex)"
0,2866,6163,0.494009,0,0.966806,0.0331939,0.0331939,45-49,Western Australia,Metro,Live with your partner only,0,2,2,Working full time,Paying off a mortgage,"A larger, free-standing house (e.g. double story or 4+ bedrooms)"
0,3869,3860,0.514351,0,0.92024,0.0797595,0.0797595,40-44,Victoria,Regional,Live with your partner with children/other family members in the household,0,3,3,Working part time,Paying off a mortgage,"A larger, free-standing house (e.g. double story or 4+ bedrooms)"
1,870,3023,1.09588,0,0.899557,0.100443,0.899557,25-29,Victoria,Metro,Live with your partner only,0,2,2,Working full time,Renting,"A larger, free-standing house (e.g. double story or 4+ bedrooms)"
0,4031,2141,0.992742,0,0.806181,0.193819,0.193819,65+,New South Wales,Metro,Live alone,0,1,0,Retired,Own your home outright,"A smaller, freestanding house (e.g. single story and 3 or less bedrooms)"
0,3202,5163,0.453729,0,0.877917,0.122083,0.122083,60-64,South Australia,Metro,You are single with children/other family members in the household,0,2,2,Working full time,Paying off a mortgage,"A larger, free-standing house (e.g. double story or 4+ bedrooms)"
1,318,5048,0.849815,0,0.807777,0.192223,0.807777,65+,South Australia,Metro,Live alone,0,1,0,Retired,Own your home outright,"A smaller, freestanding house (e.g. single story and 3 or less bedrooms)"
0,983,3175,1.79905,0,0.919414,0.0805859,0.0805859,65+,Victoria,Metro,Live with your partner only,0,2,1,Retired,Own your home outright,"A larger, free-standing house (e.g. double story or 4+ bedrooms)"
0,1352,7212,0.689922,1,0.737373,0.262627,0.262627,60-64,Tasmania,Regional,Live alone,0,1,0,Unemployed,Own your home outright,"A smaller, freestanding house (e.g. single story and 3 or less bedrooms)"
0,1406,3049,1.86637,0,0.910235,0.0897646,0.0897646,60-64,Victoria,Metro,Live with your partner only,0,2,1,Retired,Own your home outright,"A larger, free-standing house (e.g. double story or 4+ bedrooms)"
0,312,5066,0.403664,1,0.770523,0.229477,0.229477,40-44,South Australia,Metro,Live with your partner with children/other family members in the household,7,2,2,Working full time,Paying off a mortgage,"A larger, free-standing house (e.g. double story or 4+ bedrooms)"
0,2404,3228,1.28804,0,0.864495,0.135505,0.135505,25-29,Victoria,Regional,Other (please specify),0,3,1,Working part time,Paying off a mortgage,"A smaller, freestanding house (e.g. single story and 3 or less bedrooms)"
1,4148,2146,1.38634,1,0.745002,0.254998,0.745002,35-39,New South Wales,Metro,Live with your partner with children/other family members in the household,2,2,1,Working full time,Renting,"A smaller, freestanding house (e.g. single story and 3 or less bedrooms)"
0,2495,3083,1.09588,0,0.929226,0.0707744,0.0707744,30-34,Victoria,Metro,Live with your partner only,0,2,2,Working part time,Paying off a mortgage,"A smaller, freestanding house (e.g. single story and 3 or less bedrooms)"
0,1274,3338,0.639836,0,0.916317,0.0836831,0.0836831,30-34,Victoria,Regional,Live alone,0,1,1,Working full time,Paying off a mortgage,"A semi-detached house (e.g. terraces, townhouse, duplex)"
0,3854,2754,2.03115,0,0.939349,0.060651,0.060651,50-54,New South Wales,Metro,Live with your partner only,0,2,2,Working full time,Paying off a mortgage,"A larger, free-standing house (e.g. double story or 4+ bedrooms)"
0,305,3335,1.12204,0,0.812541,0.187459,0.187459,30-34,Victoria,Metro,Live with your partner with children/other family members in the household,1,2,1,Working full time,Renting,"A smaller, freestanding house (e.g. single story and 3 or less bedrooms)"
1,421,7213,0.602702,1,0.618134,0.381866,0.618134,65+,Tasmania,Regional,You live in a share house (i.e. with friends/housemates),0,3,0,Retired,Renting,"A smaller, freestanding house (e.g. single story and 3 or less bedrooms)"
0,568,2166,1.13275,0,0.80594,0.19406,0.19406,45-49,New South Wales,Regional,You are single with children/other family members in the household,1,2,0,Working full time,Paying off a mortgage,"A larger, free-standing house (e.g. double story or 4+ bedrooms)"
0,2270,4053,1.18473,0,0.953008,0.046992,0.046992,30-34,Queensland,Metro,Live with your partner only,0,2,2,Working full time,Paying off a mortgage,"A smaller, freestanding house (e.g. single story and 3 or less bedrooms)"
0,404,3022,2.48997,0,0.924242,0.0757581,0.0757581,45-49,Victoria,Metro,Live with your partner with children/other family members in the household,1,2,2,Working full time,Paying off a mortgage,"A smaller, freestanding house (e.g. single story and 3 or less bedrooms)"
0,2307,5051,0.207772,0,0.896088,0.103912,0.103912,65+,South Australia,Metro,Live with your partner only,0,2,0,Retired,Own your home outright,"A smaller, freestanding house (e.g. single story and 3 or less bedrooms)"
1,2053,4655,1.53213,0,0.806134,0.193866,0.806134,65+,Queensland,Regional,Live with your partner only,0,2,2,Working part time,Renting,"A larger, free-standing house (e.g. double story or 4+ bedrooms)"
0,2348,3138,0.507472,0,0.936563,0.0634372,0.0634372,50-54,Victoria,Metro,Live with your partner only,0,2,2,Working full time,Paying off a mortgage,"A smaller, freestanding house (e.g. single story and 3 or less bedrooms)"
0,783,5043,0.607819,0,0.948902,0.051098,0.051098,60-64,South Australia,Metro,Live with your partner only,0,2,2,Working casually,Own your home outright,"A semi-detached house (e.g. terraces, townhouse, duplex)"
0,496,2147,2.2118,1,0.521685,0.478315,0.478315,45-49,New South Wales,Metro,Live with your partner with children/other family members in the household,2,2,1,Full time home / parent duties,Renting,"A smaller, freestanding house (e.g. single story and 3 or less bedrooms)"
0,2992,3195,1.47915,0,0.848724,0.151276,0.151276,50-54,Victoria,Metro,You live in a share house (i.e. with friends/housemates),0,2,1,Working casually,Other (please specify),"A smaller, freestanding house (e.g. single story and 3 or less bedrooms)"
0,3382,5038,0.714863,1,0.756506,0.243494,0.243494,40-44,South Australia,Metro,Live alone,0,1,1,Working full time,Renting,"A smaller, freestanding house (e.g. single story and 3 or less bedrooms)"
0,1928,2762,1.38634,0,0.958401,0.0415993,0.0415993,35-39,New South Wales,Metro,Live with your partner only,0,2,2,Working full time,Paying off a mortgage,An apartment or unit
0,4193,4879,0.134149,0,0.86117,0.13883,0.13883,35-39,NT,Regional,Live with your partner only,0,2,2,Working full time,Renting,An apartment or unit
1,920,3109,0.852011,0,0.863263,0.136737,0.863263,50-54,Victoria,Metro,Live with your partner with children/other family members in the household,0,4,2,Working casually,Paying off a mortgage,"A smaller, freestanding house (e.g. single story and 3 or less bedrooms)"
0,66,6009,0.494009,0,0.921141,0.0788592,0.0788592,35-39,Western Australia,Metro,Live with your partner with children/other family members in the household,2,2,1,Working full time,Paying off a mortgage,"A smaller, freestanding house (e.g. single story and 3 or less bedrooms)"
0,736,6333,0.691289,0,0.897552,0.102448,0.102448,35-39,Western Australia,Regional,Live with your partner with children/other family members in the household,2,2,2,Working part time,Paying off a mortgage,"A larger, free-standing house (e.g. double story or 4+ bedrooms)"
1,3028,2142,3.64961,1,0.650935,0.349065,0.650935,35-39,New South Wales,Metro,Live alone,0,1,0,Full-time student,Renting,An apartment or unit
0,3208,4350,0.96033,0,0.939345,0.0606555,0.0606555,65+,Queensland,Regional,Live with your partner only,0,2,2,Working full time,Paying off a mortgage,"A smaller, freestanding house (e.g. single story and 3 or less bedrooms)"
0,1794,5277,0.134149,1,0.610235,0.389765,0.389765,35-39,South Australia,Regional,Live with your partner with children/other family members in the household,4,2,1,Full time home / parent duties,Paying off a mortgage,"A smaller, freestanding house (e.g. single story and 3 or less bedrooms)"
1,3624,2420,1.63819,1,0.556641,0.443359,0.556641,60-64,New South Wales,Regional,Live alone,0,1,1,Retired,Renting,"A larger, free-standing house (e.g. double story or 4+ bedrooms)"
0,2261,832,0.359331,0,0.814119,0.185881,0.185881,35-39,NT,Regional,You are single with children/other family members in the household,1,1,1,Working full time,Paying off a mortgage,"A larger, free-standing house (e.g. double story or 4+ bedrooms)"
0,2,2142,0.797085,1,0.660177,0.339823,0.339823,18-24,New South Wales,Regional,Other (please specify),0,2,1,Unemployed,Renting,"A semi-detached house (e.g. terraces, townhouse, duplex)"
0,2577,3144,0.552209,0,0.820754,0.179246,0.179246,50-59,Victoria,Metro,Live with your partner with children/other family members in the household,0,5,3,Full time home / parent duties,Paying off a mortgage,"A larger, free-standing house (e.g. double story or 4+ bedrooms)"
0,834,5251,0.390571,0,0.884673,0.115327,0.115327,18-24,South Australia,Regional,Live with your partner only,0,2,2,Working full time,Renting,"A smaller, freestanding house (e.g. single story and 3 or less bedrooms)"
0,3514,3172,1.47372,0,0.905365,0.0946354,0.0946354,65+,Victoria,Metro,Live with your partner only,0,2,0,Retired,Own your home outright,"A larger, free-standing house (e.g. double story or 4+ bedrooms)"
0,4552,2617,0.434136,0,0.929085,0.0709154,0.0709154,30-34,ACT,Regional,Live with your partner only,0,2,2,Working full time,Renting,An apartment or unit
0,2282,2224,1.13951,0,0.921661,0.0783388,0.0783388,25-29,New South Wales,Metro,Live with your partner with children/other family members in the household,0,6,2,Working full time,Paying off a mortgage,"A larger, free-standing house (e.g. double story or 4+ bedrooms)"
0,2688,6152,0.55135,0,0.941661,0.058339,0.058339,25-29,Western Australia,Metro,Live with your partner only,0,2,2,Working full time,Renting,An apartment or unit
1,627,2770,1.58397,1,0.569856,0.430144,0.569856,40-44,New South Wales,Metro,Live with your partner with children/other family members in the household,2,2,1,Full time home / parent duties,Renting,"A larger, free-standing house (e.g. double story or 4+ bedrooms)"
0,3092,2540,1.92605,1,0.536199,0.463801,0.463801,65+,New South Wales,Regional,You live in a share house (i.e. with friends/housemates),0,2,0,Retired,Renting,"A smaller, freestanding house (e.g. single story and 3 or less bedrooms)"
0,3027,2630,1.71717,0,0.928707,0.071293,0.071293,40-44,New South Wales,Regional,Live with your partner with children/other family members in the household,2,2,2,Working full time,Own your home outright,"A larger, free-standing house (e.g. double story or 4+ bedrooms)"
0,4330,2913,2.06705,0,0.88891,0.11109,0.11109,50-59,ACT,Regional,Live with your partner only,0,2,2,Working full time,Renting,"A smaller, freestanding house (e.g. single story and 3 or less bedrooms)"
1,1530,5126,0.16939,1,0.404443,0.595557,0.404443,50-59,South Australia,Metro,Live alone,0,1,0,Unemployed,Renting,"A larger, free-standing house (e.g. double story or 4+ bedrooms)"
0,3757,2045,1.27311,1,0.696612,0.303388,0.303388,50-59,New South Wales,Metro,You are single with children/other family members in the household,0,5,2,Full time home / parent duties,Own your home outright,"A smaller, freestanding house (e.g. single story and 3 or less bedrooms)"
1,3139,2650,1.52645,0,0.861824,0.138176,0.861824,65+,New South Wales,Regional,Live with your partner with children/other family members in the household,0,3,0,Retired,Own your home outright,"A larger, free-standing house (e.g. double story or 4+ bedrooms)"
0,419,2914,0.710001,0,0.912429,0.087571,0.087571,45-49,ACT,Regional,Live with your partner with children/other family members in the household,3,2,2,Working full time,Paying off a mortgage,"A larger, free-standing house (e.g. double story or 4+ bedrooms)"
0,4355,7015,0.602702,0,0.929197,0.0708027,0.0708027,65+,Tasmania,Regional,Live with your partner only,0,2,0,Retired,Own your home outright,"A larger, free-standing house (e.g. double story or 4+ bedrooms)"
0,2462,7030,0.485547,0,0.910746,0.0892535,0.0892535,50-54,Tasmania,Regional,You are single with children/other family members in the household,0,3,3,Working full time,Paying off a mortgage,"A larger, free-standing house (e.g. double story or 4+ bedrooms)"
0,333,2007,1.7766,0,0.938423,0.0615766,0.0615766,30-34,New South Wales,Metro,Live with your partner with children/other family members in the household,2,2,2,Working full time,Paying off a mortgage,"A semi-detached house (e.g. terraces, townhouse, duplex)"
0,602,2906,1.3609,0,0.921083,0.0789169,0.0789169,40-44,ACT,Regional,Live with your partner with children/other family members in the household,3,2,2,Working full time,Paying off a mortgage,"A larger, free-standing house (e.g. double story or 4+ bedrooms)"
0,1057,4573,2.50899,0,0.892378,0.107622,0.107622,18-24,Queensland,Regional,You live in a share house (i.e. with friends/housemates),0,4,4,Working part time,Paying off a mortgage,"A larger, free-standing house (e.g. double story or 4+ bedrooms)"
0,2669,3156,1.97337,1,0.637162,0.362838,0.362838,45-49,Victoria,Metro,Live with your partner with children/other family members in the household,5,2,2,Working full time,Renting,"A smaller, freestanding house (e.g. single story and 3 or less bedrooms)"
0,3503,5162,0.432832,0,0.914483,0.0855171,0.0855171,25-29,South Australia,Metro,Live with your partner only,0,2,2,Working full time,Renting,An apartment or unit
1,1356,3122,1.7533,1,0.770396,0.229604,0.770396,18-24,Victoria,Metro,You live in a share house (i.e. with friends/housemates),0,3,3,Working part time,Renting,"A larger, free-standing house (e.g. double story or 4+ bedrooms)"
0,2359,3116,1.47372,0,0.898195,0.101805,0.101805,65+,Victoria,Metro,Live with your partner only,0,2,0,Retired,Own your home outright,"A smaller, freestanding house (e.g. single story and 3 or less bedrooms)"
0,2657,2390,0.345944,1,0.564107,0.435893,0.435893,18-24,ACT,Regional,You live in a share house (i.e. with friends/housemates),5,7,6,Working casually,Renting,"A larger, free-standing house (e.g. double story or 4+ bedrooms)"
0,381,4511,1.64004,1,0.792308,0.207692,0.207692,60-64,Queensland,Metro,Live with your partner only,0,2,2,Working part time,Renting,"A smaller, freestanding house (e.g. single story and 3 or less bedrooms)"
0,2651,2015,1.21235,0,0.916364,0.083636,0.083636,50-54,New South Wales,Metro,Live with your partner with children/other family members in the household,1,3,2,Working full time,Own your home outright,"A smaller, freestanding house (e.g. single story and 3 or less bedrooms)"
0,4118,2020,1.21235,0,0.916364,0.083636,0.083636,50-54,New South Wales,Metro,Live with your partner with children/other family members in the household,1,3,2,Working full time,Own your home outright,"A smaller, freestanding house (e.g. single story and 3 or less bedrooms)"
0,3578,4179,0.758516,0,0.91614,0.0838603,0.0838603,35-39,Queensland,Metro,Live alone,0,1,1,Working full time,Paying off a mortgage,"A semi-detached house (e.g. terraces, townhouse, duplex)"
0,4581,2615,0.63171,0,0.918451,0.0815488,0.0815488,18-24,ACT,Regional,Live with your partner only,0,2,2,Working full time,Renting,"A smaller, freestanding house (e.g. single story and 3 or less bedrooms)"
1,3409,4511,1.69956,0,0.920928,0.0790715,0.920928,40-44,Queensland,Metro,Live with your partner with children/other family members in the household,2,2,2,Working full time,Paying off a mortgage,"A larger, free-standing house (e.g. double story or 4+ bedrooms)"
0,1242,2230,1.07982,0,0.934006,0.065994,0.065994,35-39,New South Wales,Metro,Live with your partner only,2,2,2,Working full time,Paying off a mortgage,An apartment or unit
0,1326,2261,2.2238,1,0.689323,0.310677,0.310677,65+,New South Wales,Metro,Live alone,0,1,1,Working casually,Renting,An apartment or unit
1,3953,5063,0.348834,0,0.852046,0.147954,0.852046,65+,South Australia,Metro,Live with your partner with children/other family members in the household,1,2,1,Retired,Paying off a mortgage,"A larger, free-standing house (e.g. double story or 4+ bedrooms)"
0,633,2261,2.2238,0,0.877042,0.122958,0.122958,65+,New South Wales,Metro,Live with your partner only,0,2,0,Retired,Paying off a mortgage,"A larger, free-standing house (e.g. double story or 4+ bedrooms)"
0,542,3564,0.639836,0,0.904671,0.0953293,0.0953293,30-34,Victoria,Regional,Live with your partner with children/other family members in the household,2,2,2,Working full time,Paying off a mortgage,"A smaller, freestanding house (e.g. single story and 3 or less bedrooms)"
0,1187,6065,0.761769,0,0.875501,0.124499,0.124499,18-24,Western Australia,Metro,You live in a share house (i.e. with friends/housemates),0,3,3,Working full time,Renting,"A smaller, freestanding house (e.g. single story and 3 or less bedrooms)"
0,724,1968,0.852011,1,0.601568,0.398432,0.398432,50-59,Victoria,Metro,You live in a share house (i.e. with friends/housemates),0,2,1,Retired,Renting,"A smaller, freestanding house (e.g. single story and 3 or less bedrooms)"
0,1206,7005,0.311844,0,0.872932,0.127068,0.127068,30-34,Tasmania,Regional,Live with your partner only,0,2,2,Working part time,Renting,"A smaller, freestanding house (e.g. single story and 3 or less bedrooms)"
0,2216,6172,0.771641,0,0.968307,0.0316935,0.0316935,50-59,Western Australia,Metro,Live with your partner with children/other family members in the household,0,3,3,Working full time,Own your home outright,"A larger, free-standing house (e.g. double story or 4+ bedrooms)"
1,1099,2154,1.92605,1,0.790677,0.209323,0.790677,65+,New South Wales,Regional,Live with your partner with children/other family members in the household,0,3,1,Full time home / parent duties,Paying off a mortgage,"A larger, free-standing house (e.g. double story or 4+ bedrooms)"
0,3962,3083,2.12481,0,0.874573,0.125427,0.125427,18-24,Victoria,Metro,You are single with children/other family members in the household,0,4,4,Full-time student,Paying off a mortgage,"A smaller, freestanding house (e.g. single story and 3 or less bedrooms)"
0,2456,3184,0.507472,0,0.911548,0.0884524,0.0884524,60-64,Victoria,Metro,You are single with children/other family members in the household,0,2,1,Working full time,Other (please specify),An apartment or unit
0,2440,5169,0.714863,0,0.95223,0.0477696,0.0477696,40-44,South Australia,Metro,Live with your partner only,0,2,2,Working full time,Paying off a mortgage,"A smaller, freestanding house (e.g. single story and 3 or less bedrooms)"
0,2806,6065,0.994483,0,0.831536,0.168464,0.168464,45-49,Western Australia,Metro,You are single with children/other family members in the household,3,1,0,Working full time,Paying off a mortgage,"A larger, free-standing house (e.g. double story or 4+ bedrooms)"
0,818,4108,0.814692,1,0.79581,0.20419,0.20419,50-59,Queensland,Metro,You are single with children/other family members in the household,0,2,0,Retired,Other (please specify),"A smaller, freestanding house (e.g. single story and 3 or less bedrooms)"
0,1131,7304,0.183848,0,0.93534,0.0646604,0.0646604,45-49,Tasmania,Regional,Live with your partner with children/other family members in the household,3,2,2,Working full time,Own your home outright,"A larger, free-standing house (e.g. double story or 4+ bedrooms)"
0,2455,7018,0.204129,0,0.918889,0.0811115,0.0811115,60-64,Tasmania,Regional,Live with your partner with children/other family members in the household,1,3,1,Working full time,Paying off a mortgage,"A larger, free-standing house (e.g. double story or 4+ bedrooms)"
0,447,5073,0.453729,0,0.936743,0.0632571,0.0632571,50-54,South Australia,Metro,Live with your partner with children/other family members in the household,0,4,4,Working full time,Paying off a mortgage,"A larger, free-standing house (e.g. double story or 4+ bedrooms)"
0,40,5000,0.881672,0,0.895681,0.104319,0.104319,18-24,South Australia,Metro,Live with your partner only,0,2,2,Working full time,Renting,"A smaller, freestanding house (e.g. single story and 3 or less bedrooms)"
0,2563,3975,0.852011,0,0.869892,0.130108,0.130108,50-59,Victoria,Metro,Live alone,0,1,1,Working full time,Paying off a mortgage,"A smaller, freestanding house (e.g. single story and 3 or less bedrooms)"
1,1078,2007,1.21235,1,0.42559,0.57441,0.42559,50-54,New South Wales,Metro,Live alone,0,1,0,Unemployed,Renting,An apartment or unit
0,2943,6160,0.879636,0,0.947862,0.0521382,0.0521382,30-34,Western Australia,Metro,Live with your partner with children/other family members in the household,1,2,1,Working full time,Paying off a mortgage,"A larger, free-standing house (e.g. double story or 4+ bedrooms)"
0,755,6152,0.55135,0,0.937794,0.0622056,0.0622056,30-34,Western Australia,Metro,Live with your partner only,0,2,2,Working full time,Renting,An apartment or unit
1,1079,4564,0.322184,1,0.654376,0.345624,0.654376,18-24,Queensland,Regional,Live with your partner only,0,2,2,Other,Renting,"A smaller, freestanding house (e.g. single story and 3 or less bedrooms)"
0,2716,6170,1.19689,0,0.885404,0.114596,0.114596,45-49,Western Australia,Metro,Live alone,0,1,1,Working part time,Paying off a mortgage,"A larger, free-standing house (e.g. double story or 4+ bedrooms)"
0,2824,3030,0.668307,0,0.937286,0.0627144,0.0627144,30-34,Victoria,Metro,Live with your partner with children/other family members in the household,2,2,2,Working full time,Own your home outright,"A larger, free-standing house (e.g. double story or 4+ bedrooms)"
1,1254,4720,1.79245,0,0.926322,0.0736777,0.926322,60-64,Queensland,Regional,Live with your partner only,0,2,2,Working part time,Own your home outright,"A larger, free-standing house (e.g. double story or 4+ bedrooms)"
0,2320,4750,0.891606,0,0.857762,0.142238,0.142238,45-49,Queensland,Regional,Live with your partner with children/other family members in the household,2,2,2,Working part time,Paying off a mortgage,"A larger, free-standing house (e.g. double story or 4+ bedrooms)"
0,3851,4800,1.64187,0,0.896545,0.103455,0.103455,45-49,Queensland,Regional,Live with your partner only,0,2,1,Full time home / parent duties,Own your home outright,An apartment or unit
0,435,2130,0.992742,0,0.902491,0.0975089,0.0975089,65+,New South Wales,Metro,Live with your partner only,0,2,0,Retired,Own your home outright,"A larger, free-standing house (e.g. double story or 4+ bedrooms)"
0,2967,6056,1.01866,1,0.650906,0.349094,0.349094,65+,Western Australia,Metro,Live alone,0,1,0,Retired,Renting,"A smaller, freestanding house (e.g. single story and 3 or less bedrooms)"
1,2338,6038,0.862047,0,0.883438,0.116562,0.883438,35-39,Western Australia,Regional,Live with your partner only,0,2,1,Working full time,Renting,"A smaller, freestanding house (e.g. single story and 3 or less bedrooms)"
0,1009,2323,0.797085,0,0.952167,0.0478328,0.0478328,18-24,New South Wales,Regional,Live with your partner only,0,2,2,Working full time,Paying off a mortgage,"A smaller, freestanding house (e.g. single story and 3 or less bedrooms)"
0,272,3280,1.46159,0,0.929225,0.0707753,0.0707753,30-34,Victoria,Regional,Live with your partner with children/other family members in the household,1,2,2,Working full time,Paying off a mortgage,"A larger, free-standing house (e.g. double story or 4+ bedrooms)"
1,408,3551,1.11059,0,0.828762,0.171238,0.828762,65+,Victoria,Regional,Other (please specify),1,3,1,Retired,Own your home outright,"A larger, free-standing house (e.g. double story or 4+ bedrooms)"
0,79,5011,0.403664,0,0.93857,0.0614301,0.0614301,35-39,South Australia,Metro,Live with your partner with children/other family members in the household,1,2,2,Working full time,Own your home outright,"A smaller, freestanding house (e.g. single story and 3 or less bedrooms)"
0,640,2121,1.58384,0,0.902491,0.0975089,0.0975089,65+,New South Wales,Metro,Live with your partner only,0,2,0,Retired,Own your home outright,"A larger, free-standing house (e.g. double story or 4+ bedrooms)"
0,1911,2142,3.19988,0,0.910387,0.0896135,0.0896135,18-24,New South Wales,Metro,Live alone,0,1,1,Working part time,Own your home outright,An apartment or unit
1,1941,2710,1.63819,1,0.743558,0.256442,0.743558,50-59,New South Wales,Regional,You are single with children/other family members in the household,1,2,0,Working part time,Own your home outright,"A smaller, freestanding house (e.g. single story and 3 or less bedrooms)"
0,1806,5082,0.284395,0,0.854999,0.145001,0.145001,50-54,South Australia,Metro,Live alone,0,1,1,Working full time,Paying off a mortgage,"A smaller, freestanding house (e.g. single story and 3 or less bedrooms)"
1,4558,5000,0.164758,1,0.576045,0.423955,0.576045,25-29,South Australia,Regional,You live in a share house (i.e. with friends/housemates),3,3,2,Working part time,Renting,An apartment or unit
0,1992,4059,0.814692,0,0.86435,0.13565,0.13565,60-64,Queensland,Metro,Live with your partner only,0,2,2,Working full time,Renting,"A larger, free-standing house (e.g. double story or 4+ bedrooms)"
0,752,4227,0.815597,1,0.790456,0.209544,0.209544,40-44,Queensland,Regional,Live alone,0,1,1,Working full time,Renting,An apartment or unit
0,2099,5158,0.686714,0,0.836198,0.163802,0.163802,25-29,South Australia,Metro,Live alone,0,1,0,Working part time,Paying off a mortgage,"A larger, free-standing house (e.g. double story or 4+ bedrooms)"
0,1108,6230,0.881551,0,0.832029,0.167971,0.167971,25-29,Western Australia,Regional,You live in a share house (i.e. with friends/housemates),0,3,2,Working full time,Renting,"A smaller, freestanding house (e.g. single story and 3 or less bedrooms)"
0,2788,5127,0.453729,0,0.901911,0.0980892,0.0980892,50-59,South Australia,Metro,Live alone,0,1,1,Working full time,Own your home outright,"A larger, free-standing house (e.g. double story or 4+ bedrooms)"
0,2610,3073,1.17632,1,0.787759,0.212241,0.212241,35-39,Victoria,Metro,Live alone,0,1,1,Working full time,Renting,An apartment or unit
0,3986,3031,0.927122,0,0.892103,0.107897,0.107897,50-59,Victoria,Metro,Live alone,0,1,1,Working casually,Own your home outright,"A semi-detached house (e.g. terraces, townhouse, duplex)"
0,2129,4116,0.634496,0,0.834453,0.165547,0.165547,35-39,Queensland,Metro,You are single with children/other family members in the household,2,1,1,Working full time,Paying off a mortgage,"A larger, free-standing house (e.g. double story or 4+ bedrooms)"
0,2166,5169,0.16939,0,0.89738,0.10262,0.10262,50-54,South Australia,Metro,Live alone,0,1,1,Working full time,Paying off a mortgage,"A semi-detached house (e.g. terraces, townhouse, duplex)"
0,4347,2153,1.38634,0,0.810819,0.189181,0.189181,40-44,New South Wales,Metro,Live with your partner with children/other family members in the household,2,2,2,Working full time,Renting,"A larger, free-standing house (e.g. double story or 4+ bedrooms)"
0,2917,6112,0.48366,0,0.949407,0.0505929,0.0505929,50-59,Western Australia,Metro,Live with your partner with children/other family members in the household,0,2,1,Working full time,Paying off a mortgage,"A larger, free-standing house (e.g. double story or 4+ bedrooms)"
1,948,5023,0.766939,1,0.676387,0.323613,0.676387,50-59,South Australia,Metro,Live alone,0,1,0,Working full time,Renting,"A smaller, freestanding house (e.g. single story and 3 or less bedrooms)"
0,3836,2138,0.611583,0,0.902651,0.0973491,0.0973491,50-54,New South Wales,Regional,Live with your partner with children/other family members in the household,1,2,2,Working full time,Paying off a mortgage,"A larger, free-standing house (e.g. double story or 4+ bedrooms)"
0,1469,4169,0.820342,1,0.474884,0.525116,0.525116,25-29,Queensland,Metro,Live alone,0,1,0,Other,Renting,An apartment or unit
0,3218,2756,2.03115,0,0.835872,0.164128,0.164128,60-64,New South Wales,Metro,Live alone,0,1,0,Working full time,Paying off a mortgage,"A smaller, freestanding house (e.g. single story and 3 or less bedrooms)"
0,3266,3561,2.7879,0,0.895259,0.104741,0.104741,65+,Victoria,Regional,Live with your partner only,0,2,0,Retired,Own your home outright,"A larger, free-standing house (e.g. double story or 4+ bedrooms)"
0,1572,7011,0.471924,0,0.929197,0.0708027,0.0708027,65+,Tasmania,Regional,Live with your partner only,0,2,0,Retired,Own your home outright,"A larger, free-standing house (e.g. double story or 4+ bedrooms)"
1,3447,3089,1.35932,0,0.951595,0.0484046,0.951595,50-54,Victoria,Metro,Live with your partner with children/other family members in the household,0,4,4,Working full time,Own your home outright,"A larger, free-standing house (e.g. double story or 4+ bedrooms)"
0,2195,2913,1.46731,0,0.936175,0.0638248,0.0638248,30-34,ACT,Regional,Live with your partner only,0,2,2,Working full time,Renting,"A semi-detached house (e.g. terraces, townhouse, duplex)"
0,3109,2452,0.703154,0,0.891844,0.108156,0.108156,30-34,New South Wales,Regional,Live with your partner with children/other family members in the household,1,2,2,Working part time,Paying off a mortgage,"A larger, free-standing house (e.g. double story or 4+ bedrooms)"
0,4173,5039,0.686714,1,0.526637,0.473363,0.473363,25-29,South Australia,Metro,You live in a share house (i.e. with friends/housemates),0,2,1,Other,Renting,An apartment or unit
0,620,2765,1.05818,0,0.911317,0.0886826,0.0886826,30-34,New South Wales,Metro,Live with your partner with children/other family members in the household,2,2,2,Working full time,Paying off a mortgage,"A smaller, freestanding house (e.g. single story and 3 or less bedrooms)"
0,3216,4132,0.959025,1,0.652713,0.347287,0.347287,65+,Queensland,Metro,Live alone,0,1,0,Retired,Renting,"A semi-detached house (e.g. terraces, townhouse, duplex)"
0,4027,2797,0.508065,0,0.898472,0.101528,0.101528,35-39,New South Wales,Regional,Live with your partner with children/other family members in the household,2,2,2,Working full time,Paying off a mortgage,"A larger, free-standing house (e.g. double story or 4+ bedrooms)"
0,3769,2217,1.21235,0,0.894345,0.105655,0.105655,60-64,New South Wales,Metro,Live with your partner with children/other family members in the household,2,2,2,Working full time,Paying off a mortgage,"A larger, free-standing house (e.g. double story or 4+ bedrooms)"
0,3585,3023,1.79905,0,0.95732,0.0426804,0.0426804,65+,Victoria,Metro,Live with your partner only,0,2,2,Working full time,Own your home outright,"A smaller, freestanding house (e.g. single story and 3 or less bedrooms)"
0,756,6169,0.264018,0,0.818338,0.181662,0.181662,60-64,Western Australia,Metro,Live with your partner only,0,2,0,Retired,Renting,An apartment or unit
0,4052,7310,1.73703,0,0.915433,0.0845674,0.0845674,18-24,Tasmania,Regional,Live alone,0,1,0,Working full time,Paying off a mortgage,"A smaller, freestanding house (e.g. single story and 3 or less bedrooms)"
0,4537,7000,0.549488,0,0.958071,0.0419288,0.0419288,30-34,Tasmania,Regional,Live with your partner with children/other family members in the household,1,1,2,Working full time,Paying off a mortgage,"A larger, free-standing house (e.g. double story or 4+ bedrooms)"
0,1297,3011,0.916114,0,0.910882,0.0891176,0.0891176,30-34,Victoria,Regional,Live with your partner only,0,2,2,Working full time,Renting,"A semi-detached house (e.g. terraces, townhouse, duplex)"
0,770,4507,1.64004,0,0.88612,0.11388,0.11388,50-54,Queensland,Metro,Live with your partner with children/other family members in the household,0,3,2,Working casually,Paying off a mortgage,"A larger, free-standing house (e.g. double story or 4+ bedrooms)"
0,998,7010,0.81417,0,0.914736,0.085264,0.085264,35-39,Tasmania,Regional,Live with your partner with children/other family members in the household,1,2,2,Working part time,Paying off a mortgage,"A smaller, freestanding house (e.g. single story and 3 or less bedrooms)"
1,3572,4217,0.211708,0,0.810753,0.189247,0.810753,18-24,Queensland,Regional,Live with your partner only,0,2,1,Working part time,Renting,"A smaller, freestanding house (e.g. single story and 3 or less bedrooms)"
0,906,6110,1.01866,0,0.933838,0.0661618,0.0661618,65+,Western Australia,Metro,Live with your partner only,0,2,0,Retired,Own your home outright,"A larger, free-standing house (e.g. double story or 4+ bedrooms)"
0,2015,2527,1.3609,0,0.909413,0.0905867,0.0905867,40-44,New South Wales,Regional,Live with your partner with children/other family members in the household,2,2,2,Working full time,Paying off a mortgage,"A larger, free-standing house (e.g. double story or 4+ bedrooms)"
0,3250,3442,1.77187,0,0.887419,0.112581,0.112581,65+,Victoria,Regional,Live with your partner only,0,2,0,Retired,Own your home outright,"A smaller, freestanding house (e.g. single story and 3 or less bedrooms)"
0,3053,4560,0.571989,0,0.806827,0.193173,0.193173,65+,Queensland,Regional,Live alone,0,1,0,Retired,Own your home outright,"A larger, free-standing house (e.g. double story or 4+ bedrooms)"
0,2591,3101,0.927122,0,0.893062,0.106938,0.106938,50-59,Victoria,Metro,Live with your partner only,0,2,0,Retired,Own your home outright,"A smaller, freestanding house (e.g. single story and 3 or less bedrooms)"
0,3691,2207,1.07982,0,0.852451,0.147549,0.147549,45-49,New South Wales,Metro,Live with your partner only,0,2,2,Working part time,Renting,An apartment or unit
0,254,2540,0.247328,1,0.787964,0.212036,0.212036,65+,New South Wales,Regional,Live alone,0,1,0,Retired,Own your home outright,"A smaller, freestanding house (e.g. single story and 3 or less bedrooms)"
0,3815,2150,1.38634,1,0.788476,0.211524,0.211524,35-39,New South Wales,Metro,Live with your partner with children/other family members in the household,1,2,1,Working full time,Renting,"A smaller, freestanding house (e.g. single story and 3 or less bedrooms)"
0,3889,6167,0.699638,0,0.850175,0.149825,0.149825,65+,Western Australia,Metro,Live with your partner only,0,2,0,Retired,Renting,"A semi-detached house (e.g. terraces, townhouse, duplex)"
0,1068,2114,0.825729,0,0.951475,0.0485254,0.0485254,40-44,New South Wales,Metro,Live with your partner with children/other family members in the household,1,2,2,Working full time,Paying off a mortgage,"A semi-detached house (e.g. terraces, townhouse, duplex)"
0,4514,6018,0.973649,0,0.888579,0.111421,0.111421,60-64,Western Australia,Metro,Live with your partner with children/other family members in the household,1,4,3,Working full time,Renting,"A semi-detached house (e.g. terraces, townhouse, duplex)"
0,332,3027,0.700638,1,0.455316,0.544684,0.544684,35-39,Victoria,Metro,You live in a share house (i.e. with friends/housemates),1,4,3,Unemployed,Renting,"A larger, free-standing house (e.g. double story or 4+ bedrooms)"
0,2350,5204,0.226916,0,0.860664,0.139336,0.139336,50-54,South Australia,Metro,Live alone,0,1,0,Working part time,Own your home outright,"A semi-detached house (e.g. terraces, townhouse, duplex)"
0,2619,5065,0.652889,1,0.775304,0.224696,0.224696,18-24,South Australia,Metro,You live in a share house (i.e. with friends/housemates),0,4,4,Working part time,Renting,"A larger, free-standing house (e.g. double story or 4+ bedrooms)"
0,4538,7009,0.308668,0,0.918052,0.0819479,0.0819479,40-44,Tasmania,Regional,Live with your partner with children/other family members in the household,2,2,0,Working full time,Paying off a mortgage,"A larger, free-standing house (e.g. double story or 4+ bedrooms)"
0,46,3498,2.20948,0,0.887419,0.112581,0.112581,65+,Victoria,Regional,Live with your partner only,0,2,0,Retired,Own your home outright,"A smaller, freestanding house (e.g. single story and 3 or less bedrooms)"
0,4275,6148,0.288076,0,0.818564,0.181436,0.181436,50-54,Western Australia,Metro,Live with your partner with children/other family members in the household,1,2,1,Full time home / parent duties,Paying off a mortgage,"A smaller, freestanding house (e.g. single story and 3 or less bedrooms)"
0,4595,820,0.134149,0,0.819608,0.180392,0.180392,45-49,NT,Regional,You are single with children/other family members in the household,1,1,0,Working full time,Paying off a mortgage,An apartment or unit
0,3720,7250,0.760483,0,0.854476,0.145524,0.145524,65+,Tasmania,Regional,Live with your partner only,0,2,2,Working part time,Renting,"A smaller, freestanding house (e.g. single story and 3 or less bedrooms)"
0,451,4304,1.69956,0,0.87849,0.12151,0.12151,40-44,Queensland,Metro,Live with your partner only,0,2,1,Unemployed,Own your home outright,"A larger, free-standing house (e.g. double story or 4+ bedrooms)"
0,4327,2611,1.28861,0,0.927557,0.0724435,0.0724435,65+,ACT,Regional,Live with your partner with children/other family members in the household,0,3,1,Working part time,Own your home outright,"A larger, free-standing house (e.g. double story or 4+ bedrooms)"
0,3470,4207,1.1259,0,0.898448,0.101552,0.101552,65+,Queensland,Metro,Live with your partner only,0,2,0,Retired,Own your home outright,"A smaller, freestanding house (e.g. single story and 3 or less bedrooms)"
0,4332,3515,1.37774,1,0.453287,0.546713,0.546713,40-44,Victoria,Regional,You are single with children/other family members in the household,3,1,0,Working part time,Renting,"A larger, free-standing house (e.g. double story or 4+ bedrooms)"
0,4077,5097,0.652889,0,0.898218,0.101782,0.101782,18-24,South Australia,Metro,You are single with children/other family members in the household,0,2,2,Working part time,Other (please specify),"A smaller, freestanding house (e.g. single story and 3 or less bedrooms)"
0,1859,810,0.418163,0,0.909236,0.0907642,0.0907642,50-54,NT,Regional,Live with your partner with children/other family members in the household,1,2,2,Working full time,Other (please specify),"A larger, free-standing house (e.g. double story or 4+ bedrooms)"
0,3361,2773,3.85135,1,0.725211,0.274789,0.274789,25-29,New South Wales,Metro,You are single with children/other family members in the household,3,3,2,Full-time student,Paying off a mortgage,"A larger, free-standing house (e.g. double story or 4+ bedrooms)"
1,2161,6038,0.110697,1,0.566025,0.433975,0.566025,35-39,Western Australia,Regional,Live alone,2,3,2,Full-time student,Renting,"A smaller, freestanding house (e.g. single story and 3 or less bedrooms)"
0,456,2615,1.12183,0,0.965233,0.0347673,0.0347673,25-29,ACT,Regional,Live with your partner only,0,2,2,Working full time,Paying off a mortgage,"A smaller, freestanding house (e.g. single story and 3 or less bedrooms)"
0,655,3130,1.16796,0,0.9243,0.0756999,0.0756999,65+,Victoria,Metro,Live with your partner only,0,2,1,Working part time,Own your home outright,"A smaller, freestanding house (e.g. single story and 3 or less bedrooms)"
0,1015,6057,0.882795,0,0.926987,0.0730132,0.0730132,65+,Western Australia,Metro,Live with your partner with children/other family members in the household,0,3,1,Retired,Own your home outright,"A larger, free-standing house (e.g. double story or 4+ bedrooms)"
0,2897,4209,1.5862,0,0.821021,0.178979,0.178979,50-54,Queensland,Regional,Live with your partner only,0,2,1,Working full time,Renting,"A larger, free-standing house (e.g. double story or 4+ bedrooms)"
0,562,2151,2.83443,0,0.96285,0.0371499,0.0371499,30-34,New South Wales,Metro,Live with your partner only,0,2,2,Working full time,Paying off a mortgage,An apartment or unit
1,2252,5125,0.849815,0,0.807777,0.192223,0.807777,65+,South Australia,Metro,Live alone,0,1,0,Retired,Own your home outright,"A smaller, freestanding house (e.g. single story and 3 or less bedrooms)"
0,3186,2611,0.422888,1,0.753919,0.246081,0.246081,40-44,ACT,Regional,Live with your partner with children/other family members in the household,1,2,1,Full time home / parent duties,Renting,"A semi-detached house (e.g. terraces, townhouse, duplex)"
0,2105,5046,0.403664,0,0.837137,0.162863,0.162863,40-44,South Australia,Metro,You are single with children/other family members in the household,2,1,1,Working full time,Paying off a mortgage,"A smaller, freestanding house (e.g. single story and 3 or less bedrooms)"
0,4189,2650,0.601687,0,0.937976,0.0620237,0.0620237,35-39,New South Wales,Metro,Live with your partner with children/other family members in the household,1,2,2,Working full time,Own your home outright,"A smaller, freestanding house (e.g. single story and 3 or less bedrooms)"
0,4348,2906,1.80888,0,0.846729,0.153271,0.153271,50-59,ACT,Regional,Live with your partner with children/other family members in the household,6,6,6,Working full time,Paying off a mortgage,"A larger, free-standing house (e.g. double story or 4+ bedrooms)"
0,3360,4212,0.815597,0,0.962949,0.0370513,0.0370513,35-39,Queensland,Regional,Live with your partner only,0,2,1,Working full time,Own your home outright,"A semi-detached house (e.g. terraces, townhouse, duplex)"
1,2526,6059,0.29424,0,0.835666,0.164334,0.835666,40-44,Western Australia,Metro,Live alone,0,1,1,Working full time,Renting,"A larger, free-standing house (e.g. double story or 4+ bedrooms)"
1,3809,2798,1.79588,1,0.577143,0.422857,0.577143,18-24,New South Wales,Regional,You are single with children/other family members in the household,1,2,1,Full-time student,Renting,"A smaller, freestanding house (e.g. single story and 3 or less bedrooms)"
0,3979,2042,1.21235,0,0.839417,0.160583,0.160583,50-54,New South Wales,Metro,Live with your partner with children/other family members in the household,2,2,2,Working casually,Paying off a mortgage,"A larger, free-standing house (e.g. double story or 4+ bedrooms)"
0,2376,3199,0.473521,0,0.944993,0.0550069,0.0550069,40-44,Victoria,Regional,Live with your partner with children/other family members in the household,1,2,2,Working full time,Own your home outright,"A larger, free-standing house (e.g. double story or 4+ bedrooms)"
0,958,2150,1.7766,0,0.868843,0.131157,0.131157,30-34,New South Wales,Metro,Live with your partner with children/other family members in the household,1,2,2,Working full time,Renting,An apartment or unit
0,3144,3030,1.47372,0,0.850638,0.149362,0.149362,65+,Victoria,Metro,Live alone,0,1,0,Retired,Own your home outright,An apartment or unit
1,487,3136,2.36804,1,0.414937,0.585063,0.414937,35-39,Victoria,Metro,Live with your partner with children/other family members in the household,3,2,1,Unemployed,Renting,"A smaller, freestanding house (e.g. single story and 3 or less bedrooms)"
0,4432,2650,0.308148,0,0.838116,0.161884,0.161884,45-49,New South Wales,Regional,You are single with children/other family members in the household,1,1,1,Working full time,Paying off a mortgage,"A smaller, freestanding house (e.g. single story and 3 or less bedrooms)"
0,99,2034,1.7766,1,0.788515,0.211485,0.211485,25-29,New South Wales,Metro,You live in a share house (i.e. with friends/housemates),0,3,3,Working part time,Renting,An apartment or unit
0,2735,2505,1.92605,1,0.689367,0.310633,0.310633,65+,New South Wales,Regional,You are single with children/other family members in the household,0,2,0,Full time home / parent duties,Own your home outright,"A smaller, freestanding house (e.g. single story and 3 or less bedrooms)"
0,1527,5114,0.355108,0,0.885565,0.114435,0.114435,35-39,South Australia,Metro,Live with your partner with children/other family members in the household,2,2,1,Working full time,Paying off a mortgage,"A smaller, freestanding house (e.g. single story and 3 or less bedrooms)"
0,1155,5115,0.702233,0,0.803249,0.196751,0.196751,65+,South Australia,Metro,Live with your partner only,2,2,0,Retired,Paying off a mortgage,"A smaller, freestanding house (e.g. single story and 3 or less bedrooms)"
0,619,6210,0.397603,0,0.944556,0.0554439,0.0554439,30-34,Victoria,Regional,Live with your partner with children/other family members in the household,1,2,2,Working full time,Own your home outright,"A larger, free-standing house (e.g. double story or 4+ bedrooms)"
0,2650,3138,1.16796,0,0.840314,0.159686,0.159686,65+,Victoria,Metro,You live in a share house (i.e. with friends/housemates),0,2,1,Working part time,Paying off a mortgage,"A larger, free-standing house (e.g. double story or 4+ bedrooms)"
0,972,2602,0.853006,0,0.910322,0.0896778,0.0896778,35-39,ACT,Regional,Live with your partner with children/other family members in the household,2,2,1,Working full time,Paying off a mortgage,"A smaller, freestanding house (e.g. single story and 3 or less bedrooms)"
0,392,6069,0.699638,0,0.914134,0.0858658,0.0858658,65+,Western Australia,Metro,Live with your partner with children/other family members in the household,0,3,0,Retired,Own your home outright,"A larger, free-standing house (e.g. double story or 4+ bedrooms)"
0,690,7030,0.374495,0,0.867349,0.132651,0.132651,18-24,Tasmania,Regional,You live in a share house (i.e. with friends/housemates),0,3,3,Working full time,Renting,"A smaller, freestanding house (e.g. single story and 3 or less bedrooms)"
1,443,6164,0.80731,1,0.65371,0.34629,0.65371,65+,Western Australia,Metro,You live in a share house (i.e. with friends/housemates),0,3,0,Retired,Renting,"A larger, free-standing house (e.g. double story or 4+ bedrooms)"
0,880,6174,0.80731,0,0.955522,0.0444781,0.0444781,65+,Western Australia,Metro,Live with your partner only,0,2,2,Working part time,Own your home outright,"A smaller, freestanding house (e.g. single story and 3 or less bedrooms)"
1,4252,4305,0.091884,0,0.915573,0.0844272,0.915573,18-24,Queensland,Regional,Live with your partner with children/other family members in the household,0,3,2,Working casually,Paying off a mortgage,"A larger, free-standing house (e.g. double story or 4+ bedrooms)"
0,1973,3015,0.893676,0,0.929,0.0710004,0.0710004,65+,Victoria,Metro,Live with your partner only,0,2,0,Retired,Own your home outright,"A semi-detached house (e.g. terraces, townhouse, duplex)"
0,403,3131,0.532289,0,0.905365,0.0946354,0.0946354,65+,Victoria,Metro,Live with your partner only,0,2,0,Retired,Own your home outright,"A larger, free-standing house (e.g. double story or 4+ bedrooms)"
0,483,3165,2.36804,1,0.731011,0.268989,0.268989,35-39,Victoria,Metro,Live with your partner with children/other family members in the household,3,2,2,Working part time,Renting,"A semi-detached house (e.g. terraces, townhouse, duplex)"
0,624,2615,1.12183,0,0.853552,0.146448,0.146448,25-29,ACT,Regional,Live with your partner with children/other family members in the household,2,2,2,Full time home / parent duties,Paying off a mortgage,"A larger, free-standing house (e.g. double story or 4+ bedrooms)"
0,3716,5042,0.355108,0,0.930542,0.0694576,0.0694576,35-39,South Australia,Metro,Live with your partner only,0,2,0,Working full time,Paying off a mortgage,"A larger, free-standing house (e.g. double story or 4+ bedrooms)"
0,383,7250,0.546781,0,0.857871,0.142129,0.142129,50-59,Tasmania,Regional,Live with your partner with children/other family members in the household,1,3,3,Working full time,Renting,"A smaller, freestanding house (e.g. single story and 3 or less bedrooms)"
1,2343,2147,1.07982,1,0.557485,0.442515,0.557485,40-44,New South Wales,Metro,You are single with children/other family members in the household,2,1,1,Working part time,Renting,"A smaller, freestanding house (e.g. single story and 3 or less bedrooms)"
0,240,2079,2.03115,0,0.915062,0.0849382,0.0849382,50-54,New South Wales,Metro,Live with your partner with children/other family members in the household,0,3,2,Working full time,Paying off a mortgage,"A smaller, freestanding house (e.g. single story and 3 or less bedrooms)"
0,1042,4506,1.29978,0,0.946784,0.0532164,0.0532164,50-59,Queensland,Metro,Live with your partner only,0,2,2,Working full time,Paying off a mortgage,"A larger, free-standing house (e.g. double story or 4+ bedrooms)"
0,1872,5253,0.648447,0,0.877919,0.122081,0.122081,65+,South Australia,Regional,Live with your partner with children/other family members in the household,1,4,2,Working part time,Own your home outright,"A larger, free-standing house (e.g. double story or 4+ bedrooms)"
0,398,7010,0.752917,0,0.929197,0.0708027,0.0708027,65+,Tasmania,Regional,Live with your partner only,0,2,0,Retired,Own your home outright,"A larger, free-standing house (e.g. double story or 4+ bedrooms)"
0,1594,7019,0.281086,0,0.929197,0.0708027,0.0708027,65+,Tasmania,Regional,Live with your partner only,0,2,0,Retired,Own your home outright,"A larger, free-standing house (e.g. double story or 4+ bedrooms)"
0,4021,6025,1.10991,0,0.92968,0.0703199,0.0703199,30-34,Western Australia,Metro,Live alone,0,1,1,Working full time,Paying off a mortgage,"A larger, free-standing house (e.g. double story or 4+ bedrooms)"
1,4119,3036,1.17632,1,0.712679,0.287321,0.712679,35-39,Victoria,Metro,Live with your partner with children/other family members in the household,3,2,1,Full time home / parent duties,Paying off a mortgage,"A larger, free-standing house (e.g. double story or 4+ bedrooms)"
0,413,3030,1.16796,0,0.898195,0.101805,0.101805,65+,Victoria,Metro,Live with your partner only,0,2,0,Retired,Own your home outright,"A smaller, freestanding house (e.g. single story and 3 or less bedrooms)"
0,3592,2765,2.2118,0,0.934796,0.065204,0.065204,40-44,New South Wales,Metro,Live with your partner with children/other family members in the household,1,2,2,Working full time,Paying off a mortgage,"A larger, free-standing house (e.g. double story or 4+ bedrooms)"
0,611,2611,0.728885,0,0.970961,0.0290385,0.0290385,30-34,ACT,Regional,Live with your partner with children/other family members in the household,1,2,2,Working full time,Own your home outright,"A semi-detached house (e.g. terraces, townhouse, duplex)"
0,1082,7250,0.497523,0,0.900991,0.0990093,0.0990093,30-34,Tasmania,Regional,Live with your partner only,0,2,2,Working part time,Renting,An apartment or unit
0,777,6053,0.288076,0,0.958781,0.041219,0.041219,60-64,Western Australia,Metro,Live with your partner with children/other family members in the household,0,4,4,Working full time,Paying off a mortgage,"A larger, free-standing house (e.g. double story or 4+ bedrooms)"
0,3711,5069,0.104349,0,0.93857,0.0614301,0.0614301,35-39,South Australia,Metro,Live with your partner with children/other family members in the household,1,2,2,Working full time,Own your home outright,"A smaller, freestanding house (e.g. single story and 3 or less bedrooms)"
0,3667,6059,0.506016,0,0.943922,0.0560776,0.0560776,65+,Western Australia,Metro,Live with your partner only,0,2,1,Retired,Own your home outright,"A larger, free-standing house (e.g. double story or 4+ bedrooms)"
1,1005,4660,1.79245,1,0.490398,0.509602,0.490398,50-54,Queensland,Regional,Live with your partner with children/other family members in the household,0,5,2,Unemployed,Renting,"A larger, free-standing house (e.g. double story or 4+ bedrooms)"
0,3014,3026,2.36804,0,0.823275,0.176725,0.176725,40-44,Victoria,Metro,Live with your partner with children/other family members in the household,2,2,1,Full time home / parent duties,Own your home outright,"A larger, free-standing house (e.g. double story or 4+ bedrooms)"
0,3403,5042,0.556538,0,0.896088,0.103912,0.103912,65+,South Australia,Metro,Live with your partner only,0,2,0,Retired,Own your home outright,"A smaller, freestanding house (e.g. single story and 3 or less bedrooms)"
0,131,3140,1.8399,0,0.956389,0.0436108,0.0436108,30-34,Victoria,Metro,Live with your partner only,0,2,2,Working full time,Paying off a mortgage,"A larger, free-standing house (e.g. double story or 4+ bedrooms)"
0,2851,6160,0.264018,0,0.808492,0.191508,0.191508,50-54,Western Australia,Metro,Live alone,0,1,0,Working full time,Renting,"A semi-detached house (e.g. terraces, townhouse, duplex)"
0,4431,2601,1.63819,0,0.905338,0.0946621,0.0946621,50-54,ACT,Regional,Live with your partner only,0,2,2,Working full time,Renting,An apartment or unit
0,2953,2619,0.569867,0,0.931438,0.0685622,0.0685622,65+,New South Wales,Regional,Live with your partner only,0,2,1,Working full time,Paying off a mortgage,"A larger, free-standing house (e.g. double story or 4+ bedrooms)"
0,1361,4573,1.59582,0,0.852514,0.147486,0.147486,65+,Queensland,Regional,Live alone,0,1,1,Working part time,Own your home outright,"A larger, free-standing house (e.g. double story or 4+ bedrooms)"
0,2392,2731,1.92605,1,0.522075,0.477925,0.477925,65+,New South Wales,Regional,Live alone,0,1,0,Retired,Renting,"A smaller, freestanding house (e.g. single story and 3 or less bedrooms)"
0,2533,5162,0.556538,0,0.820038,0.179962,0.179962,65+,South Australia,Metro,Live alone,0,1,0,Retired,Own your home outright,"A larger, free-standing house (e.g. double story or 4+ bedrooms)"
0,3132,2222,0.825729,0,0.914956,0.0850435,0.0850435,40-44,New South Wales,Metro,Live with your partner with children/other family members in the household,3,2,2,Working full time,Paying off a mortgage,An apartment or unit
1,969,3000,0.387865,0,0.917754,0.0822465,0.917754,65+,Victoria,Metro,Live with your partner with children/other family members in the household,2,1,2,Working full time,Paying off a mortgage,"A larger, free-standing house (e.g. double story or 4+ bedrooms)"
0,2583,2614,0.422888,0,0.894978,0.105022,0.105022,35-39,ACT,Regional,Live with your partner with children/other family members in the household,2,2,2,Working part time,Paying off a mortgage,"A larger, free-standing house (e.g. double story or 4+ bedrooms)"
0,3195,7310,0.485547,0,0.913177,0.0868231,0.0868231,50-54,Tasmania,Regional,Live with your partner only,0,2,1,Full-time student,Paying off a mortgage,"A smaller, freestanding house (e.g. single story and 3 or less bedrooms)"
1,2658,3505,2.55408,0,0.817996,0.182004,0.817996,50-54,Victoria,Regional,Live alone,0,1,1,Working casually,Own your home outright,"A smaller, freestanding house (e.g. single story and 3 or less bedrooms)"
0,1413,3200,1.71517,1,0.763975,0.236025,0.236025,60-64,Victoria,Metro,Live with your partner only,0,2,0,Unemployed,Paying off a mortgage,"A smaller, freestanding house (e.g. single story and 3 or less bedrooms)"
0,382,7320,0.693339,0,0.923884,0.0761163,0.0761163,25-29,Tasmania,Regional,Live alone,0,1,1,Working full time,Paying off a mortgage,"A smaller, freestanding house (e.g. single story and 3 or less bedrooms)"
0,308,4570,1.26473,1,0.793892,0.206108,0.206108,65+,Queensland,Regional,Live alone,0,1,0,Retired,Own your home outright,"A smaller, freestanding house (e.g. single story and 3 or less bedrooms)"
0,3539,3138,0.927122,0,0.865274,0.134726,0.134726,50-54,Victoria,Metro,Live with your partner with children/other family members in the household,1,2,2,Working part time,Paying off a mortgage,"A smaller, freestanding house (e.g. single story and 3 or less bedrooms)"
0,4183,5044,0.69055,0,0.951561,0.0484389,0.0484389,30-34,South Australia,Metro,Live with your partner with children/other family members in the household,1,2,2,Working full time,Paying off a mortgage,"A semi-detached house (e.g. terraces, townhouse, duplex)"
0,1426,4132,1.4157,1,0.564498,0.435502,0.435502,30-34,Queensland,Metro,You live in a share house (i.e. with friends/housemates),0,2,2,Unemployed,Renting,"A larger, free-standing house (e.g. double story or 4+ bedrooms)"
0,2923,3152,1.7533,0,0.893242,0.106758,0.106758,18-24,Victoria,Metro,You are single with children/other family members in the household,0,5,4,Working part time,Own your home outright,"A smaller, freestanding house (e.g. single story and 3 or less bedrooms)"
0,2319,5159,1.42328,0,0.961343,0.0386573,0.0386573,18-24,New South Wales,Regional,Live with your partner only,0,2,2,Working part time,Own your home outright,"A semi-detached house (e.g. terraces, townhouse, duplex)"
0,1513,3850,0.755683,0,0.925575,0.0744248,0.0744248,50-54,Victoria,Regional,Live with your partner with children/other family members in the household,1,2,2,Working full time,Own your home outright,"A larger, free-standing house (e.g. double story or 4+ bedrooms)"
0,1922,2335,1.13275,0,0.851743,0.148257,0.148257,35-39,New South Wales,Regional,Live with your partner with children/other family members in the household,2,2,2,Working part time,Paying off a mortgage,"A larger, free-standing house (e.g. double story or 4+ bedrooms)"
0,2915,2611,0.703154,0,0.97171,0.02829,0.02829,30-34,ACT,Regional,Live with your partner only,0,2,2,Working full time,Paying off a mortgage,An apartment or unit
0,2814,3178,1.87673,0,0.862255,0.137745,0.137745,40-44,Victoria,Metro,You live in a share house (i.e. with friends/housemates),0,3,3,Working full time,Renting,"A semi-detached house (e.g. terraces, townhouse, duplex)"
0,334,4508,1.42064,0,0.811721,0.188279,0.188279,65+,Queensland,Metro,Live alone,0,1,0,Retired,Own your home outright,"A smaller, freestanding house (e.g. single story and 3 or less bedrooms)"
0,3199,2913,1.13275,0,0.940003,0.059997,0.059997,40-44,ACT,Regional,Live with your partner with children/other family members in the household,2,3,3,Working full time,Paying off a mortgage,"A larger, free-standing house (e.g. double story or 4+ bedrooms)"
0,4080,5556,0.596706,0,0.893098,0.106902,0.106902,65+,South Australia,Regional,Live with your partner only,0,2,0,Retired,Own your home outright,"A larger, free-standing house (e.g. double story or 4+ bedrooms)"
0,4184,2904,0.535199,0,0.917513,0.0824872,0.0824872,50-59,ACT,Regional,Live alone,0,1,1,Working full time,Own your home outright,"A smaller, freestanding house (e.g. single story and 3 or less bedrooms)"
0,4035,2580,1.63819,1,0.708237,0.291763,0.291763,50-59,New South Wales,Regional,Live alone,0,1,0,Retired,Own your home outright,A rural property or farm
0,3939,2093,0.657961,0,0.927583,0.0724167,0.0724167,65+,New South Wales,Metro,Live with your partner only,0,2,1,Working part time,Own your home outright,"A larger, free-standing house (e.g. double story or 4+ bedrooms)"
0,2935,4076,1.64004,0,0.833241,0.166759,0.166759,50-54,Queensland,Metro,Live with your partner with children/other family members in the household,2,2,2,Working casually,Paying off a mortgage,"A smaller, freestanding house (e.g. single story and 3 or less bedrooms)"
0,3505,4207,1.37682,0,0.910727,0.089273,0.089273,50-54,Queensland,Metro,You are single with children/other family members in the household,0,3,3,Working full time,Paying off a mortgage,"A semi-detached house (e.g. terraces, townhouse, duplex)"
0,747,4701,0.571989,0,0.887695,0.112305,0.112305,65+,Queensland,Regional,Live with your partner only,0,2,0,Retired,Own your home outright,"A smaller, freestanding house (e.g. single story and 3 or less bedrooms)"
0,1706,2601,0.418811,1,0.757293,0.242707,0.242707,25-29,ACT,Regional,Live alone,0,1,0,Working part time,Renting,An apartment or unit
1,3123,2250,2.44057,1,0.617361,0.382639,0.617361,50-59,New South Wales,Metro,Live with your partner only,0,2,1,Other,Renting,An apartment or unit
0,470,2017,1.10467,1,0.691495,0.308505,0.308505,65+,New South Wales,Metro,Live alone,0,1,1,Working part time,Renting,An apartment or unit
0,1437,5086,0.6735,1,0.62068,0.37932,0.37932,65+,South Australia,Metro,Live alone,0,1,0,Retired,Renting,An apartment or unit
1,4285,6062,0.788153,0,0.834829,0.165171,0.834829,40-44,Western Australia,Metro,Live with your partner with children/other family members in the household,2,2,1,Working full time,Renting,"A smaller, freestanding house (e.g. single story and 3 or less bedrooms)"
1,534,5023,0.566547,1,0.715014,0.284986,0.715014,45-49,South Australia,Metro,You live in a share house (i.e. with friends/housemates),0,2,0,Unemployed,Own your home outright,"A smaller, freestanding house (e.g. single story and 3 or less bedrooms)"
0,1018,4152,0.705705,0,0.905601,0.094399,0.094399,65+,Queensland,Metro,Live with your partner only,0,2,0,Retired,Own your home outright,"A larger, free-standing house (e.g. double story or 4+ bedrooms)"
1,2594,4575,1.42056,0,0.854455,0.145545,0.854455,60-64,Queensland,Regional,Live with your partner only,0,2,0,Retired,Paying off a mortgage,"A larger, free-standing house (e.g. double story or 4+ bedrooms)"
0,2948,3029,0.64984,0,0.953676,0.0463243,0.0463243,45-49,Victoria,Regional,Live with your partner with children/other family members in the household,0,3,3,Working full time,Own your home outright,"A larger, free-standing house (e.g. double story or 4+ bedrooms)"
0,2717,2498,0.288032,1,0.662766,0.337234,0.337234,18-24,NT,Regional,You are single with children/other family members in the household,5,3,2,Working full time,Paying off a mortgage,"A larger, free-standing house (e.g. double story or 4+ bedrooms)"
0,1642,3011,1.09588,0,0.817204,0.182796,0.182796,25-29,Victoria,Metro,Live alone,0,1,1,Working full time,Renting,An apartment or unit
1,1158,6101,1.01866,0,0.903911,0.096089,0.903911,65+,Western Australia,Metro,Live alone,0,1,0,Retired,Own your home outright,"A semi-detached house (e.g. terraces, townhouse, duplex)"
0,26,2031,0.797085,1,0.759956,0.240044,0.240044,18-24,ACT,Regional,Live alone,0,1,0,Full-time student,Renting,An apartment or unit
0,4345,6171,0.7072,0,0.849344,0.150656,0.150656,60-64,Western Australia,Metro,Live alone,0,1,0,Retired,Own your home outright,"A smaller, freestanding house (e.g. single story and 3 or less bedrooms)"
0,4170,2040,1.38634,1,0.682975,0.317025,0.317025,45-49,New South Wales,Metro,You are single with children/other family members in the household,2,1,0,Working full time,Renting,"A semi-detached house (e.g. terraces, townhouse, duplex)"
0,962,3000,1.12204,1,0.785388,0.214612,0.214612,25-29,Victoria,Metro,Live alone,0,1,1,Working full time,Renting,"A larger, free-standing house (e.g. double story or 4+ bedrooms)"
0,3460,6233,0.691289,0,0.945762,0.0542378,0.0542378,45-49,Western Australia,Regional,Live with your partner with children/other family members in the household,1,2,2,Working full time,Paying off a mortgage,"A larger, free-standing house (e.g. double story or 4+ bedrooms)"
0,3252,4520,1.09116,0,0.873448,0.126552,0.126552,60-64,Queensland,Metro,Live with your partner only,0,2,2,Working part time,Paying off a mortgage,A rural property or farm
0,475,5031,0.257802,0,0.814139,0.185861,0.185861,25-29,South Australia,Metro,You live in a share house (i.e. with friends/housemates),0,3,3,Working full time,Renting,"A smaller, freestanding house (e.g. single story and 3 or less bedrooms)"
1,3375,5173,0.572511,0,0.929201,0.0707992,0.929201,50-54,South Australia,Metro,Live with your partner with children/other family members in the household,0,5,5,Working part time,Own your home outright,"A larger, free-standing house (e.g. double story or 4+ bedrooms)"
0,482,4179,1.1259,0,0.882452,0.117548,0.117548,65+,Queensland,Metro,Live with your partner with children/other family members in the household,3,3,3,Working full time,Paying off a mortgage,"A smaller, freestanding house (e.g. single story and 3 or less bedrooms)"
0,276,2533,1.38634,0,0.88765,0.11235,0.11235,40-44,New South Wales,Metro,Live with your partner with children/other family members in the household,2,2,0,Working full time,Paying off a mortgage,"A larger, free-standing house (e.g. double story or 4+ bedrooms)"
0,2026,2114,1.7766,0,0.956011,0.043989,0.043989,30-34,New South Wales,Metro,Live with your partner only,0,2,1,Working full time,Paying off a mortgage,An apartment or unit
0,3104,5070,0.403664,0,0.904863,0.0951369,0.0951369,35-39,South Australia,Metro,Live alone,0,1,1,Working full time,Paying off a mortgage,An apartment or unit
1,257,2170,1.7766,0,0.947958,0.0520424,0.947958,25-29,New South Wales,Metro,Live with your partner with children/other family members in the household,1,2,2,Working full time,Own your home outright,"A smaller, freestanding house (e.g. single story and 3 or less bedrooms)"
0,4582,2601,0.235836,0,0.900005,0.0999947,0.0999947,18-24,ACT,Regional,Live with your partner only,0,2,1,Working casually,Renting,"A semi-detached house (e.g. terraces, townhouse, duplex)"
1,2503,6532,0.465213,1,0.739037,0.260963,0.739037,50-54,Western Australia,Regional,Live with your partner with children/other family members in the household,3,2,1,Unemployed,Own your home outright,"A larger, free-standing house (e.g. double story or 4+ bedrooms)"
0,2854,2487,1.52645,0,0.909923,0.0900765,0.0900765,65+,New South Wales,Regional,Live with your partner only,0,2,0,Retired,Own your home outright,An apartment or unit
0,2124,4350,0.531056,1,0.619483,0.380517,0.380517,35-39,Queensland,Regional,Live with your partner with children/other family members in the household,5,2,2,Full time home / parent duties,Paying off a mortgage,"A larger, free-standing house (e.g. double story or 4+ bedrooms)"
0,769,2782,0.992742,0,0.895129,0.104871,0.104871,65+,New South Wales,Metro,Live with your partner only,0,2,0,Retired,Own your home outright,"A smaller, freestanding house (e.g. single story and 3 or less bedrooms)"
0,1646,3197,1.47372,0,0.929,0.0710004,0.0710004,65+,Victoria,Metro,Live with your partner only,0,2,0,Retired,Own your home outright,"A semi-detached house (e.g. terraces, townhouse, duplex)"
0,3707,2000,0.722098,0,0.828644,0.171356,0.171356,50-54,New South Wales,Metro,Live with your partner with children/other family members in the household,1,2,2,Working full time,Renting,An apartment or unit
0,4105,5076,0.403664,0,0.871739,0.128261,0.128261,40-44,South Australia,Metro,Live with your partner with children/other family members in the household,2,2,2,Working part time,Paying off a mortgage,"A smaller, freestanding house (e.g. single story and 3 or less bedrooms)"
1,4018,2000,1.38634,0,0.897355,0.102645,0.897355,40-44,New South Wales,Metro,Live alone,0,1,1,Working full time,Paying off a mortgage,"A larger, free-standing house (e.g. double story or 4+ bedrooms)"
0,3369,2567,1.07982,0,0.834434,0.165566,0.165566,35-39,New South Wales,Metro,Live with your partner with children/other family members in the household,3,2,2,Working part time,Paying off a mortgage,"A larger, free-standing house (e.g. double story or 4+ bedrooms)"
0,3827,2126,3.19988,0,0.867671,0.132329,0.132329,18-24,New South Wales,Metro,You live in a share house (i.e. with friends/housemates),0,5,3,Working casually,Paying off a mortgage,"A larger, free-standing house (e.g. double story or 4+ bedrooms)"
0,3833,5162,0.453729,1,0.757162,0.242838,0.242838,60-64,South Australia,Metro,Live with your partner only,0,2,1,Working part time,Renting,"A smaller, freestanding house (e.g. single story and 3 or less bedrooms)"
0,4427,2614,1.43359,1,0.67134,0.32866,0.32866,50-54,ACT,Regional,You are single with children/other family members in the household,1,1,1,Working part time,Renting,An apartment or unit
1,4573,7216,0.950023,0,0.929197,0.0708027,0.929197,65+,Tasmania,Regional,Live with your partner only,0,2,0,Retired,Own your home outright,"A larger, free-standing house (e.g. double story or 4+ bedrooms)"
0,800,4655,1.79245,0,0.917327,0.0826727,0.0826727,50-59,Queensland,Regional,Live with your partner only,0,2,0,Retired,Own your home outright,"A semi-detached house (e.g. terraces, townhouse, duplex)"
0,1869,2800,1.92605,1,0.522075,0.477925,0.477925,65+,New South Wales,Regional,Live alone,0,1,0,Retired,Renting,"A smaller, freestanding house (e.g. single story and 3 or less bedrooms)"
0,1984,3777,1.16796,0,0.822906,0.177094,0.177094,65+,Victoria,Metro,You are single with children/other family members in the household,0,2,1,Retired,Own your home outright,"A smaller, freestanding house (e.g. single story and 3 or less bedrooms)"
1,2055,4216,1.20473,0,0.837562,0.162438,0.837562,25-29,Queensland,Regional,Live with your partner only,0,2,2,Working casually,Renting,"A larger, free-standing house (e.g. double story or 4+ bedrooms)"
0,2133,3101,0.507472,0,0.898437,0.101563,0.101563,50-54,Victoria,Metro,Live with your partner with children/other family members in the household,2,3,3,Working full time,Paying off a mortgage,"A larger, free-standing house (e.g. double story or 4+ bedrooms)"
0,1012,4565,0.890397,1,0.600276,0.399724,0.399724,50-54,Queensland,Regional,You are single with children/other family members in the household,1,2,2,Working part time,Renting,An apartment or unit
0,1745,3166,0.927122,0,0.809028,0.190972,0.190972,50-59,Victoria,Metro,Live with your partner with children/other family members in the household,2,1,1,Full time home / parent duties,Own your home outright,"A larger, free-standing house (e.g. double story or 4+ bedrooms)"
0,2222,7005,0.183848,0,0.947534,0.0524664,0.0524664,40-44,Tasmania,Regional,Live with your partner with children/other family members in the household,2,1,2,Working full time,Paying off a mortgage,"A larger, free-standing house (e.g. double story or 4+ bedrooms)"
0,3358,2122,1.99848,0,0.874704,0.125296,0.125296,65+,New South Wales,Metro,Live with your partner with children/other family members in the household,0,3,0,Retired,Own your home outright,"A larger, free-standing house (e.g. double story or 4+ bedrooms)"
0,1383,4413,1.42056,1,0.558577,0.441423,0.441423,60-64,Queensland,Regional,Live alone,0,1,0,Unemployed,Own your home outright,A rural property or farm
0,819,5068,0.348834,0,0.847713,0.152287,0.152287,65+,South Australia,Metro,Live alone,0,1,0,Retired,Own your home outright,An apartment or unit
0,1048,4018,1.21009,0,0.898448,0.101552,0.101552,65+,Queensland,Metro,Live with your partner only,0,2,0,Retired,Own your home outright,"A smaller, freestanding house (e.g. single story and 3 or less bedrooms)"
0,4271,5086,0.211508,0,0.950134,0.049866,0.049866,35-39,South Australia,Metro,Live with your partner only,0,2,2,Working full time,Paying off a mortgage,"A larger, free-standing house (e.g. double story or 4+ bedrooms)"
0,1101,2259,0.785074,0,0.908627,0.0913735,0.0913735,50-59,New South Wales,Regional,Live with your partner only,0,2,0,Working full time,Paying off a mortgage,"A smaller, freestanding house (e.g. single story and 3 or less bedrooms)"
0,4360,2774,0.825729,0,0.879318,0.120682,0.120682,40-44,New South Wales,Metro,Live with your partner with children/other family members in the household,2,2,0,Working full time,Paying off a mortgage,"A smaller, freestanding house (e.g. single story and 3 or less bedrooms)"
0,2102,5098,0.251437,0,0.852003,0.147997,0.147997,65+,South Australia,Metro,Live alone,0,1,1,Working casually,Own your home outright,"A smaller, freestanding house (e.g. single story and 3 or less bedrooms)"
1,2838,5092,0.257802,1,0.73936,0.26064,0.73936,25-29,South Australia,Metro,Live alone,0,1,1,Working part time,Renting,An apartment or unit
0,539,6057,1.01866,0,0.897734,0.102266,0.102266,65+,Western Australia,Metro,Live alone,0,1,1,Working part time,Own your home outright,"A smaller, freestanding house (e.g. single story and 3 or less bedrooms)"
0,2101,5330,0.156112,0,0.909652,0.0903484,0.0903484,50-54,South Australia,Regional,Live with your partner with children/other family members in the household,0,2,2,Working part time,Own your home outright,"A larger, free-standing house (e.g. double story or 4+ bedrooms)"
0,2167,6038,0.950895,0,0.961615,0.0383855,0.0383855,30-34,Western Australia,Metro,Other (please specify),1,3,3,Working full time,Other (please specify),"A larger, free-standing house (e.g. double story or 4+ bedrooms)"
0,1947,2765,1.81295,1,0.796183,0.203817,0.203817,35-39,New South Wales,Metro,Live with your partner with children/other family members in the household,1,2,1,Full time home / parent duties,Paying off a mortgage,"A larger, free-standing house (e.g. double story or 4+ bedrooms)"
0,1946,3136,1.42579,1,0.626043,0.373957,0.373957,65+,Victoria,Metro,Live alone,0,1,0,Retired,Renting,An apartment or unit
0,1347,4507,1.93323,0,0.806827,0.193173,0.193173,65+,Queensland,Regional,Live alone,0,1,0,Retired,Own your home outright,"A larger, free-standing house (e.g. double story or 4+ bedrooms)"
0,1083,7005,0.344416,0,0.870798,0.129202,0.129202,30-34,Tasmania,Regional,Live with your partner with children/other family members in the household,1,1,1,Working full time,Renting,"A smaller, freestanding house (e.g. single story and 3 or less bedrooms)"
0,2928,3012,0.639836,0,0.812793,0.187207,0.187207,25-29,Victoria,Regional,You live in a share house (i.e. with friends/housemates),0,3,3,Working full time,Renting,"A larger, free-standing house (e.g. double story or 4+ bedrooms)"
0,1140,2440,2.05588,1,0.691516,0.308484,0.308484,65+,New South Wales,Regional,Live with your partner only,0,2,0,Retired,Renting,"A smaller, freestanding house (e.g. single story and 3 or less bedrooms)"
0,3456,4068,0.703248,1,0.506578,0.493422,0.493422,25-29,Queensland,Metro,You live in a share house (i.e. with friends/housemates),0,3,1,Unemployed,Renting,"A larger, free-standing house (e.g. double story or 4+ bedrooms)"
0,644,4215,0.355443,0,0.818455,0.181545,0.181545,18-24,Queensland,Regional,You live in a share house (i.e. with friends/housemates),0,2,1,Working full time,Renting,An apartment or unit
1,4103,6112,0.771641,1,0.783659,0.216341,0.783659,50-59,Western Australia,Metro,Live alone,0,1,1,Working part time,Renting,"A semi-detached house (e.g. terraces, townhouse, duplex)"
0,401,2914,0.395952,1,0.773414,0.226586,0.226586,18-24,ACT,Regional,Other (please specify),1,2,1,Full-time student,Renting,"A larger, free-standing house (e.g. double story or 4+ bedrooms)"
1,253,3156,2.36804,0,0.859957,0.140043,0.859957,35-39,Victoria,Metro,You are single with children/other family members in the household,2,1,1,Working full time,Paying off a mortgage,An apartment or unit
0,495,2081,0.825729,0,0.931257,0.0687428,0.0687428,35-39,New South Wales,Metro,Live with your partner with children/other family members in the household,2,2,2,Working full time,Paying off a mortgage,"A semi-detached house (e.g. terraces, townhouse, duplex)"
0,459,4170,0.531056,0,0.830159,0.169841,0.169841,35-39,Queensland,Regional,You live in a share house (i.e. with friends/housemates),0,5,5,Working full time,Renting,An apartment or unit
0,4322,3196,1.16796,1,0.699026,0.300974,0.300974,65+,Victoria,Metro,You live in a share house (i.e. with friends/housemates),0,3,3,Working part time,Renting,"A smaller, freestanding house (e.g. single story and 3 or less bedrooms)"
0,4005,2155,1.21235,0,0.912113,0.0878866,0.0878866,50-54,New South Wales,Metro,Live with your partner with children/other family members in the household,1,2,2,Working full time,Paying off a mortgage,"A larger, free-standing house (e.g. double story or 4+ bedrooms)"
0,3226,3922,2.20948,0,0.858653,0.141347,0.141347,65+,Victoria,Regional,Live with your partner only,0,2,0,Retired,Paying off a mortgage,"A smaller, freestanding house (e.g. single story and 3 or less bedrooms)"
0,214,6008,0.438528,0,0.835213,0.164787,0.164787,65+,Western Australia,Metro,Live with your partner only,0,2,0,Retired,Renting,An apartment or unit
1,3620,2612,0.422888,0,0.952475,0.0475246,0.952475,35-39,ACT,Regional,Live with your partner with children/other family members in the household,1,2,2,Working full time,Own your home outright,"A smaller, freestanding house (e.g. single story and 3 or less bedrooms)"
0,1929,2107,0.758286,0,0.846429,0.153571,0.153571,50-59,New South Wales,Metro,Live with your partner with children/other family members in the household,1,1,1,Full time home / parent duties,Paying off a mortgage,"A semi-detached house (e.g. terraces, townhouse, duplex)"
0,4038,3977,1.97337,0,0.911019,0.0889812,0.0889812,35-39,Victoria,Metro,Live with your partner with children/other family members in the household,2,2,2,Working full time,Paying off a mortgage,"A larger, free-standing house (e.g. double story or 4+ bedrooms)"
0,3246,3040,0.893676,0,0.898195,0.101805,0.101805,65+,Victoria,Metro,Live with your partner only,0,2,0,Retired,Own your home outright,"A smaller, freestanding house (e.g. single story and 3 or less bedrooms)"
0,3321,3099,1.0555,0,0.897173,0.102827,0.102827,18-24,Victoria,Metro,Other (please specify),1,2,2,Working part time,Paying off a mortgage,"A larger, free-standing house (e.g. double story or 4+ bedrooms)"
1,1925,2346,1.13275,1,0.708469,0.291531,0.708469,35-39,New South Wales,Regional,Live with your partner with children/other family members in the household,3,1,1,Full time home / parent duties,Paying off a mortgage,"A larger, free-standing house (e.g. double story or 4+ bedrooms)"
0,3982,2257,1.76242,0,0.902491,0.0975089,0.0975089,65+,New South Wales,Metro,Live with your partner only,0,2,0,Retired,Own your home outright,"A larger, free-standing house (e.g. double story or 4+ bedrooms)"
0,3849,2528,1.52645,0,0.884071,0.115929,0.115929,65+,New South Wales,Regional,Live with your partner only,0,2,0,Retired,Own your home outright,"A smaller, freestanding house (e.g. single story and 3 or less bedrooms)"
0,1358,4078,1.09116,1,0.724045,0.275955,0.275955,50-54,Queensland,Metro,You are single with children/other family members in the household,0,3,3,Working full time,Renting,"A smaller, freestanding house (e.g. single story and 3 or less bedrooms)"
1,1165,3038,1.86637,0,0.834946,0.165054,0.834946,50-54,Victoria,Metro,Live alone,0,1,0,Working full time,Paying off a mortgage,"A smaller, freestanding house (e.g. single story and 3 or less bedrooms)"
0,1664,4164,1.21009,0,0.823786,0.176214,0.176214,65+,Queensland,Metro,Live alone,0,1,0,Retired,Own your home outright,"A larger, free-standing house (e.g. double story or 4+ bedrooms)"
0,4340,3025,0.863561,0,0.833239,0.166761,0.166761,45-49,Victoria,Regional,Live with your partner with children/other family members in the household,1,2,1,Full time home / parent duties,Paying off a mortgage,"A semi-detached house (e.g. terraces, townhouse, duplex)"
0,876,3978,1.12204,0,0.947895,0.052105,0.052105,30-34,Victoria,Metro,Live with your partner with children/other family members in the household,0,3,3,Working full time,Paying off a mortgage,"A smaller, freestanding house (e.g. single story and 3 or less bedrooms)"
0,138,2903,0.274169,0,0.918451,0.0815488,0.0815488,18-24,ACT,Regional,Live with your partner only,0,2,2,Working full time,Renting,"A smaller, freestanding house (e.g. single story and 3 or less bedrooms)"
1,17,7140,0.471924,0,0.923681,0.0763187,0.923681,65+,Tasmania,Regional,Live with your partner only,0,2,0,Retired,Own your home outright,"A smaller, freestanding house (e.g. single story and 3 or less bedrooms)"
0,2043,2557,1.58384,1,0.695584,0.304416,0.304416,65+,New South Wales,Metro,Live with your partner only,0,2,0,Retired,Renting,Other (specify)
0,1320,3148,1.71517,1,0.792584,0.207416,0.207416,60-64,Victoria,Metro,Live alone,0,1,0,Retired,Own your home outright,"A smaller, freestanding house (e.g. single story and 3 or less bedrooms)"
0,3332,3175,1.47372,0,0.953259,0.046741,0.046741,65+,Victoria,Metro,Live with your partner only,0,2,1,Working full time,Own your home outright,"A larger, free-standing house (e.g. double story or 4+ bedrooms)"
0,2315,6009,0.264018,0,0.865005,0.134995,0.134995,50-54,Western Australia,Metro,You are single with children/other family members in the household,2,2,2,Working full time,Paying off a mortgage,"A larger, free-standing house (e.g. double story or 4+ bedrooms)"
0,4560,5606,0.966979,0,0.876491,0.123509,0.123509,45-49,South Australia,Regional,Live with your partner with children/other family members in the household,3,2,2,Working full time,Paying off a mortgage,"A larger, free-standing house (e.g. double story or 4+ bedrooms)"
0,266,3331,2.20948,1,0.747493,0.252507,0.252507,65+,Victoria,Regional,Live alone,0,1,0,Retired,Paying off a mortgage,"A smaller, freestanding house (e.g. single story and 3 or less bedrooms)"
0,261,2068,1.58384,1,0.618264,0.381736,0.381736,65+,New South Wales,Metro,Live alone,0,1,0,Retired,Renting,An apartment or unit
0,3629,4012,0.814692,0,0.82966,0.17034,0.17034,50-54,Queensland,Metro,You are single with children/other family members in the household,1,1,1,Working full time,Paying off a mortgage,"A smaller, freestanding house (e.g. single story and 3 or less bedrooms)"
0,2080,5039,0.25637,0,0.912142,0.0878577,0.0878577,30-34,South Australia,Metro,Live with your partner with children/other family members in the household,2,2,2,Working full time,Paying off a mortgage,"A smaller, freestanding house (e.g. single story and 3 or less bedrooms)"
0,2424,3976,1.86637,1,0.662635,0.337365,0.337365,60-64,Victoria,Metro,Live with your partner only,0,2,1,Full time home / parent duties,Renting,"A larger, free-standing house (e.g. double story or 4+ bedrooms)"
0,111,3141,1.12204,0,0.884961,0.115039,0.115039,25-29,Victoria,Metro,Live with your partner only,0,2,0,Working full time,Renting,An apartment or unit
0,429,5091,0.702233,0,0.896088,0.103912,0.103912,65+,South Australia,Metro,Live with your partner only,0,2,0,Retired,Own your home outright,"A smaller, freestanding house (e.g. single story and 3 or less bedrooms)"
0,2904,6112,0.961192,0,0.928993,0.0710073,0.0710073,18-24,Western Australia,Metro,Live with your partner with children/other family members in the household,2,3,3,Working casually,Paying off a mortgage,"A larger, free-standing house (e.g. double story or 4+ bedrooms)"
1,4588,800,0.388147,0,0.841194,0.158806,0.841194,25-29,NT,Regional,Live with your partner only,8,2,5,Working full time,Paying off a mortgage,"A semi-detached house (e.g. terraces, townhouse, duplex)"
0,4464,832,0.196781,1,0.662624,0.337376,0.337376,40-44,NT,Regional,Live with your partner with children/other family members in the household,2,2,2,Working part time,Renting,"A larger, free-standing house (e.g. double story or 4+ bedrooms)"
0,4534,7052,0.308668,0,0.940943,0.0590567,0.0590567,40-44,Tasmania,Regional,Live with your partner with children/other family members in the household,2,2,2,Working full time,Paying off a mortgage,"A larger, free-standing house (e.g. double story or 4+ bedrooms)"
0,2849,6028,0.596015,0,0.919231,0.0807691,0.0807691,30-34,Western Australia,Metro,Live with your partner only,0,2,2,Working full time,Renting,"A smaller, freestanding house (e.g. single story and 3 or less bedrooms)"
0,2220,2615,0.703154,0,0.907654,0.0923456,0.0923456,30-34,ACT,Regional,Live with your partner with children/other family members in the household,1,2,2,Working full time,Renting,"A semi-detached house (e.g. terraces, townhouse, duplex)"
0,3291,2071,0.825729,0,0.823757,0.176243,0.176243,45-49,New South Wales,Metro,Live with your partner with children/other family members in the household,2,2,2,Working full time,Renting,An apartment or unit
0,1359,4207,1.89014,0,0.938594,0.0614057,0.0614057,25-29,Queensland,Metro,Live with your partner only,0,2,2,Working part time,Paying off a mortgage,"A larger, free-standing house (e.g. double story or 4+ bedrooms)"
0,4402,5093,0.607819,0,0.908352,0.0916483,0.0916483,60-64,South Australia,Metro,Live with your partner only,0,2,1,Retired,Own your home outright,"A larger, free-standing house (e.g. double story or 4+ bedrooms)"
0,593,5024,0.25637,0,0.830233,0.169767,0.169767,25-29,South Australia,Metro,Live with your partner only,0,6,2,Working full time,Renting,"A smaller, freestanding house (e.g. single story and 3 or less bedrooms)"
0,1422,5051,0.849815,0,0.934351,0.0656491,0.0656491,65+,South Australia,Metro,Live with your partner only,0,2,2,Working part time,Own your home outright,"A smaller, freestanding house (e.g. single story and 3 or less bedrooms)"
0,1990,2320,1.42929,1,0.773672,0.226328,0.226328,45-49,New South Wales,Regional,Live with your partner with children/other family members in the household,2,2,2,Working full time,Renting,"A larger, free-standing house (e.g. double story or 4+ bedrooms)"
0,47,3974,3.70388,0,0.873348,0.126652,0.126652,30-34,Victoria,Metro,Live with your partner with children/other family members in the household,2,2,2,Working part time,Paying off a mortgage,"A smaller, freestanding house (e.g. single story and 3 or less bedrooms)"
0,2551,3178,1.12204,0,0.952884,0.0471158,0.0471158,30-34,Victoria,Metro,Live with your partner only,0,2,2,Working full time,Paying off a mortgage,"A smaller, freestanding house (e.g. single story and 3 or less bedrooms)"
0,2140,3182,0.700638,0,0.890825,0.109175,0.109175,35-39,Victoria,Metro,Live alone,0,1,0,Working full time,Paying off a mortgage,An apartment or unit
0,2562,6030,0.264018,0,0.80717,0.19283,0.19283,50-54,Western Australia,Metro,You are single with children/other family members in the household,0,3,3,Working full time,Renting,"A larger, free-standing house (e.g. double story or 4+ bedrooms)"
0,3257,4655,0.530336,0,0.946273,0.0537266,0.0537266,50-54,Queensland,Regional,Live with your partner with children/other family members in the household,0,4,4,Working full time,Own your home outright,"A larger, free-standing house (e.g. double story or 4+ bedrooms)"
0,3666,2140,1.91316,0,0.911317,0.0886826,0.0886826,30-34,New South Wales,Metro,Live with your partner with children/other family members in the household,2,2,2,Working full time,Paying off a mortgage,"A smaller, freestanding house (e.g. single story and 3 or less bedrooms)"
0,4590,830,0.489759,0,0.859473,0.140527,0.140527,25-29,NT,Regional,Live with your partner only,0,2,2,Working full time,Renting,"A larger, free-standing house (e.g. double story or 4+ bedrooms)"
0,4425,2480,0.389986,0,0.879043,0.120957,0.120957,50-54,New South Wales,Regional,Live with your partner with children/other family members in the household,2,2,2,Working full time,Paying off a mortgage,"A larger, free-standing house (e.g. double story or 4+ bedrooms)"
0,2170,4300,1.4157,0,0.857508,0.142492,0.142492,25-29,Queensland,Metro,Live with your partner with children/other family members in the household,1,2,2,Working full time,Renting,"A larger, free-standing house (e.g. double story or 4+ bedrooms)"
0,4601,820,0.441322,0,0.874659,0.125341,0.125341,30-34,NT,Regional,Live with your partner only,0,2,2,Working full time,Renting,An apartment or unit
0,2202,2615,0.418811,0,0.940169,0.0598314,0.0598314,30-34,ACT,Regional,Live alone,0,1,1,Working full time,Paying off a mortgage,"A semi-detached house (e.g. terraces, townhouse, duplex)"
0,359,2154,2.89241,0,0.903977,0.096023,0.096023,35-39,New South Wales,Metro,Live alone,0,1,1,Working full time,Paying off a mortgage,An apartment or unit
0,584,2287,1.07982,1,0.64437,0.35563,0.35563,40-44,New South Wales,Metro,Live with your partner with children/other family members in the household,2,2,1,Full time home / parent duties,Renting,"A semi-detached house (e.g. terraces, townhouse, duplex)"
0,4605,810,0.359331,1,0.606396,0.393604,0.393604,35-39,NT,Regional,You are single with children/other family members in the household,1,1,1,Working full time,Renting,"A smaller, freestanding house (e.g. single story and 3 or less bedrooms)"
0,4549,7009,0.492456,1,0.794337,0.205663,0.205663,35-39,Tasmania,Regional,Live with your partner with children/other family members in the household,0,3,1,Working part time,Renting,"A smaller, freestanding house (e.g. single story and 3 or less bedrooms)"
0,907,5075,0.432832,0,0.951848,0.0481519,0.0481519,30-34,South Australia,Metro,Live with your partner only,0,2,2,Working full time,Paying off a mortgage,"A smaller, freestanding house (e.g. single story and 3 or less bedrooms)"
0,1831,4703,0.571989,1,0.786595,0.213405,0.213405,65+,Queensland,Regional,Live with your partner only,0,2,0,Other,Own your home outright,"A larger, free-standing house (e.g. double story or 4+ bedrooms)"
0,3743,2620,0.703154,0,0.927017,0.0729826,0.0729826,30-34,New South Wales,Regional,Live with your partner with children/other family members in the household,1,2,2,Working full time,Paying off a mortgage,"A larger, free-standing house (e.g. double story or 4+ bedrooms)"
0,2137,6330,0.272584,0,0.816465,0.183535,0.183535,25-29,Western Australia,Regional,Live alone,0,1,1,Working full time,Renting,"A smaller, freestanding house (e.g. single story and 3 or less bedrooms)"
1,2702,4054,0.758516,0,0.889463,0.110537,0.889463,35-39,Queensland,Metro,Live with your partner with children/other family members in the household,3,2,2,Working full time,Paying off a mortgage,"A larger, free-standing house (e.g. double story or 4+ bedrooms)"
0,730,4209,0.522864,0,0.88918,0.11082,0.11082,25-29,Queensland,Regional,Live with your partner only,0,2,2,Working full time,Renting,"A larger, free-standing house (e.g. double story or 4+ bedrooms)"
0,485,4300,0.418866,0,0.956504,0.0434958,0.0434958,30-34,Queensland,Metro,Live with your partner only,0,2,2,Working full time,Paying off a mortgage,"A larger, free-standing house (e.g. double story or 4+ bedrooms)"
0,663,4370,2.00145,0,0.926322,0.0736777,0.0736777,60-64,Queensland,Regional,Live with your partner only,0,2,2,Working part time,Own your home outright,"A larger, free-standing house (e.g. double story or 4+ bedrooms)"
0,765,4055,1.21009,0,0.905601,0.094399,0.094399,65+,Queensland,Metro,Live with your partner only,0,2,0,Retired,Own your home outright,"A larger, free-standing house (e.g. double story or 4+ bedrooms)"
0,233,7000,0.20514,0,0.875214,0.124786,0.124786,25-29,Tasmania,Regional,You live in a share house (i.e. with friends/housemates),0,4,4,Working full time,Renting,"A larger, free-standing house (e.g. double story or 4+ bedrooms)"
0,304,4817,0.891606,0,0.871055,0.128945,0.128945,40-44,Queensland,Regional,Live with your partner with children/other family members in the household,2,2,2,Working part time,Paying off a mortgage,"A larger, free-standing house (e.g. double story or 4+ bedrooms)"
0,1717,4655,1.93323,1,0.604907,0.395093,0.395093,65+,Queensland,Regional,Live with your partner only,0,2,0,Full time home / parent duties,Renting,"A smaller, freestanding house (e.g. single story and 3 or less bedrooms)"
0,3461,4103,1.89014,0,0.86366,0.13634,0.13634,25-29,Queensland,Metro,You live in a share house (i.e. with friends/housemates),0,2,2,Working full time,Renting,"A semi-detached house (e.g. terraces, townhouse, duplex)"
0,3561,2261,0.687405,0,0.824429,0.175571,0.175571,65+,New South Wales,Metro,You live in a share house (i.e. with friends/housemates),2,3,3,Working part time,Own your home outright,"A smaller, freestanding house (e.g. single story and 3 or less bedrooms)"
0,3273,3616,0.381097,0,0.809578,0.190422,0.190422,30-34,Victoria,Regional,Live with your partner with children/other family members in the household,2,2,2,Working part time,Paying off a mortgage,A rural property or farm
0,1452,5098,0.849815,0,0.903389,0.0966105,0.0966105,65+,South Australia,Metro,Live with your partner only,0,2,0,Retired,Own your home outright,"A larger, free-standing house (e.g. double story or 4+ bedrooms)"
0,4001,2170,1.38634,0,0.901328,0.0986716,0.0986716,35-39,New South Wales,Metro,Live with your partner with children/other family members in the household,2,2,2,Working full time,Paying off a mortgage,"A smaller, freestanding house (e.g. single story and 3 or less bedrooms)"
1,850,3000,0.76901,0,0.942873,0.0571268,0.942873,65+,Victoria,Regional,Live with your partner with children/other family members in the household,1,1,2,Working full time,Own your home outright,"A larger, free-standing house (e.g. double story or 4+ bedrooms)"
1,903,2219,1.27311,1,0.703636,0.296364,0.703636,50-54,New South Wales,Metro,You are single with children/other family members in the household,1,1,1,Working full time,Renting,An apartment or unit
1,3751,5112,0.766939,1,0.385099,0.614901,0.385099,50-59,South Australia,Metro,Live alone,0,1,0,Unemployed,Renting,"A smaller, freestanding house (e.g. single story and 3 or less bedrooms)"
0,289,2325,1.12183,1,0.776109,0.223891,0.223891,25-29,New South Wales,Regional,Live with your partner with children/other family members in the household,2,3,2,Full time home / parent duties,Paying off a mortgage,"A larger, free-standing house (e.g. double story or 4+ bedrooms)"
0,1145,6064,0.264018,0,0.955047,0.0449534,0.0449534,50-54,Western Australia,Metro,Live with your partner with children/other family members in the household,0,3,3,Working full time,Paying off a mortgage,"A larger, free-standing house (e.g. double story or 4+ bedrooms)"
1,2522,4870,1.79245,0,0.80623,0.19377,0.80623,50-59,Queensland,Regional,Live with your partner only,0,2,1,Other,Own your home outright,"A larger, free-standing house (e.g. double story or 4+ bedrooms)"
0,3424,3910,0.927122,1,0.716045,0.283955,0.283955,50-54,Victoria,Metro,Live with your partner with children/other family members in the household,2,3,2,Full time home / parent duties,Paying off a mortgage,"A smaller, freestanding house (e.g. single story and 3 or less bedrooms)"
0,434,4352,1.64187,1,0.486601,0.513399,0.513399,40-44,Queensland,Regional,Live alone,0,1,0,Unemployed,Renting,An apartment or unit
0,2514,3144,2.48997,0,0.808083,0.191917,0.191917,40-44,Victoria,Metro,Live alone,0,1,1,Working full time,Renting,An apartment or unit
0,1008,5074,0.355108,0,0.90915,0.0908502,0.0908502,35-39,South Australia,Metro,Live with your partner with children/other family members in the household,2,2,2,Working full time,Paying off a mortgage,"A larger, free-standing house (e.g. double story or 4+ bedrooms)"
