LGA_Code,LGA_Name,State,IRSD_Score,IRSD_Decile_Australia,Population_2021_SEIFA,IRSD_Rank_Australia,IRSD_Percentile_Australia,Pct_Pop_no_SEIFA,Median_rent_weekly,Median_Household_Income_Weekly,Median_Household_Income_Annual,Average_household_size,Population_Total_2021,Population_65_Plus,Pct_Population_65_Plus,One_Parent_Families,Total_Families,Pct_One_Parent_Families,Total_Occupied_Dwellings,Rented_Dwellings,Pct_Rented_Dwellings,Unemployed_Persons,Labour_Force_Total,Unemployment_Rate,Labour_Force_Participation_Rate,LGA_Total_Area_SQKM,Dominant_Remoteness,Dominant_Remoteness_Score,Dominant_Remoteness_Pct,Final_Station_Number,Final_Station_Name,Final_Distance_KM,Final_Distance_Band,Fallback_Used,Mean_Max_Temp_C,Mean_Days_Above_35C,Mean_Min_Temp_C,Mean_Days_Below_2C,Representative_Annual_Bill_AUD,Energy_Data_Available,Energy_Burden_Pct,Energy_Burden_10Pct_Increase,Energy_Burden_20Pct_Increase,Energy_Burden_30Pct_Increase,Risk_SEIFA,Risk_Unemployment,Risk_Rental,Risk_One_Parent,Risk_Age_65_Plus
10050,Albury,NSW,967.9040278,5,56093,232,43,0.000499171,270,1430,74360,2.3,56093,10976,19.56750397,2705,14613,18.51091494,22182,7489,33.76160851,1326,27666,4.8,60.8,305.6386,Inner Regional Australia,1,100,72160,ALBURY AIRPORT AWS,6.24,<=25 km,FALSE,22.5,21.4,9.2,45.2,2357.5452,TRUE,3.17044809,3.487492899,3.804537708,4.121582517,55.55555556,11.11111111,29.09941519,29.6174639,41.1372429
10180,Armidale Regional,NSW,980.361546,6,29124,281,52,0.031795083,285,1404,73008,2.3,29124,5519,18.95000687,1178,6896,17.08236659,10636,3696,34.74990598,715,13482,5.3,56.4,7809.4406,Outer Regional Australia,2,90.04526906,56037,ARMIDALE (TREE GROUP NURSERY),28.81,25-50 km,FALSE,20.5,1.1,6.4,98.5,2357.5452,TRUE,3.229160092,3.552076101,3.87499211,4.197908119,44.44444444,12.26851852,30.17311405,27.33178654,39.72467923
10900,Blue Mountains,NSW,1048.236121,9,78121,492,90,0.000896046,400,1756,91312,2.4,78121,17538,22.44978943,3285,22072,14.88310982,30528,5435,17.80332809,1456,37749,3.9,58.5,1431.1442,Inner Regional Australia,1,83.31295337,63292,MOUNT BOYCE AWS,15.24,<=25 km,FALSE,17.2,1,8.2,40.3,2357.5452,TRUE,2.58185693,2.840042623,3.098228316,3.356414009,11.11111111,9.027777778,11.76213761,23.81297572,47.73065321
10250,Ballina,NSW,1015.142657,8,46296,411,76,0.000280802,420,1429,74308,2.4,46296,12534,27.07361327,2142,12754,16.79473106,18281,4871,26.6451507,736,21513,3.4,55.5,484.9692,Inner Regional Australia,1,100,58198,BALLINA AIRPORT AWS,8.25,<=25 km,FALSE,24.6,1.7,14.6,1.5,2357.5452,TRUE,3.172666738,3.489933412,3.807200086,4.12446676,22.22222222,7.87037037,21.36800547,26.8715697,58.30794271
11500,Campbelltown (NSW),NSW,947.4859545,3,176519,154,29,0.003319756,380,1700,88400,2.9,176519,23454,13.28695495,9528,46917,20.30820385,57368,19456,33.91437735,4936,77719,6.3,56.5,311.4117,Major Cities of Australia,0,63.58325651,66161,HOLSWORTHY AERODROME AWS,12.62,<=25 km,TRUE,23.7,12.7,12,7.1,2357.5452,TRUE,2.666906335,2.933596968,3.200287602,3.466978235,77.77777778,14.58333333,29.26538519,32.49312616,26.77008977
10300,Balranald,NSW,960.1625158,4,2208,200,37,0,200,1370,71240,2.5,2208,453,20.51630435,73,518,14.09266409,733,176,24.01091405,31,1001,3.3,56.6,21690.7493,Remote Australia,3,85.67573136,75019,HAY AIRPORT AWS,117.19,>100 km,FALSE,25.2,46.8,10.2,40.8,2357.5452,TRUE,3.309299831,3.640229815,3.971159798,4.302089781,66.66666667,7.638888889,18.50613747,22.54826255,43.30768379
89399,Unincorporated ACT,ACT,1070.922935,10,453890,514,94,0.019026636,450,2373,123396,2.5,453890,62167,13.69649034,16650,119752,13.90373438,168400,51681,30.68942993,9905,258296,3.8,69.6,2358.133,Inner Regional Australia,1,75.14720332,70349,MOUNT GININI AWS,16.68,<=25 km,FALSE,11.7,0,3.5,148.7,2270.662725,TRUE,1.840142894,2.024157183,2.208171473,2.392185762,0,8.796296296,25.76176154,22.24597502,27.70692788
10470,Bathurst Regional,NSW,991.4940862,7,43567,330,61,0.025937063,320,1585,82420,2.5,43567,8064,18.50942227,2077,11242,18.47536026,15942,4827,30.2785096,863,21317,4.1,60.2,3817.8645,Inner Regional Australia,1,64.1067644,63291,BATHURST AIRPORT AWS,7.08,<=25 km,FALSE,20.5,6,6.9,82.9,2357.5452,TRUE,2.860404271,3.146444698,3.432485125,3.718525552,33.33333333,9.490740741,25.3153325,29.56057641,38.7168141
15050,Maitland,NSW,988.467985,6,90226,313,58,0.000166249,370,1766,91832,2.7,90226,14005,15.52213331,4562,25244,18.07162098,32648,9734,29.81499632,2118,45403,4.7,64,391.5089,Major Cities of Australia,0,54.65122249,61250,PATERSON (TOCAL AWS),10.64,<=25 km,FALSE,24.2,17.5,12.1,7,2357.5452,TRUE,2.567237129,2.823960841,3.080684554,3.337408267,44.44444444,10.87962963,24.81176582,28.91459357,31.88320165
10500,Bayside (NSW),NSW,1003.858592,7,175184,381,70,0.000456663,500,1959,101868,2.5,175184,26000,14.84153804,6829,45959,14.85889597,64833,27318,42.13594929,5002,90134,5.5,60.6,50.6204,Major Cities of Australia,0,100,66037,SYDNEY AIRPORT AMO,4.99,<=25 km,FALSE,22.5,5.5,13.6,0.4,2357.5452,TRUE,2.314313818,2.5457452,2.777176581,3.008607963,33.33333333,12.73148148,38.19740486,23.77423356,30.32629693
10550,Bega Valley,NSW,985.8235732,6,35942,302,56,0.000278226,310,1200,62400,2.2,35942,10412,28.96889433,1419,9945,14.26847662,14630,3017,20.62200957,548,15523,3.5,50.9,6278.5013,Outer Regional Australia,2,100,69139,BEGA AWS,18.7,<=25 km,FALSE,21.9,5.4,8.9,52.1,2357.5452,TRUE,3.778117308,4.155929038,4.533740769,4.9115525,44.44444444,8.101851852,14.8243888,22.82956259,62.64351801
14900,Liverpool,NSW,930.7921369,3,233446,113,21,0.001302228,400,1819,94588,3.2,233446,26976,11.55556317,11047,59471,18.57544013,69314,24377,35.16894134,6361,96313,6.6,53,305.7401,Major Cities of Australia,0,73.14235195,66161,HOLSWORTHY AERODROME AWS,6.41,<=25 km,FALSE,23.7,12.7,12,7.1,2357.5452,TRUE,2.492435827,2.74167941,2.990922992,3.240166575,77.77777778,15.27777778,30.62835936,29.72070421,22.80942157
10600,Bellingen,NSW,980.9140786,6,13253,283,52,0,340,1197,62244,2.3,13253,3560,26.8618426,671,3594,18.67000556,5185,1136,21.90935391,303,5667,5.3,51.4,1600.4338,Outer Regional Australia,2,53.80996077,59140,DORRIGO (OLD CORAMBA RD),3.29,<=25 km,FALSE,20,0.5,10.1,18.9,2357.5452,TRUE,3.787586273,4.166344901,4.545103528,4.923862155,44.44444444,12.26851852,16.22297596,29.8720089,57.8235039
10650,Berrigan,NSW,965.812268,5,8665,225,42,0,210,1128,58656,2.2,8665,2826,32.61396422,292,2278,12.81826163,3373,658,19.50785651,111,3566,3.1,48.7,2065.8878,Outer Regional Australia,2,70.75565285,81124,YARRAWONGA,45.5,25-50 km,FALSE,23,27.5,9,45.7,2357.5452,TRUE,4.019273731,4.421201105,4.823128478,5.225055851,55.55555556,7.175925926,13.61395883,20.50921861,70.98184594
11650,Central Coast (NSW),NSW,994.15192,7,346596,342,63,0.003110249,400,1507,78364,2.5,346596,76944,22.19990998,18194,94861,19.17964179,131713,36168,27.45970405,7463,158296,4.7,55.7,1681.0059,Inner Regional Australia,1,68.08178365,61375,MANGROVE MOUNTAIN AWS,5.58,<=25 km,FALSE,22.1,9.1,11.6,6.2,2357.5452,TRUE,3.008454392,3.309299831,3.610145271,3.91099071,33.33333333,10.87962963,22.25294652,30.68742687,47.15903817
10750,Blacktown,NSW,987.3395271,6,396776,306,56,0.003515838,400,2107,109564,3.1,396776,43766,11.03040506,17238,104171,16.54779161,121337,41592,34.278085,10816,185750,5.8,60.6,238.8471,Major Cities of Australia,0,100,67119,HORSLEY PARK EQUESTRIAN CENTRE AWS,12.35,<=25 km,FALSE,23.8,14.7,12.1,6.4,2357.5452,TRUE,2.15175167,2.366926837,2.582102004,2.797277171,44.44444444,13.42592593,29.66052178,26.47646658,21.60808919
10800,Bland,NSW,992.6165362,7,5547,334,61,0,200,1326,68952,2.3,5547,1269,22.87723094,200,1443,13.86001386,2151,388,18.0381218,77,2623,2.9,58.8,8557.6536,Outer Regional Australia,2,87.70773685,50017,WEST WYALONG AIRPORT AWS,13.38,<=25 km,FALSE,24.2,37.7,9.9,46.2,2357.5452,TRUE,3.419110686,3.761021754,4.102932823,4.444843891,33.33333333,6.712962963,12.01722047,22.17602218,48.70845269
11720,Cessnock,NSW,939.3610311,3,63632,127,24,0.027407594,340,1493,77636,2.6,63632,10822,17.00716621,3775,17108,22.06570026,22556,6150,27.2654726,1595,28714,5.6,56.5,1965.1593,Inner Regional Australia,1,91.50364553,61412,COORANBONG (LAKE MACQUARIE AWS),26.45,25-50 km,FALSE,23.9,9.5,11.5,15.3,2357.5452,TRUE,3.036664949,3.340331444,3.643997939,3.947664434,77.77777778,12.96296296,22.04193102,35.30512041,35.28030833
10850,Blayney,NSW,991.1694499,6,7497,327,60,0,270,1547,80444,2.5,7497,1512,20.16806723,312,2044,15.26418787,2763,600,21.7155266,159,3658,4.3,61.2,1524.647,Inner Regional Australia,1,71.07406501,63303,ORANGE AIRPORT AWS,26.91,25-50 km,FALSE,18.4,2.2,6.2,94,2357.5452,TRUE,2.930666302,3.223732932,3.516799562,3.809866192,44.44444444,9.953703704,16.01239953,24.42270059,42.51106935
13340,Greater Hume Shire,NSW,999.2530817,7,11157,361,66,0.003316304,220,1420,73840,2.5,11157,2460,22.04893789,395,2913,13.55990388,3936,603,15.32012195,150,5152,2.9,57.9,5749.3875,Inner Regional Australia,1,55.39420503,72160,ALBURY AIRPORT AWS,38.98,25-50 km,FALSE,22.5,21.4,9.2,45.2,2357.5452,TRUE,3.192775189,3.512052708,3.831330227,4.150607746,33.33333333,6.712962963,9.064351072,21.69584621,46.81367995
10950,Bogan,NSW,965.8921579,5,2467,227,42,0,200,1444,75088,2.4,2467,498,20.18646129,90,638,14.10658307,923,252,27.30227519,40,1241,3.5,62.3,14599.8996,Remote Australia,3,95.5551482,48027,COBAR MO,100.44,>100 km,FALSE,25.5,48.1,12.9,11.2,2357.5452,TRUE,3.139709674,3.453680641,3.767651609,4.081622576,55.55555556,8.101851852,22.08191382,22.57053292,42.55314693
11150,Bourke,NSW,946.6859086,3,2340,152,28,0,180,1559,81068,2.5,2340,361,15.42735043,106,535,19.81308411,774,264,34.10852713,27,1016,2.7,55.9,41598.3722,Very Remote Australia,4,100,48245,BOURKE AIRPORT AWS,63.52,50-100 km,FALSE,28.3,82,13.5,23.4,2357.5452,TRUE,2.908108255,3.19891908,3.489729906,3.780540731,77.77777778,6.25,29.47631196,31.70093458,31.66637981
11200,Brewarrina,NSW,817.9479763,1,1356,36,7,0.024336283,150,962,50024,2.3,1356,208,15.33923304,90,294,30.6122449,473,236,49.89429175,34,481,7.1,44.5,19162.0296,Very Remote Australia,4,95.31712497,48245,BOURKE AIRPORT AWS,99.09,50-100 km,FALSE,28.3,82,13.5,23.4,2357.5452,TRUE,4.712828242,5.184111066,5.655393891,6.126676715,100,16.43518519,46.6261662,48.97959184,31.46480571
14350,Kempsey,NSW,903.2705778,2,30688,67,13,0.025319343,300,1085,56420,2.4,30688,8055,26.24804484,1686,7952,21.20221328,11352,2725,24.00458069,827,11495,7.2,44.9,3375.6704,Outer Regional Australia,2,55.10056314,59007,KEMPSEY AIRPORT AWS,30.03,25-50 km,FALSE,25.1,6.5,11.9,16.5,2357.5452,TRUE,4.178562921,4.596419213,5.014275505,5.432131797,88.88888889,16.66666667,18.49925683,33.92354125,56.4194027
11250,Broken Hill,NSW,913.2249541,2,17588,87,16,0,220,1173,60996,2.2,17588,4079,23.19194906,1063,4505,23.59600444,7308,1742,23.83689108,419,7586,5.5,52,170.1153,Outer Regional Australia,2,100,46128,FOWLERS GAP AWS,98.46,50-100 km,FALSE,26.9,67,13,19.4,2357.5452,TRUE,3.865081645,4.251589809,4.638097973,5.024606138,88.88888889,12.73148148,18.31707671,37.7536071,49.4283903
11300,Burwood,NSW,977.1663053,5,40217,266,49,0,500,1867,97084,2.7,40217,6160,15.31690579,1441,9816,14.6801141,14137,6649,47.03260946,1433,20193,7.1,57,7.1282,Major Cities of Australia,0,100,66194,CANTERBURY RACECOURSE AWS,2.44,<=25 km,FALSE,23.1,6.5,12.4,4.2,2357.5452,TRUE,2.428356063,2.671191669,2.914027275,3.156862881,55.55555556,16.43518519,43.51719838,23.48818256,31.41373071
14170,Inner West,NSW,1057.008904,10,182818,499,92,0.000366485,500,2340,121680,2.3,182818,25700,14.05769673,6391,46892,13.62919048,74091,32485,43.84473148,4623,106832,4.3,68.4,35.2115,Major Cities of Australia,0,100,66194,CANTERBURY RACECOURSE AWS,3.43,<=25 km,FALSE,23.1,6.5,12.4,4.2,2357.5452,TRUE,1.937496055,2.131245661,2.324995266,2.518744872,0,9.953703704,40.05384744,21.80670477,28.53321034
11350,Byron,NSW,1020.730647,8,36116,423,78,0.000332263,520,1602,83304,2.5,36116,6703,18.55964116,1577,8547,18.45091845,12875,3907,30.34563107,901,17631,5.1,58.2,565.8027,Inner Regional Australia,1,100,58216,BYRON BAY (CAPE BYRON AWS),15.7,<=25 km,FALSE,23.7,0,17.1,0,2357.5452,TRUE,2.830050418,3.113055459,3.396060501,3.679065543,22.22222222,11.80555556,25.38825411,29.52146952,38.83169298
11400,Cabonne,NSW,1022.905779,8,13766,428,79,0,250,1538,79976,2.6,13766,2975,21.61121604,433,3721,11.63665681,4913,767,15.61164258,174,6701,2.6,61.1,6022.3496,Outer Regional Australia,2,69.706752,63254,ORANGE AGRICULTURAL INSTITUTE,28.75,25-50 km,FALSE,18,1,7.2,62.2,2357.5452,TRUE,2.947815845,3.242597429,3.537379014,3.832160598,22.22222222,6.018518519,9.381062769,18.6186509,45.81236354
14220,Inverell,NSW,928.3432525,2,17853,107,20,0,260,1163,60476,2.4,17853,4067,22.78048507,880,4607,19.10136748,6626,1811,27.33172351,469,7534,6.2,52.2,9404.7564,Outer Regional Australia,2,100,56242,INVERELL (RAGLAN ST),38.76,25-50 km,FALSE,24.2,9.7,7.8,84.9,2357.5452,TRUE,3.898315365,4.288146901,4.677978438,5.067809974,88.88888889,14.35185185,22.11390685,30.56218797,48.48714041
11450,Camden,NSW,1044.849576,9,119325,483,89,0.00389692,500,2353,122356,3.1,119325,11846,9.927508904,4695,32776,14.32450574,37171,9214,24.78814129,2153,61637,3.5,69.1,201.5278,Major Cities of Australia,0,90.1355545,66161,HOLSWORTHY AERODROME AWS,21.28,<=25 km,TRUE,23.7,12.7,12,7.1,2357.5452,TRUE,1.926791657,2.119470823,2.312149988,2.504829154,11.11111111,8.101851852,19.35052697,22.91920918,19.08514446
11520,Canada Bay,NSW,1066.760643,10,89177,509,93,0.001255929,560,2371,123292,2.5,89177,15033,16.85748567,3151,25052,12.5778381,34512,13062,37.84770515,1965,48280,4.1,64.3,19.9239,Major Cities of Australia,0,100,66212,SYDNEY OLYMPIC PARK AWS (ARCHERY CENTRE),2.89,<=25 km,FALSE,24,10.7,13.1,0.9,2357.5452,TRUE,1.912163968,2.103380365,2.294596762,2.485813159,0,9.490740741,33.53860222,20.12454095,34.93790465
11570,Canterbury-Bankstown,NSW,916.7710163,2,371006,90,17,0.000641499,400,1556,80912,2.9,371006,55637,14.99625343,17356,92604,18.74217096,117031,44598,38.10785177,10348,143939,7.2,48.4,110.2374,Major Cities of Australia,0,100,66194,CANTERBURY RACECOURSE AWS,4.86,<=25 km,FALSE,23.1,6.5,12.4,4.2,2357.5452,TRUE,2.913715147,3.205086662,3.496458177,3.787829691,88.88888889,16.66666667,33.8212288,29.98747354,30.68021817
11600,Carrathool,NSW,973.0842553,5,2866,251,46,0.003489184,200,1516,78832,2.5,2866,443,15.45708304,94,670,14.02985075,965,270,27.97927461,41,1514,2.9,65.7,18934.4853,Remote Australia,3,72.75236417,75032,HILLSTON AIRPORT,16.75,<=25 km,FALSE,24.5,40.6,10.9,31.1,2357.5452,TRUE,2.990594175,3.289653592,3.58871301,3.887772427,55.55555556,6.712962963,22.81741455,22.44776119,31.73439505
13800,Hawkesbury,NSW,1025.852244,8,67207,437,80,0.002187272,400,1980,102960,2.8,67207,11142,16.5786302,2903,18453,15.73185932,23060,5536,24.00693842,1109,34476,3.2,63.4,2775.1378,Inner Regional Australia,1,54.41990664,67105,RICHMOND RAAF,29.29,25-50 km,FALSE,24.4,19.1,11.2,32.7,2357.5452,TRUE,2.289768065,2.518744872,2.747721678,2.976698485,22.22222222,7.407407407,18.50181829,25.17097491,34.30000512
11700,Central Darling,NSW,826.6781497,1,1725,37,7,0,153,988,51376,2.3,1725,347,20.11594203,97,358,27.09497207,591,217,36.71742809,40,544,6.6,38.5,53492.193,Very Remote Australia,4,100,46012,WILCANNIA AERODROME AWS,35.12,25-50 km,FALSE,27.3,75.1,12.2,27.3,2357.5452,TRUE,4.588806446,5.047687091,5.506567736,5.96544838,100,15.27777778,32.31065494,43.35195531,42.39182966
12380,Cumberland,NSW,903.6271741,2,235439,68,13,0.000734798,415,1678,87256,3,235439,28387,12.05705087,9106,56688,16.06336438,71666,31067,43.34970558,7816,93846,8.3,49.8,72.7496,Major Cities of Australia,0,100,66124,PARRAMATTA NORTH (MASONS DRIVE),6.87,<=25 km,FALSE,23.4,11.1,12.3,2.1,2357.5452,TRUE,2.701871734,2.972058907,3.24224608,3.512433254,88.88888889,19.21296296,39.51604505,25.70138301,23.95660641
11730,Clarence Valley,NSW,939.997953,3,54115,130,24,0.025907789,310,1123,58396,2.3,54115,14824,27.39351381,2604,14550,17.89690722,20932,4968,23.7339958,1302,21077,6.2,46.4,10428.6804,Outer Regional Australia,2,64.48311811,58077,GRAFTON RESEARCH STN,18.12,<=25 km,FALSE,25.9,13,13.5,2,2357.5452,TRUE,4.037168984,4.440885882,4.844602781,5.248319679,77.77777778,14.35185185,18.20528998,28.63505155,59.03973543
16260,Parramatta,NSW,1029.494701,9,256729,451,83,0.007256679,450,2051,106652,2.6,256729,32194,12.54007144,8935,69127,12.92548498,92109,42206,45.82179809,7470,130510,5.7,62.1,83.8303,Major Cities of Australia,0,100,66124,PARRAMATTA NORTH (MASONS DRIVE),1.82,<=25 km,FALSE,23.4,11.1,12.3,2.1,2357.5452,TRUE,2.210502569,2.431552826,2.652603083,2.87365334,11.11111111,13.19444444,42.2017576,20.68077596,25.0615465
11750,Cobar,NSW,965.2614378,5,4059,221,41,0,200,1740,90480,2.3,4059,680,16.7528948,148,925,16,1409,448,31.79559972,61,1901,3.2,58.9,45575.3512,Very Remote Australia,4,69.40222372,48237,COBAR AIRPORT AWS,67.41,50-100 km,FALSE,26.1,54.2,11.8,41.6,2357.5452,TRUE,2.605598143,2.866157957,3.126717772,3.387277586,55.55555556,7.407407407,26.96351838,25.6,34.69864641
11800,Coffs Harbour,NSW,971.9933368,5,78759,246,45,0.000888787,375,1363,70876,2.4,78759,18232,23.14910042,3967,21216,18.69815234,29774,8752,29.39477396,1911,35969,5.3,55.5,1173.7435,Inner Regional Australia,1,100,59151,COFFS HARBOUR AIRPORT,19.78,<=25 km,FALSE,24.4,1.8,14.6,2.9,2357.5452,TRUE,3.326295502,3.658925052,3.991554602,4.324184152,55.55555556,12.26851852,24.35523094,29.91704374,49.33037133
12000,Coolamon,NSW,983.2960192,6,4385,292,54,0,210,1310,68120,2.5,4385,1035,23.6031927,151,1170,12.90598291,1649,266,16.13098848,71,2052,3.5,58.2,2430.9037,Outer Regional Australia,2,81.39246322,73151,TEMORA AIRPORT,40.96,25-50 km,FALSE,23.6,32,8.7,74.4,2357.5452,TRUE,3.460870816,3.806957898,4.153044979,4.499132061,44.44444444,8.101851852,9.945286717,20.64957265,50.36913615
14850,Lismore,NSW,965.5636193,5,44334,224,41,0.000203005,310,1319,68588,2.4,44334,9237,20.83502504,2472,11434,21.61973063,17154,4652,27.11903929,1087,21135,5.1,57.5,1287.7042,Inner Regional Australia,1,100,58214,LISMORE AIRPORT AWS,4.17,<=25 km,FALSE,26.1,11.1,12.9,8.7,2357.5452,TRUE,3.43725608,3.780981688,4.124707296,4.468432904,55.55555556,11.80555556,21.88284402,34.591569,44.03677752
12150,Coonamble,NSW,883.2383085,1,3732,53,10,0,190,1231,64012,2.4,3732,721,19.31939979,222,868,25.57603687,1303,386,29.62394474,99,1487,6.7,50.8,9916.0535,Remote Australia,3,99.44484164,51161,COONAMBLE AIRPORT AWS,16.77,<=25 km,FALSE,26.5,54.5,11.8,35.4,2357.5452,TRUE,3.682973817,4.051271199,4.419568581,4.787865962,100,15.50925926,24.60420497,40.92165899,40.5696889
14000,Hornsby,NSW,1082.180303,10,151811,526,96,0.001205446,495,2417,125684,2.8,151811,27450,18.08169368,4841,42716,11.33298998,51629,11947,23.14009568,3210,78017,4.1,63.5,455.0374,Inner Regional Australia,1,68.7747205,66059,TERREY HILLS AWS,19.35,<=25 km,FALSE,21.9,4.7,13.3,0.2,2357.5452,TRUE,1.875771936,2.063349129,2.250926323,2.438503517,0,9.490740741,17.56006939,18.13278397,37.73835791
12160,Cootamundra-Gundagai Regional,NSW,952.8796789,4,11403,174,32,0,220,1132,58864,2.3,11403,3219,28.22941331,442,3026,14.60674157,4490,978,21.78173719,189,4685,4.1,49.7,3981.4172,Outer Regional Australia,2,52.29779989,73142,COOTAMUNDRA AIRPORT,21.01,<=25 km,FALSE,22.4,19.7,7.8,87.9,2357.5452,TRUE,4.005071351,4.405578486,4.806085621,5.206592756,66.66666667,9.490740741,16.08433155,23.37078652,60.95190841
17420,The Hills Shire,NSW,1098.085575,10,191876,537,98,0.000198045,580,2831,147212,3.1,191876,28406,14.80435281,5452,54291,10.0421801,59810,12204,20.40461461,4119,100595,4.1,66.5,386.1583,Inner Regional Australia,1,56.53005516,67105,RICHMOND RAAF,18.23,<=25 km,FALSE,24.4,19.1,11.2,32.7,2357.5452,TRUE,1.601462652,1.761608918,1.921755183,2.081901448,0,9.490740741,14.58820817,16.06748817,30.24123336
12350,Cowra,NSW,931.7934497,3,12724,116,22,0.001493241,230,1112,57824,2.3,12724,3383,26.58755108,584,3376,17.2985782,5081,1274,25.07380437,277,5443,5.1,51.5,2808.7821,Outer Regional Australia,2,81.01259617,65111,COWRA AIRPORT AWS,4.79,<=25 km,FALSE,23.7,28,8.9,61.9,2357.5452,TRUE,4.077105008,4.484815509,4.89252601,5.300236511,77.77777778,11.80555556,19.66087495,27.67772512,57.19604471
12390,Dubbo Regional,NSW,985.4930146,6,54922,299,55,0.000127454,300,1597,83044,2.5,54922,9483,17.26630494,2576,13749,18.73590807,19279,6074,31.50578349,946,26334,3.6,60.7,7534.5251,Outer Regional Australia,2,96.71519045,65034,WELLINGTON (D&J RURAL),14.54,<=25 km,FALSE,24.4,26.8,9.4,52.3,2357.5452,TRUE,2.838910939,3.122802033,3.406693126,3.69058422,44.44444444,8.333333333,26.64865838,29.97745291,35.87310458
12700,Dungog,NSW,1008.909499,8,9541,395,73,0,300,1485,77220,2.5,9541,2107,22.08363903,349,2759,12.64951069,3578,536,14.980436,153,4558,3.3,58.6,2249.9983,Inner Regional Australia,1,52.57650639,61250,PATERSON (TOCAL AWS),31.57,25-50 km,FALSE,24.2,17.5,12.1,7,2357.5452,TRUE,3.053024087,3.358326496,3.663628904,3.968931313,22.22222222,7.638888889,8.695311958,20.23921711,46.89306101
18450,Wollongong,NSW,999.8108308,7,214564,364,67,0.002943178,390,1682,87464,2.5,214564,39966,18.62661024,9627,57143,16.84720788,80658,24976,30.96531032,5023,103044,4.9,58.3,684.3076,Inner Regional Australia,1,61.06772744,68228,BELLAMBI AWS,9.26,<=25 km,FALSE,21.5,2,14.8,0,2357.5452,TRUE,2.695446355,2.96499099,3.234535626,3.504080261,33.33333333,11.34259259,26.06148149,26.95553261,38.984889
12730,Edward River,NSW,966.4624426,5,8456,230,42,0.000709555,220,1240,64480,2.2,8456,2102,24.85808893,297,2160,13.75,3331,827,24.82737917,140,3918,3.6,56.2,8883.4463,Outer Regional Australia,2,98.38792181,74258,DENILIQUIN AIRPORT AWS,36.17,25-50 km,FALSE,23.7,33.6,9.6,41.3,2357.5452,TRUE,3.656242556,4.021866811,4.387491067,4.753115322,55.55555556,8.333333333,19.39315549,22,53.23979064
12750,Eurobodalla,NSW,984.6770354,6,40593,295,54,0,325,1167,60684,2.2,40593,13330,32.83817407,1722,11318,15.21470224,16603,3730,22.46581943,646,15744,4.1,45,3428.1695,Outer Regional Australia,2,66.87942355,69148,MORUYA AIRPORT AWS,20.08,<=25 km,FALSE,21.5,3.7,10.3,28.9,2357.5452,TRUE,3.88495353,4.273448883,4.661944236,5.050439588,44.44444444,9.490740741,16.82752714,24.34352359,71.49474015
14870,Lithgow,NSW,934.7151494,3,20842,120,22,0.013002591,270,1196,62192,2.3,20842,5100,24.46982055,1037,5397,19.21437836,8319,2008,24.13751653,483,8790,5.5,50.4,4512.2561,Outer Regional Australia,2,54.44272988,63292,MOUNT BOYCE AWS,33.97,25-50 km,TRUE,17.2,1,8.2,40.3,2357.5452,TRUE,3.790753151,4.169828467,4.548903782,4.927979097,77.77777778,12.73148148,18.64368,30.74300537,52.35160217
12850,Fairfield,NSW,813.9861296,1,208475,35,7,0.000326178,390,1390,72280,3.2,208475,34976,16.77707159,12217,53134,22.99281063,60918,23182,38.05443383,6070,69900,8.7,40.8,101.5072,Major Cities of Australia,0,100,67119,HORSLEY PARK EQUESTRIAN CENTRE AWS,3.52,<=25 km,FALSE,23.8,14.7,12.1,6.4,2357.5452,TRUE,3.261684007,3.587852407,3.914020808,4.240189208,100,20.13888889,33.76319488,36.78849701,34.75395235
12870,Federation,NSW,969.385201,5,12899,237,44,0.001162881,250,1187,61724,2.2,12899,3927,30.44422048,476,3490,13.63896848,5231,1062,20.3020455,189,5654,3.4,52,5684.9253,Outer Regional Australia,2,77.18143632,81124,YARRAWONGA,65.71,50-100 km,FALSE,23,27.5,9,45.7,2357.5452,TRUE,3.819495172,4.201444689,4.583394206,4.965343723,55.55555556,7.87037037,14.47677579,21.82234957,66.01841989
12900,Forbes,NSW,968.5486747,5,9319,235,43,0,230,1259,65468,2.4,9319,2156,23.13552956,431,2414,17.85418393,3563,957,26.85938816,164,4312,3.7,57.7,4710.128,Outer Regional Australia,2,100,65103,FORBES AIRPORT AWS,3.5,<=25 km,FALSE,24.5,37.9,9.7,55.3,2357.5452,TRUE,3.601064948,3.961171442,4.321277937,4.681384432,55.55555556,8.564814815,21.60075574,28.56669428,49.29932714
12930,Georges River,NSW,1011.280738,8,152274,404,74,0.000170745,450,1991,103532,2.8,152274,26356,17.30827324,6053,41152,14.70888414,52401,17438,33.27799088,3874,74332,5.2,58.1,38.3375,Major Cities of Australia,0,100,66194,CANTERBURY RACECOURSE AWS,7.75,<=25 km,FALSE,23.1,6.5,12.4,4.2,2357.5452,TRUE,2.277117413,2.504829154,2.732540895,2.960252637,22.22222222,12.03703704,28.57400688,23.53421462,35.96910973
12950,Gilgandra,NSW,929.6267036,3,4295,111,21,0.001396973,200,1149,59748,2.3,4295,1038,24.16763679,207,1102,18.78402904,1598,382,23.9048811,90,1883,4.7,54.2,4831.5057,Outer Regional Australia,2,100,64017,COONABARABRAN AIRPORT AWS,63.15,50-100 km,FALSE,22.8,13.8,11.6,5.5,2357.5452,TRUE,3.94581442,4.340395862,4.734977304,5.129558747,77.77777778,10.87962963,18.39094193,30.05444646,51.66033769
13010,Glen Innes Severn,NSW,906.0661679,2,8931,73,14,0,220,934,48568,2.1,8931,2526,28.28350689,403,2271,17.74548657,3628,889,24.50385888,227,3564,6.4,47.1,5479.977,Outer Regional Australia,2,99.81527295,56243,GLEN INNES AIRPORT AWS,22.18,<=25 km,FALSE,20.4,0.5,6.1,104.1,2357.5452,TRUE,4.854112172,5.33952339,5.824934607,6.310345824,88.88888889,14.81481481,19.04167896,28.39277851,61.07565088
14400,Kiama,NSW,1070.012395,10,23074,513,94,0.000346711,485,1834,95368,2.5,23074,6371,27.61116408,703,6662,10.55238667,8612,1532,17.78913144,361,10573,3.4,54.9,257.6638,Inner Regional Australia,1,88.65777808,68241,ALBION PARK (SHELLHARBOUR AIRPORT),14.67,<=25 km,FALSE,22.6,4.2,11.7,10.3,2357.5452,TRUE,2.472050583,2.719255641,2.966460699,3.213665758,0,7.87037037,11.7467142,16.88381867,59.53762418
13310,Goulburn Mulwaree,NSW,971.6841258,5,32053,243,45,0.005896484,320,1466,76232,2.4,32053,6680,20.84048295,1447,8268,17.50120948,12045,3476,28.85844749,641,14988,4.3,57.1,3220.0796,Inner Regional Australia,1,78.88026433,70330,GOULBURN AIRPORT AWS,12.23,<=25 km,FALSE,19.9,6.4,6.2,94.9,2357.5452,TRUE,3.092592612,3.401851873,3.711111134,4.020370395,55.55555556,9.953703704,23.77255907,28.00193517,44.04926285
16380,Port Macquarie-Hastings,NSW,985.0030127,6,86762,297,55,0.001763445,375,1263,65676,2.3,86762,25284,29.14179018,3965,24361,16.27601494,34848,9045,25.95557851,1789,37384,4.8,51.3,3682.3915,Outer Regional Australia,2,53.06183224,60085,YARRAS (MOUNT SEAVIEW),23.19,<=25 km,FALSE,24.4,10.4,11.9,8.8,2357.5452,TRUE,3.58966015,3.948626165,4.30759218,4.666558195,44.44444444,11.11111111,20.61884552,26.04162391,63.03902821
13450,Griffith,NSW,974.2440579,5,27086,256,47,0.000922986,290,1738,90376,2.7,27086,4494,16.59159714,1041,6964,14.94830557,9266,2997,32.34405353,423,14114,3,64.7,1639.1732,Outer Regional Australia,2,100,74037,YANCO AGRICULTURAL INSTITUTE,50.38,50-100 km,FALSE,24.2,37.1,11.4,17.8,2357.5452,TRUE,2.60859653,2.869456183,3.130315836,3.391175489,55.55555556,6.944444444,27.55936554,23.91728891,34.3296678
13550,Gunnedah,NSW,966.6836223,5,12929,231,43,0,300,1557,80964,2.5,12929,2457,19.00378993,573,3323,17.24345471,4697,1343,28.59271876,259,6134,4.2,61.1,4987.0295,Outer Regional Australia,2,100,55024,GUNNEDAH RESOURCE CENTRE,6.2,<=25 km,FALSE,24.8,23.4,12.2,16.1,2357.5452,TRUE,2.911843782,3.203028161,3.494212539,3.785396917,55.55555556,9.722222222,23.48386802,27.58952754,39.84771139
14100,Hunters Hill,NSW,1100.554333,10,13559,538,99,0.001475035,540,2998,155896,2.6,13559,3237,23.87344199,383,3540,10.81920904,4670,1163,24.90364026,217,6439,3.3,57.3,5.7169,Major Cities of Australia,0,100,66212,SYDNEY OLYMPIC PARK AWS (ARCHERY CENTRE),5.95,<=25 km,FALSE,24,10.7,13.1,0.9,2357.5452,TRUE,1.512255093,1.663480602,1.814706112,1.965931621,0,7.638888889,19.4760065,17.31073446,50.9873485
13660,Gwydir,NSW,956.6055093,4,4910,186,34,0,200,1029,53508,2.3,4910,1393,28.3706721,200,1304,15.33742331,1898,344,18.12434141,85,2041,4.2,50.4,9259.6544,Outer Regional Australia,2,100,56018,INVERELL RESEARCH CENTRE,60.94,50-100 km,FALSE,22.9,5.1,10.4,28.9,2357.5452,TRUE,4.405967706,4.846564476,5.287161247,5.727758017,66.66666667,9.722222222,12.11089054,24.5398773,61.27504681
14650,Lake Macquarie,NSW,1003.652499,7,213845,378,69,0.002235264,375,1623,84396,2.5,213845,47081,22.01641376,10523,60257,17.46353121,80677,18733,23.21975284,4662,102070,4.6,58.3,648.6393,Major Cities of Australia,0,64.71596772,61412,COORANBONG (LAKE MACQUARIE AWS),5.98,<=25 km,FALSE,23.9,9.5,11.5,15.3,2357.5452,TRUE,2.79343239,3.072775629,3.352118868,3.631462107,33.33333333,10.64814815,17.64660993,27.94164993,46.73927895
13850,Hay,NSW,955.8912217,4,2882,183,34,0,175,1236,64272,2.2,2882,667,23.14365024,124,742,16.7115903,1134,299,26.36684303,54,1337,3.8,55.4,11325.9324,Remote Australia,3,99.90525283,75019,HAY AIRPORT AWS,43.04,25-50 km,FALSE,25.2,46.8,10.2,40.8,2357.5452,TRUE,3.668075056,4.034882561,4.401690067,4.768497573,66.66666667,8.796296296,21.0656485,26.73854447,49.31790371
13910,Hilltops,NSW,954.2925375,4,19254,179,33,0.00493404,250,1175,61100,2.4,19254,4630,24.04695128,821,5032,16.31558029,7403,1733,23.40942861,370,8424,4.4,54,7140.8865,Outer Regional Australia,2,59.6890246,73138,YOUNG AIRPORT,34.4,25-50 km,FALSE,22.3,18.9,7.1,91,2357.5452,TRUE,3.858502782,4.24435306,4.630203339,5.016053617,66.66666667,10.18518519,17.85267608,26.10492846,51.38426197
14700,Lane Cove,NSW,1104.911659,10,39438,539,99,0.001901719,540,2801,145652,2.4,39438,5669,14.37446118,1198,10827,11.06493027,15420,5736,37.19844358,814,22651,3.6,70.2,10.4789,Major Cities of Australia,0,100,66212,SYDNEY OLYMPIC PARK AWS (ARCHERY CENTRE),9.12,<=25 km,FALSE,24,10.7,13.1,0.9,2357.5452,TRUE,1.618615055,1.78047656,1.942338066,2.104199571,0,8.333333333,32.83323625,17.70388843,29.25782906
14500,Ku-ring-gai,NSW,1108.066516,10,124076,540,99,0.000056417,630,3038,157976,2.9,124076,24000,19.34298333,3914,35318,11.08216773,41864,8275,19.76638639,2572,61155,4.2,61.2,85.4093,Major Cities of Australia,0,100,66059,TERREY HILLS AWS,8.11,<=25 km,FALSE,21.9,4.7,13.3,0.2,2357.5452,TRUE,1.4923439,1.64157829,1.79081268,1.94004707,0,9.722222222,13.89482897,17.73146837,40.62363775
14300,Junee,NSW,933.8551286,3,6415,119,22,0.150116914,260,1398,72696,2.4,6415,1246,19.42322681,247,1485,16.63299663,2103,525,24.96433666,112,2629,4.4,49,2030.0222,Outer Regional Australia,2,53.83582012,73142,COOTAMUNDRA AIRPORT,39.11,25-50 km,FALSE,22.4,19.7,7.8,87.9,2357.5452,TRUE,3.243019148,3.567321063,3.891622978,4.215924893,77.77777778,10.18518519,19.54194785,26.61279461,40.80719979
17040,Snowy Monaro Regional,NSW,1019.715949,8,21666,421,77,0.008907966,300,1593,82836,2.4,21666,4275,19.73137635,719,5391,13.33704322,8043,1920,23.87168967,320,11382,2.8,62.8,15164.7904,Outer Regional Australia,2,81.53440024,70217,COOMA AIRPORT AWS,15.83,<=25 km,FALSE,18.2,2.3,4,141.9,2357.5452,TRUE,2.846039403,3.130643343,3.415247284,3.699851224,22.22222222,6.481481481,18.35488234,21.33926915,41.51211135
14550,Kyogle,NSW,921.0980008,2,9359,96,18,0.009616412,250,983,51116,2.2,9359,2491,26.61609146,459,2472,18.56796117,3736,721,19.2987152,220,3740,5.8,47.5,3584.1829,Outer Regional Australia,2,56.26320576,57095,TABULAM (MUIRNE),31.07,25-50 km,FALSE,22.4,2.9,12.7,0.9,2357.5452,TRUE,4.612147273,5.073362,5.534576727,5.995791454,88.88888889,13.42592593,13.38674507,29.70873786,57.26133263
15990,Northern Beaches,NSW,1088.639675,10,263554,531,97,0.001422858,625,2592,134784,2.7,263554,47957,18.19627097,8589,72448,11.85539973,94377,25365,26.87625163,4513,140732,3.2,65.5,254.2072,Major Cities of Australia,0,82.06612559,66059,TERREY HILLS AWS,1.87,<=25 km,FALSE,21.9,4.7,13.3,0.2,2357.5452,TRUE,1.749128383,1.924041221,2.09895406,2.273866898,0,7.407407407,21.61907643,18.96863958,38.0004607
14600,Lachlan,NSW,950.1852555,3,6094,164,30,0.013291762,180,1218,63336,2.4,6094,1307,21.44732524,239,1502,15.91211718,2191,601,27.43039708,144,2664,5.2,55.6,14968.2539,Remote Australia,3,88.45444625,50137,CONDOBOLIN AIRPORT AWS,31.53,25-50 km,FALSE,25,41.7,10.2,51.6,2357.5452,TRUE,3.722283062,4.094511368,4.466739674,4.83896798,77.77777778,12.03703704,22.22110706,25.45938748,45.43745296
15700,Nambucca Valley,NSW,920.2657826,2,20407,91,17,0.005047288,300,976,50752,2.2,20407,6140,30.087715,1037,5401,19.20014812,8265,1902,23.01270417,519,7602,6.8,44.2,1491.3431,Inner Regional Australia,1,61.8734884,59007,KEMPSEY AIRPORT AWS,40.34,25-50 km,FALSE,25.1,6.5,11.9,16.5,2357.5452,TRUE,4.645226198,5.109748818,5.574271437,6.038794057,88.88888889,15.74074074,17.42166964,30.72023699,65.20289105
14750,Leeton,NSW,949.13579,3,11452,162,30,0,250,1417,73684,2.5,11452,2057,17.96192805,488,2819,17.31110323,3961,1103,27.84650341,202,5274,3.8,58.4,1167.1876,Outer Regional Australia,2,100,74037,YANCO AGRICULTURAL INSTITUTE,16.29,<=25 km,FALSE,24.2,37.1,11.4,17.8,2357.5452,TRUE,3.19953477,3.519488247,3.839441724,4.159395201,77.77777778,8.796296296,22.67317023,27.69776516,37.46438644
16490,Queanbeyan-Palerang Regional,NSW,1061.228895,10,63304,504,92,0.000821433,355,2295,119340,2.6,63304,8546,13.49993681,2322,17312,13.41266174,23100,6100,26.40692641,1096,35883,3.1,70.4,5319.0075,Inner Regional Australia,1,61.83794815,69132,BRAIDWOOD RACECOURSE AWS,19.61,<=25 km,FALSE,19.3,4.9,6.2,90.7,2357.5452,TRUE,1.975486174,2.173034791,2.370583409,2.568132026,0,7.175925926,21.10919558,21.46025878,27.25729926
14950,Lockhart,NSW,975.9657943,5,3319,264,49,0,200,1295,67340,2.5,3319,801,24.13377523,124,868,14.28571429,1202,180,14.9750416,43,1452,2.9,55.3,2895.8049,Outer Regional Australia,2,91.6712034,72150,WAGGA WAGGA AMO,61.52,50-100 km,FALSE,22.3,20.6,9.1,49.8,2357.5452,TRUE,3.500958123,3.851053935,4.201149747,4.55124556,55.55555556,6.712962963,8.689451414,22.85714286,51.58287725
14920,Liverpool Plains,NSW,925.6725854,2,7551,103,19,0.012051384,230,1165,60580,2.3,7551,1863,24.67222884,336,1936,17.3553719,2848,691,24.26264045,189,3236,5.9,52,5082.2398,Outer Regional Australia,2,99.89274217,61392,MURRURUNDI GAP AWS,48.4,25-50 km,FALSE,20.8,4.3,10.9,10.1,2357.5452,TRUE,3.891622978,4.280785275,4.669947573,5.059109871,88.88888889,13.65740741,18.77961621,27.76859504,52.81462394
17640,Upper Lachlan Shire,NSW,1021.898895,8,8514,427,78,0,277,1465,76180,2.4,8514,2128,24.99412732,255,2379,10.71878941,3249,410,12.61926747,125,4122,3,58,7127.3957,Inner Regional Australia,1,61.06082619,70263,GOULBURN TAFE,38.35,25-50 km,FALSE,19.7,6.9,7.7,62.8,2357.5452,TRUE,3.094703597,3.404173956,3.713644316,4.023114676,22.22222222,6.944444444,6.130108619,17.15006305,53.55098706
15240,Mid-Coast,NSW,942.5467899,3,96579,138,26,0.001014713,315,1060,55120,2.2,96579,32072,33.2080473,4633,26965,17.18153162,39654,8908,22.46431634,2231,36246,6.1,43.9,10053.8633,Inner Regional Australia,1,60.55658525,60141,TAREE AIRPORT AWS,48.53,25-50 km,FALSE,24.2,7.1,12.7,6.1,2357.5452,TRUE,4.277113933,4.704825326,5.13253672,5.560248113,77.77777778,14.12037037,16.82589416,27.49045058,72.34084855
15270,Mid-Western Regional,NSW,978.6386494,5,25713,273,50,0.000311127,330,1486,77272,2.4,25713,5319,20.6860343,1025,6800,15.07352941,9638,2351,24.3930276,470,11895,4,57.8,8752.2589,Outer Regional Australia,2,99.19595157,62101,MUDGEE AIRPORT AWS,12.15,<=25 km,FALSE,22.8,14.1,8.3,74.3,2357.5452,TRUE,3.050969562,3.356066518,3.661163474,3.966260431,55.55555556,9.259259259,18.92127046,24.11764706,43.69595179
15300,Moree Plains,NSW,940.3137886,3,12751,133,25,0.000392126,210,1524,79248,2.5,12751,2119,16.61830445,561,2822,19.87951807,4042,1388,34.33943592,209,5408,3.8,53.4,17902.7033,Remote Australia,3,59.29942714,53115,MOREE AERO,41.95,25-50 km,FALSE,27,45.9,12.7,24.5,2357.5452,TRUE,2.974895518,3.27238507,3.569874621,3.867364173,77.77777778,8.796296296,29.72717419,31.80722892,34.39076246
15350,Mosman,NSW,1109.539971,10,28329,541,99,0.000388295,590,2892,150384,2.3,28329,6201,21.88923012,862,7723,11.16146575,11544,3822,33.10810811,522,14676,3.6,61.9,8.6503,Major Cities of Australia,0,100,66037,SYDNEY AIRPORT AMO,14.82,<=25 km,FALSE,22.5,5.5,13.6,0.4,2357.5452,TRUE,1.56768353,1.724451883,1.881220236,2.037988589,0,8.333333333,28.38944409,17.8583452,46.44833833
15520,Murray River,NSW,997.9400728,7,12850,358,66,0,260,1260,65520,2.4,12850,3662,28.49805447,370,3493,10.5926138,4875,911,18.68717949,181,5834,3.2,54.6,11863.0162,Outer Regional Australia,2,83.3847188,77094,SWAN HILL AERODROME,45.12,25-50 km,FALSE,24,35.8,9.4,37.9,2357.5452,TRUE,3.59820696,3.958027656,4.317848351,4.677669047,33.33333333,7.407407407,12.72236494,16.94818208,61.56644206
15560,Murrumbidgee,NSW,983.2196487,6,3353,291,54,0,190,1401,72852,2.3,3353,729,21.74172383,130,872,14.90825688,1291,296,22.92796282,49,1698,3.1,61,6880.7902,Outer Regional Australia,2,100,74037,YANCO AGRICULTURAL INSTITUTE,71.18,50-100 km,FALSE,24.2,37.1,11.4,17.8,2357.5452,TRUE,3.236074782,3.55968226,3.883289738,4.206897216,44.44444444,7.175925926,17.32960556,23.85321101,46.11090836
15650,Muswellbrook,NSW,936.9703265,3,16357,122,23,0.000427951,300,1628,84656,2.5,16357,2444,14.94161521,803,4222,19.01942207,6001,2051,34.17763706,397,7751,5.1,60.1,3404.8841,Outer Regional Australia,2,61.15206682,62100,NULLO MOUNTAIN AWS,37.62,25-50 km,FALSE,16.8,0.4,8.1,42.3,2357.5452,TRUE,2.784853052,3.063338357,3.341823663,3.620308968,77.77777778,11.80555556,29.55139386,30.43107532,30.55522978
16610,Richmond Valley,NSW,923.6338153,2,23565,99,19,0.000636537,295,1137,59124,2.4,23565,5920,25.12200297,1193,6165,19.35117599,8825,2253,25.52974504,449,9571,4.7,49.7,3047.3748,Inner Regional Australia,1,61.32462604,58208,CASINO AIRPORT AWS,17.64,<=25 km,FALSE,26.3,15.8,13.4,5.7,2357.5452,TRUE,3.9874589,4.38620479,4.78495068,5.18369657,88.88888889,10.87962963,20.15621466,30.96188159,53.8435107
15750,Narrabri,NSW,963.8980441,4,12703,216,40,0.002125482,250,1498,77896,2.4,12703,2441,19.21593324,524,3196,16.39549437,4574,1332,29.12111937,245,6022,4,59.3,13014.9937,Outer Regional Australia,2,72.30065966,54038,NARRABRI AIRPORT AWS,26.24,25-50 km,FALSE,26.9,49,12.2,30.1,2357.5452,TRUE,3.026529218,3.32918214,3.631835062,3.934487984,66.66666667,9.259259259,24.05792913,26.23279099,40.33300264
15800,Narrandera,NSW,929.1038037,2,5698,108,20,0,200,1184,61568,2.3,5698,1331,23.35907336,278,1422,19.54992968,2141,523,24.42783746,128,2463,5.2,54.1,4116.3458,Outer Regional Australia,2,100,74148,NARRANDERA AIRPORT AWS,21.15,<=25 km,FALSE,24,33.2,9.9,44.8,2357.5452,TRUE,3.829172947,4.212090242,4.595007536,4.977924831,88.88888889,12.03703704,18.95908833,31.27988748,49.81069771
15850,Narromine,NSW,958.3335987,4,6360,191,35,0,240,1308,68016,2.5,6360,1383,21.74528302,286,1551,18.43971631,2221,533,23.99819901,121,2773,4.4,55.3,5261.5165,Outer Regional Australia,2,100,51049,TRANGIE RESEARCH STATION AWS,27.31,25-50 km,FALSE,24.8,37.6,10.9,36.2,2357.5452,TRUE,3.466162667,3.812778934,4.159395201,4.506011468,66.66666667,10.18518519,18.49232369,29.5035461,46.11905023
15900,Newcastle,NSW,1012.107402,8,168873,406,75,0.008769904,400,1760,91520,2.4,168873,28650,16.96541188,7440,42799,17.38358373,66129,24204,36.60118859,4392,90454,4.9,63.9,186.7255,Major Cities of Australia,0,100,61055,NEWCASTLE NOBBYS SIGNAL STATION AWS,13.2,<=25 km,FALSE,21.8,3.5,14.3,0,2357.5452,TRUE,2.575989073,2.833587981,3.091186888,3.348785795,22.22222222,11.34259259,32.18437088,27.81373397,35.18479267
15950,North Sydney,NSW,1096.047776,10,68950,536,98,0.000681653,580,2524,131248,2,68950,11486,16.65844815,2061,18403,11.19926099,32395,16824,51.93394042,1487,42671,3.5,70.9,10.491,Major Cities of Australia,0,100,66194,CANTERBURY RACECOURSE AWS,11.89,<=25 km,FALSE,23.1,6.5,12.4,4.2,2357.5452,TRUE,1.796252286,1.975877514,2.155502743,2.335127971,0,8.101851852,48.84206629,17.91881758,34.48259373
16100,Oberon,NSW,977.6353629,5,5580,268,49,0.002508961,280,1441,74932,2.3,5580,1388,24.87455197,219,1432,15.29329609,2038,419,20.55937193,89,2539,3.5,54.9,3625.047,Inner Regional Australia,1,54.76255342,63292,MOUNT BOYCE AWS,48.01,25-50 km,FALSE,17.2,1,8.2,40.3,2357.5452,TRUE,3.146246196,3.460870816,3.775495436,4.090120055,55.55555556,8.101851852,14.75633848,24.46927374,53.27745089
16150,Orange,NSW,997.2030161,7,43512,354,65,0.004366612,330,1665,86580,2.5,43512,7814,17.95826439,2004,11184,17.91845494,16183,5269,32.55885806,748,21195,3.5,62.1,284.2159,Inner Regional Australia,1,100,63254,ORANGE AGRICULTURAL INSTITUTE,2.52,<=25 km,FALSE,18,1,7.2,62.2,2357.5452,TRUE,2.722967429,2.995264172,3.267560915,3.539857658,33.33333333,8.101851852,27.7927319,28.6695279,37.45600558
16200,Parkes,NSW,945.8167324,3,14361,148,28,0,250,1336,69472,2.4,14361,2978,20.7367175,704,3668,19.19302072,5401,1490,27.5874838,336,6528,5.1,57.1,5957.6137,Outer Regional Australia,2,100,50031,PEAK HILL POST OFFICE,22.84,<=25 km,FALSE,24.6,34.1,12.1,18.5,2357.5452,TRUE,3.39351854,3.732870394,4.072222248,4.411574102,77.77777778,11.80555556,22.39176805,30.70883315,43.81189281
16350,Penrith,NSW,991.2958743,6,217664,328,60,0.005517679,400,1903,98956,2.8,217664,28297,13.00031241,11264,57893,19.4565837,73398,24497,33.37556882,4881,106975,4.6,62.4,404.7021,Major Cities of Australia,0,83.36929806,67113,PENRITH LAKES AWS,4.61,<=25 km,FALSE,24.8,21.8,12.4,7.7,2357.5452,TRUE,2.38241764,2.620659404,2.858901168,3.097142932,44.44444444,10.64814815,28.68001678,31.13053392,26.11437683
16400,Port Stephens,NSW,982.145988,6,75276,287,53,0.001607418,370,1372,71344,2.4,75276,19488,25.88872948,3507,21270,16.48801128,28868,7164,24.81640571,1632,32614,5,52.3,858.4357,Inner Regional Australia,1,85.98879334,61078,WILLIAMTOWN RAAF,7.48,<=25 km,FALSE,23.2,10.1,12.5,3.5,2357.5452,TRUE,3.304475779,3.634923357,3.965370935,4.295818513,44.44444444,11.57407407,19.38123379,26.38081805,55.59744608
17310,Tamworth Regional,NSW,961.1339187,4,63070,205,38,0.00458221,300,1416,73632,2.4,63070,12526,19.86047249,3144,16549,18.99812678,23617,7336,31.06237033,1341,29980,4.5,59.5,9884.3505,Outer Regional Australia,2,90.39853453,55325,TAMWORTH AIRPORT AWS,18.32,<=25 km,FALSE,25,27.1,9.9,51.8,2357.5452,TRUE,3.201794328,3.521973761,3.842153194,4.162332627,66.66666667,10.41666667,26.1669287,30.39700284,41.80742693
16550,Randwick,NSW,1059.059144,10,134252,502,92,0.019738998,550,2305,119860,2.4,134252,20945,15.60125734,4731,33700,14.03857567,51433,23875,46.41961387,3083,72162,4.3,63.5,36.331,Major Cities of Australia,0,100,66037,SYDNEY AIRPORT AMO,6.43,<=25 km,FALSE,22.5,5.5,13.6,0.4,2357.5452,TRUE,1.966915735,2.163607308,2.360298882,2.556990455,0,9.953703704,42.85123222,22.46172107,32.06420287
16700,Ryde,NSW,1055.198382,10,129123,496,91,0.0071095,460,2098,109096,2.5,129123,19439,15.05463783,4314,34985,12.330999,49040,20370,41.53752039,3495,69053,5.1,63.8,40.4746,Major Cities of Australia,0,100,66212,SYDNEY OLYMPIC PARK AWS (ARCHERY CENTRE),4.68,<=25 km,FALSE,24,10.7,13.1,0.9,2357.5452,TRUE,2.160982254,2.377080479,2.593178705,2.80927693,0,11.80555556,37.54726415,19.7295984,30.81377616
16900,Shellharbour,NSW,982.8801091,6,76271,290,53,0.000327779,420,1647,85644,2.6,76271,13981,18.33068925,4045,21682,18.65602804,27543,7363,26.73274516,1565,36088,4.3,58.5,147.4208,Major Cities of Australia,0,67.58327183,68241,ALBION PARK (SHELLHARBOUR AIRPORT),3.48,<=25 km,FALSE,22.6,4.2,11.7,10.3,2357.5452,TRUE,2.752726636,3.027999299,3.303271963,3.578544626,44.44444444,9.953703704,21.46316919,29.84964487,38.30795102
16950,Shoalhaven,NSW,979.5000356,6,108531,279,51,0.010549981,350,1250,65000,2.3,108531,30420,28.02885811,4877,30043,16.2333988,42667,10335,24.22246701,2181,44471,4.9,48.8,4567.2011,Inner Regional Australia,1,100,68072,NOWRA RAN AIR STATION AWS,25.29,25-50 km,FALSE,22.5,6.9,11.7,1.2,2357.5452,TRUE,3.626992615,3.989691877,4.352391138,4.7150904,44.44444444,11.34259259,18.73597128,25.97343807,60.4931257
17000,Singleton,NSW,998.1226124,7,24577,360,66,0,338,2016,104832,2.7,24577,3539,14.39964194,962,6568,14.64677223,8443,2092,24.77792254,467,12574,3.7,64.5,4892.7168,Inner Regional Australia,1,51.14260241,61250,PATERSON (TOCAL AWS),44.93,25-50 km,FALSE,24.2,17.5,12.1,7,2357.5452,TRUE,2.24887935,2.473767285,2.69865522,2.923543155,33.33333333,8.564814815,19.33942519,23.43483557,29.31543165
17080,Snowy Valleys,NSW,952.4948506,4,14891,172,32,0.000671547,230,1306,67912,2.4,14891,3460,23.23551138,626,3963,15.79611406,5671,1371,24.1756304,289,6842,4.3,56.3,8958.9215,Outer Regional Australia,2,88.28248467,72161,CABRAMURRA SMHEA AWS,25.58,25-50 km,FALSE,12.6,0,5.2,126.1,2357.5452,TRUE,3.471470727,3.818617799,4.165764872,4.512911945,66.66666667,9.953703704,18.68508739,25.27378249,49.52804187
17100,Strathfield,NSW,1010.98271,8,45593,402,74,0.006470292,460,2105,109460,2.7,45593,5515,12.09615511,1399,11545,12.11779991,15746,7278,46.22126254,1566,24366,6.4,62.8,14.0008,Major Cities of Australia,0,100,66194,CANTERBURY RACECOURSE AWS,4.32,<=25 km,FALSE,23.1,6.5,12.4,4.2,2357.5452,TRUE,2.15379609,2.369175699,2.584555308,2.799934917,22.22222222,14.81481481,42.63574083,19.38847986,24.04605983
17150,Sutherland Shire,NSW,1078.847046,10,230211,522,96,0.000629857,500,2288,118976,2.7,230211,43228,18.77755624,8396,64749,12.96699563,83292,18548,22.26864525,3742,121182,3.1,64.6,333.5806,Inner Regional Australia,1,60.36813891,66161,HOLSWORTHY AERODROME AWS,9.92,<=25 km,FALSE,23.7,12.7,12,7.1,2357.5452,TRUE,1.981530056,2.179683062,2.377836068,2.575989073,0,7.175925926,16.61331462,20.74719301,39.33018752
17200,Sydney,NSW,1030.561684,9,211632,459,84,0.014147199,550,2212,115024,1.9,211632,20398,9.638428971,4609,46705,9.868322449,97743,62678,64.12530821,7468,134357,5.6,68.7,26.6762,Major Cities of Australia,0,100,66037,SYDNEY AIRPORT AMO,7.05,<=25 km,FALSE,22.5,5.5,13.6,0.4,2357.5452,TRUE,2.049611559,2.254572715,2.459533871,2.664495027,11.11111111,12.96296296,62.08692236,15.78931592,18.42385583
17350,Temora,NSW,971.7356406,5,6034,244,45,0,230,1203,62556,2.3,6034,1648,27.31189924,244,1625,15.01538462,2393,541,22.60760552,79,2764,2.8,56,2802.0159,Outer Regional Australia,2,100,73151,TEMORA AIRPORT,6.35,<=25 km,FALSE,23.6,32,8.7,74.4,2357.5452,TRUE,3.768695569,4.145565125,4.522434682,4.899304239,55.55555556,6.481481481,16.98156534,24.02461538,58.85303693
17400,Tenterfield,NSW,920.3424651,2,6810,93,17,0.020264317,240,885,46020,2.1,6810,2233,32.79001468,283,1800,15.72222222,2875,523,18.19130435,183,2611,6.9,44.6,7324.3072,Outer Regional Australia,2,100,57095,TABULAM (MUIRNE),18.98,<=25 km,FALSE,22.4,2.9,12.7,0.9,2357.5452,TRUE,5.122870925,5.635158018,6.147445111,6.659732203,88.88888889,15.97222222,12.18363992,25.15555556,71.38457251
17550,Tweed,NSW,988.6684942,6,97392,314,58,0.000359372,400,1296,67392,2.4,97392,25926,26.62025628,4655,26176,17.78346577,37602,9117,24.24605074,2143,42819,5,52.7,1307.7853,Inner Regional Australia,1,86.54215642,58158,MURWILLUMBAH (BRAY PARK),3.74,<=25 km,FALSE,25.8,4.4,14.5,1.5,2357.5452,TRUE,3.498256766,3.848082443,4.197908119,4.547733796,44.44444444,11.57407407,18.76159294,28.45354523,57.27085992
19399,Unincorporated NSW,NSW,1045.596784,9,1016,487,89,0.003937008,263,1638,85176,2.5,1016,208,20.47244094,24,251,9.561752988,353,84,23.79603399,16,572,2.5,68.2,93208.9194,Remote Australia,3,53.52879716,46128,FOWLERS GAP AWS,18.43,<=25 km,FALSE,26.9,67,13,19.4,2357.5452,TRUE,2.767851507,3.044636658,3.321421809,3.59820696,11.11111111,5.787037037,18.27268906,15.29880478,43.20734348
17620,Upper Hunter Shire,NSW,974.7670925,5,14229,259,48,0,270,1429,74308,2.4,14229,2998,21.0696465,525,3821,13.73985868,5499,1329,24.16803055,224,7009,3.2,60.5,8096.0889,Outer Regional Australia,2,94.62640041,61363,SCONE AIRPORT AWS,17.88,<=25 km,FALSE,24.6,25.4,10.1,43.1,2357.5452,TRUE,3.172666738,3.489933412,3.807200086,4.12446676,55.55555556,7.407407407,18.67683082,21.98377388,44.57348895
17650,Uralla,NSW,989.9374176,6,5971,322,59,0,250,1346,69992,2.4,5971,1377,23.06146374,246,1666,14.76590636,2285,403,17.63676149,115,2806,4.2,57,3226.5327,Outer Regional Australia,2,87.64252103,56238,ARMIDALE AIRPORT AWS,30.4,25-50 km,FALSE,19.6,0.5,7.6,63.8,2357.5452,TRUE,3.368306663,3.70513733,4.041967996,4.378798663,44.44444444,9.722222222,11.58117755,23.62545018,49.12989688
17750,Wagga Wagga,NSW,989.4257308,6,67609,318,59,0.017453298,300,1638,85176,2.5,67609,11200,16.56584183,3001,17273,17.3739362,24776,8103,32.70503713,1397,34679,4,64.4,4824.4888,Inner Regional Australia,1,65.26161487,72150,WAGGA WAGGA AMO,3.14,<=25 km,FALSE,22.3,20.6,9.1,49.8,2357.5452,TRUE,2.767851507,3.044636658,3.321421809,3.59820696,44.44444444,9.259259259,27.95154269,27.79829792,34.2707509
17850,Walcha,NSW,992.4843722,7,3016,333,61,0,200,1224,63648,2.2,3016,885,29.34350133,73,820,8.902439024,1183,235,19.86475063,43,1419,3,56.6,6261.0243,Outer Regional Australia,2,100,55136,WOOLBROOK (WOOLBROOK ROAD),45.92,25-50 km,FALSE,20.7,2,5.8,109.7,2357.5452,TRUE,3.704036576,4.074440234,4.444843891,4.815247549,33.33333333,6.944444444,14.00169312,14.24390244,63.5004552
17900,Walgett,NSW,887.7459581,2,5253,56,11,0.009708738,180,1001,52052,2.2,5253,1147,21.83514182,219,1012,21.64031621,1660,515,31.02409639,120,1791,6.7,41.7,22308.2528,Remote Australia,3,91.91608229,52088,WALGETT AIRPORT AWS,29.87,25-50 km,FALSE,27.7,69,12,39.1,2357.5452,TRUE,4.529211557,4.982132713,5.435053869,5.887975025,88.88888889,15.50925926,26.12534741,34.62450593,46.32460793
17950,Warren,NSW,961.5823255,4,2550,207,38,0,200,1321,68692,2.4,2550,595,23.33333333,92,625,14.72,936,216,23.07692308,52,1160,4.6,56.4,10753.7672,Remote Australia,3,88.28642487,51161,COONAMBLE AIRPORT AWS,65.12,50-100 km,FALSE,26.5,54.5,11.8,35.4,2357.5452,TRUE,3.432052058,3.775257264,4.11846247,4.461667676,66.66666667,10.64814815,17.49143787,23.552,49.75181577
18020,Warrumbungle Shire,NSW,927.182351,2,9225,105,20,0,200,1068,55536,2.3,9225,2642,28.6395664,380,2252,16.87388988,3400,711,20.91176471,221,3619,6.1,47.2,12372.12,Outer Regional Australia,2,88.73567182,64017,COONABARABRAN AIRPORT AWS,22.83,<=25 km,FALSE,22.8,13.8,11.6,5.5,2357.5452,TRUE,4.245075626,4.669583189,5.094090752,5.518598314,88.88888889,14.12037037,15.13918244,26.9982238,61.89015953
18050,Waverley,NSW,1092.189018,10,68605,534,98,0.000072881,670,2854,148408,2.3,68605,8854,12.90576489,1918,16776,11.43299952,27455,13456,49.01110909,1472,39699,3.7,68.7,9.3506,Major Cities of Australia,0,100,66037,SYDNEY AIRPORT AMO,11.83,<=25 km,FALSE,22.5,5.5,13.6,0.4,2357.5452,TRUE,1.588556682,1.74741235,1.906268018,2.065123686,0,8.564814815,45.66666538,18.29279924,25.8980934
18100,Weddin,NSW,960.530936,4,3608,201,37,0,198,1046,54392,2.2,3608,1081,29.96119734,127,975,13.02564103,1500,274,18.26666667,73,1560,4.7,51.1,3414.8566,Outer Regional Australia,2,100,73014,GRENFELL (MANGANESE RD),16.39,<=25 km,FALSE,22.5,20.5,9.4,37.9,2357.5452,TRUE,4.3343602,4.76779622,5.20123224,5.63466826,66.66666667,10.87962963,12.2655145,20.84102564,64.9134739
18200,Wentworth,NSW,973.5798774,5,7453,253,47,0.017308466,200,1392,72384,2.5,7453,1548,20.77015967,241,1912,12.60460251,2546,500,19.63864886,142,3317,4.2,55.1,26255.9338,Remote Australia,3,98.77187114,47029,POONCARIE MAIL AGENCY,59.92,50-100 km,FALSE,26.5,63.2,11.5,19.7,2357.5452,TRUE,3.256997679,3.582697447,3.908397215,4.234096983,55.55555556,9.722222222,13.7560533,20.16736402,43.88839389
18250,Willoughby,NSW,1074.650251,10,75613,518,95,0.004523032,571,2556,132912,2.6,75613,12090,15.98931401,2599,20701,12.55494904,27599,10610,38.44342186,1731,39043,4.4,63.7,22.4257,Major Cities of Australia,0,100,66212,SYDNEY OLYMPIC PARK AWS (ARCHERY CENTRE),10.9,<=25 km,FALSE,24,10.7,13.1,0.9,2357.5452,TRUE,1.773763994,1.951140394,2.128516793,2.305893192,0,10.18518519,34.1857964,20.08791846,32.95190705
18350,Wingecarribee,NSW,1045.459274,9,52709,486,89,0.000682995,430,1673,86996,2.4,52709,14697,27.88328369,1965,14868,13.21630347,20184,3891,19.27764566,733,24693,3,56.2,2689.3415,Inner Regional Australia,1,96.64021471,68239,MOSS VALE AWS,6.32,<=25 km,FALSE,19,4.2,8.3,49.5,2357.5452,TRUE,2.709946664,2.980941331,3.251935997,3.522930663,11.11111111,6.944444444,13.36385486,21.14608555,60.160115
18400,Wollondilly,NSW,1041.009389,9,53961,473,87,0.000287245,415,2151,111852,3,53961,8227,15.24619633,1939,14922,12.9942367,17325,2808,16.20779221,784,27316,2.9,64.7,2555.4341,Inner Regional Australia,1,95.54429911,67113,PENRITH LAKES AWS,46.5,25-50 km,TRUE,24.8,21.8,12.4,7.7,2357.5452,TRUE,2.107736294,2.318509924,2.529283553,2.740057183,11.11111111,6.712962963,10.02872726,20.79077872,31.25197835
18500,Woollahra,NSW,1109.709491,10,53496,542,99,0.00125243,695,3192,165984,2.3,53496,11180,20.89875879,1641,13761,11.92500545,21907,8071,36.84210526,963,29195,3.3,64.1,12.2584,Major Cities of Australia,0,100,66037,SYDNEY AIRPORT AMO,13.2,<=25 km,FALSE,22.5,5.5,13.6,0.4,2357.5452,TRUE,1.420344852,1.562379338,1.704413823,1.846448308,0,7.638888889,32.4461058,19.08000872,44.18257251
18710,Yass Valley,NSW,1065.29516,10,17281,507,93,0,350,2289,119028,2.7,17281,3171,18.34963254,553,4813,11.48971535,5932,925,15.59339177,254,9256,2.8,66.8,3995.017,Inner Regional Australia,1,96.86740006,73007,BURRINJUCK DAM,32.29,25-50 km,FALSE,20.8,13.3,9.2,28.5,2357.5452,TRUE,1.980664381,2.17873082,2.376797258,2.574863696,0,6.481481481,9.361234861,18.38354457,38.35128499
20110,Alpine,VIC,1027.612702,9,13235,443,81,0.002795618,275,1340,69680,2.3,13235,3462,26.15791462,423,3617,11.69477468,5222,996,19.07315205,133,6456,2.1,57.6,4788.157,Outer Regional Australia,2,78.62000974,83085,MOUNT HOTHAM,20.58,<=25 km,FALSE,8.1,0,2,184.2,1589.5775,TRUE,2.281253588,2.509378947,2.737504305,2.965629664,11.11111111,4.861111111,13.14169041,18.71163948,56.21322412
20260,Ararat,VIC,955.2148339,4,11880,181,34,0.065488216,245,1252,65104,2.2,11880,2939,24.73905724,481,2973,16.17894383,4541,981,21.60317111,178,5151,3.4,51.1,4211.1172,Outer Regional Australia,2,60.38430372,89112,WESTMERE,27.19,25-50 km,FALSE,19.8,12.9,7.4,43.3,1589.5775,TRUE,2.44159729,2.68575702,2.929916749,3.174076478,66.66666667,7.87037037,15.8903351,25.88631012,52.96749812
70200,Alice Springs,NT,993.9912052,7,25912,340,63,0.012233714,375,2142,111384,2.6,25912,2481,9.574714418,1155,6213,18.59005311,8891,3838,43.16724778,493,14220,3.5,69.3,327.7132,Remote Australia,3,100,15590,ALICE SPRINGS AIRPORT,8.07,<=25 km,FALSE,28.9,93.3,13.2,30.8,null,FALSE,null,null,null,null,33.33333333,8.101851852,39.31782058,29.74408498,18.27810476
20570,Ballarat,VIC,985.7093504,6,113763,300,55,0.003173264,297,1429,74308,2.4,113763,21555,18.94728515,5732,29786,19.24394011,44654,14112,31.60299189,2639,55738,4.7,60.3,739.0321,Inner Regional Australia,1,100,88043,MARYBOROUGH,51.57,50-100 km,FALSE,20.5,13.4,8.1,33.7,1589.5775,TRUE,2.139174113,2.353091524,2.567008936,2.780926347,44.44444444,10.87962963,26.75426681,30.79030417,39.71845312
70420,Barkly,NT,669.6203716,1,6316,29,6,0.069822673,115,1474,76648,3.2,6316,455,7.203926536,388,1365,28.42490842,1599,953,59.59974984,259,2167,12,45.7,322710.4145,Very Remote Australia,4,100,15135,TENNANT CREEK AIRPORT,87.12,50-100 km,FALSE,32.1,132.6,19.9,0,null,FALSE,null,null,null,null,100,27.77777778,57.17029855,45.47985348,12.85477752
20660,Banyule,VIC,1057.684713,10,126236,500,92,0.002851801,399,2027,105404,2.5,126236,23777,18.835356,5120,34785,14.71898807,47666,12280,25.76259808,2877,66800,4.3,64.3,62.5402,Major Cities of Australia,0,100,86068,VIEWBANK,1.2,<=25 km,FALSE,20.9,14,10,14.1,1589.5775,TRUE,1.508080813,1.658888894,1.809696975,1.960505057,0,9.953703704,20.40918914,23.55038091,39.46240812
70540,Belyuen,NT,471.1770723,1,149,2,1,0,75,680,35360,3.2,149,9,6.040268456,20,43,46.51162791,46,44,95.65217391,0,24,15,15.6,41.4054,Remote Australia,3,100,14015,DARWIN AIRPORT,25.99,25-50 km,TRUE,32.1,13.9,23.3,0,null,FALSE,null,null,null,null,100,34.72222222,96.3381078,74.41860465,10.19283607
20740,Bass Coast,VIC,992.8285467,7,40789,336,62,0,300,1163,60476,2.2,40789,12045,29.53002035,1620,11074,14.62886039,16662,3436,20.6217741,658,17155,3.8,49.5,865.8094,Inner Regional Australia,1,100,86127,WONTHAGGI,14.14,<=25 km,FALSE,18.9,4.4,9.7,6,1589.5775,TRUE,2.628443515,2.891287866,3.154132218,3.416976569,33.33333333,8.796296296,14.82413298,23.40617663,63.92712927
70620,Central Desert,NT,523.5160278,1,3591,11,3,0.065162907,75,1122,58344,4.1,3591,215,5.987190198,224,784,28.57142857,715,514,71.88811189,167,907,18.5,34.6,281338.022,Very Remote Australia,4,100,15666,RABBIT FLAT,131.65,>100 km,FALSE,34,175.8,16.6,7.7,null,FALSE,null,null,null,null,100,42.82407407,70.52053041,45.71428571,10.07141619
25490,Moyne,VIC,1028.978572,9,17374,449,82,0,250,1530,79560,2.5,17374,3822,21.9983884,579,4775,12.12565445,6439,999,15.5148315,204,8740,2.3,62.1,5481.686,Outer Regional Australia,2,53.62667435,90186,WARRNAMBOOL AIRPORT NDB,13.09,<=25 km,FALSE,19,8.3,8.6,16.1,1589.5775,TRUE,1.997960659,2.197756724,2.39755279,2.597348856,11.11111111,5.324074074,9.275885982,19.40104712,46.69804479
70700,Coomalie,NT,909.0299362,2,1276,79,15,0,175,996,51792,2.1,1276,302,23.6677116,51,265,19.24528302,433,108,24.94226328,36,470,7.7,43.8,2056.0547,Remote Australia,3,100,14272,BATCHELOR AIRPORT,11.23,<=25 km,FALSE,33.7,111.3,21.3,0,null,FALSE,null,null,null,null,88.88888889,17.82407407,19.51796704,30.79245283,50.5167272
20830,Baw Baw,VIC,1003.321525,7,57626,377,69,0.000242946,320,1495,77740,2.5,57626,12382,21.48682886,2350,15843,14.8330493,21441,4006,18.68383005,1052,27658,3.8,59.3,4027.6287,Inner Regional Australia,1,78.05574034,85291,MOUNT BAW BAW,20.76,<=25 km,FALSE,9.6,0,3.1,178.1,1589.5775,TRUE,2.044735657,2.249209223,2.453682789,2.658156355,33.33333333,8.796296296,12.71872607,23.73287887,45.52782
71000,Darwin,NT,1026.918194,9,80530,440,81,0.004532472,380,2188,113776,2.6,80530,8872,11.01701229,3088,19887,15.52773168,28456,13931,48.95628338,1883,46020,4.1,70.1,111.2614,Outer Regional Australia,2,100,14015,DARWIN AIRPORT,2.69,<=25 km,FALSE,32.1,13.9,23.3,0,null,FALSE,null,null,null,null,11.11111111,9.490740741,45.60710205,24.84437069,21.57745238
20910,Bayside (Vic.),VIC,1090.406575,10,101306,533,98,0,520,2487,129324,2.5,101306,21439,21.16261623,3486,27964,12.46602775,37936,8446,22.26381274,2064,52571,3.9,62.9,37.2111,Major Cities of Australia,0,100,86077,MOORABBIN AIRPORT,8.21,<=25 km,FALSE,19.9,8.7,10.2,8.9,1589.5775,TRUE,1.229143469,1.352057816,1.474972163,1.59788651,0,9.027777778,16.60806452,19.9456444,44.7861631
71150,Darwin Waterfront Precinct,NT,1116.690944,10,293,547,100,0,533,2281,118612,1.6,293,18,6.14334471,0,67,0,158,121,76.58227848,8,216,4.6,80.1,0.7447,Outer Regional Australia,2,100,14015,DARWIN AIRPORT,6.95,<=25 km,FALSE,32.1,13.9,23.3,0,null,FALSE,null,null,null,null,0,10.64814815,75.62033234,0,10.42862952
21010,Benalla,VIC,968.4478935,5,14528,234,43,0,250,1192,61984,2.2,14528,4300,29.59801762,618,3939,15.68926123,6033,1316,21.81335985,224,6471,3.4,51.9,2352.6398,Inner Regional Australia,1,85.3913591,82138,WANGARATTA AERO,30.92,25-50 km,TRUE,22.2,20.4,7.6,66.6,1589.5775,TRUE,2.564496483,2.820946131,3.07739578,3.333845428,55.55555556,7.87037037,16.11868681,25.10281797,64.08267733
71300,East Arnhem,NT,485.5867979,1,8778,3,1,0.032581454,80,1395,72540,4.8,8778,358,4.078377763,624,1947,32.04930663,1450,1143,78.82758621,533,2033,26.2,30.1,33309.9334,Very Remote Australia,4,100,14517,NGAYAWILI,122.85,>100 km,FALSE,31.6,7.8,23.1,0,null,FALSE,null,null,null,null,100,60.64814815,78.05966303,51.2788906,5.704887012
21110,Boroondara,VIC,1089.616442,10,167900,532,98,0,451,2376,123552,2.5,167900,30710,18.2906492,5540,44611,12.41846181,62715,18036,28.75867017,3953,90942,4.3,64.5,60.1776,Major Cities of Australia,0,100,86338,MELBOURNE (OLYMPIC PARK),6.99,<=25 km,FALSE,20.5,9.2,11.7,1.5,1589.5775,TRUE,1.286565576,1.415222133,1.543878691,1.672535248,0,9.953703704,23.66415974,19.8695389,38.21635685
72200,Katherine,NT,961.0778627,4,9643,202,37,0.001555533,295,2116,110032,2.7,9643,853,8.845794877,366,2122,17.24787936,2852,1508,52.87517532,182,4671,3.9,62.5,7416.6444,Remote Australia,3,100,14932,TINDAL RAAF,26.97,25-50 km,FALSE,34.2,151.6,20.6,0,null,FALSE,null,null,null,null,66.66666667,9.027777778,49.86463578,27.59660697,16.6106552
21180,Brimbank,VIC,912.4696637,2,194618,84,16,0.000467583,346,1506,78312,2.9,194618,31683,16.27958359,10455,51032,20.48714532,63949,17067,26.68845486,7097,90074,7.9,56,123.3991,Major Cities of Australia,0,100,86282,MELBOURNE AIRPORT,8.94,<=25 km,FALSE,20,10,9.6,8.2,1589.5775,TRUE,2.029800669,2.232780736,2.435760803,2.63874087,88.88888889,18.28703704,21.41505165,32.77943251,33.61591709
72300,Litchfield,NT,1030.231267,9,21411,456,84,0.083742002,380,2346,121992,2.8,21411,2527,11.80234459,651,5127,12.69748391,6251,1114,17.82114862,387,11161,3.5,63.7,2903.3391,Outer Regional Australia,2,100,14041,MIDDLE POINT,15.99,<=25 km,FALSE,34.4,153.3,20.8,0,null,FALSE,null,null,null,null,11.11111111,8.101851852,11.78149806,20.31597425,23.37394968
21270,Buloke,VIC,975.0490374,5,6178,260,48,0,158,1088,56576,2.2,6178,1780,28.81191324,200,1613,12.39925604,2555,388,15.18590998,96,2748,3.4,52.4,7998.247,Outer Regional Australia,2,100,80128,CHARLTON,57.58,50-100 km,FALSE,23.1,29,9,40.4,1589.5775,TRUE,2.809632176,3.090595394,3.371558611,3.652521829,55.55555556,7.87037037,8.918541491,19.83880967,62.28441383
72330,MacDonnell,NT,565.6505055,1,5748,19,4,0.114648573,75,1151,59852,3.8,5748,295,5.132219903,340,1158,29.36096718,1126,752,66.78507993,191,1343,14.1,30.3,268339.0281,Very Remote Australia,4,84.14272158,15590,ALICE SPRINGS AIRPORT,98.8,50-100 km,FALSE,28.9,93.3,13.2,30.8,null,FALSE,null,null,null,null,100,32.63888889,64.97653198,46.9775475,8.115617564
21370,Campaspe,VIC,964.8686286,4,38735,218,40,0.000154899,250,1264,65728,2.4,38735,9630,24.86123661,1669,10459,15.95754852,15079,3316,21.9908482,639,18010,3.5,56.1,4519.073,Inner Regional Australia,1,97.0893566,80015,ECHUCA AERODROME,18.23,<=25 km,FALSE,22.3,22.4,9.3,32.2,1589.5775,TRUE,2.418417569,2.660259326,2.902101083,3.14394284,66.66666667,8.101851852,16.31151239,25.53207764,53.24699115
72800,Palmerston,NT,1009.286814,8,37247,399,73,0.000671195,400,2199,114348,2.8,37247,2392,6.421993718,1867,9502,19.64849505,12318,5540,44.97483358,846,20109,4.2,72.2,52.6559,Outer Regional Australia,2,100,14015,DARWIN AIRPORT,12.46,<=25 km,FALSE,32.1,13.9,23.3,0,null,FALSE,null,null,null,null,22.22222222,9.722222222,41.28160465,31.43759209,11.06605674
21450,Cardinia,VIC,1020.955982,8,118194,424,78,0.000296123,361,1874,97448,2.8,118194,14841,12.55647495,4995,32066,15.57724693,39607,9107,22.99341026,2628,61340,4.3,67.1,1282.5671,Inner Regional Australia,1,69.89938382,86266,FERNY CREEK,31.06,25-50 km,FALSE,16.9,2.6,9.1,3.7,1589.5775,TRUE,1.631205874,1.794326461,1.957447049,2.120567636,22.22222222,9.953703704,17.40070848,24.92359509,25.09907057
73600,Roper Gulf,NT,534.0460928,1,6486,15,3,0.049491212,75,1320,68640,4.1,6486,395,6.090040086,377,1369,27.53834916,1188,800,67.34006734,214,1586,13.7,31.8,185213.4546,Very Remote Australia,4,99.99983516,14299,NGUKURR AIRPORT,98.27,50-100 km,FALSE,35.5,193.7,21.3,0,null,FALSE,null,null,null,null,100,31.71296296,65.57947732,44.06135866,10.30669182
21610,Casey,VIC,994.6710391,7,365239,343,63,0.00099387,380,1918,99736,3.1,365239,39583,10.83756116,14450,97338,14.84517866,113365,26297,23.19675385,10427,183983,5.7,65.2,409.4287,Major Cities of Australia,0,90.25532406,86077,MOORABBIN AIRPORT,22.93,<=25 km,FALSE,19.9,8.7,10.2,8.9,1589.5775,TRUE,1.593785093,1.753163602,1.912542111,2.07192062,33.33333333,13.19444444,17.62162353,23.75228585,21.16694655
74050,Tiwi Islands,NT,563.8833218,1,2348,18,4,0,80,757,39364,3.4,2348,103,4.386712095,155,570,27.19298246,604,490,81.12582781,170,633,27.1,34.9,7483.1661,Very Remote Australia,4,99.86545267,14142,PIRLANGIMPI AIRPORT,62.27,50-100 km,FALSE,32.6,26.6,22.4,0,null,FALSE,null,null,null,null,100,62.73148148,80.55650177,43.50877193,6.410221301
22250,Gannawarra,VIC,952.4122494,4,10683,171,32,0,195,1071,55692,2.2,10683,3236,30.29111673,377,2842,13.26530612,4359,785,18.0087176,163,4551,3.5,50.5,3737.5979,Outer Regional Australia,2,100,80023,KERANG,12.25,<=25 km,FALSE,23,25.4,9.5,21,1589.5775,TRUE,2.854229512,3.139652464,3.425075415,3.710498366,66.66666667,8.101851852,11.98527537,21.2244898,65.66818537
79399,Unincorporated NT,NT,1043.653061,9,6802,480,88,0.0113202,123,2087,108524,2.4,6802,522,7.674213467,120,1355,8.856088561,2099,1074,51.16722249,80,3415,2.3,63.9,19792.8884,Remote Australia,3,92.21624217,14272,BATCHELOR AIRPORT,68,50-100 km,FALSE,33.7,111.3,21.3,0,null,FALSE,null,null,null,null,11.11111111,5.324074074,48.00909424,14.1697417,13.93058862
21670,Central Goldfields,VIC,897.5571127,2,13483,61,12,0,235,904,47008,2.1,13483,4189,31.06875324,689,3540,19.46327684,5774,1209,20.93869068,295,4985,5.9,43.3,1532.7843,Inner Regional Australia,1,100,88043,MARYBOROUGH,8.89,<=25 km,FALSE,20.5,13.4,8.1,33.7,1589.5775,TRUE,3.381504212,3.719654633,4.057805054,4.395955476,88.88888889,13.65740741,15.16843517,31.14124294,67.44707809
74550,Victoria Daly,NT,589.8622889,1,2815,22,5,0.062877442,85,1194,62088,3.5,2815,233,8.277087034,147,524,28.05343511,585,361,61.70940171,186,1019,18,47.8,153287.3722,Very Remote Australia,4,94.26026914,14825,VICTORIA RIVER DOWNS,75.06,50-100 km,FALSE,34.7,174.6,19.6,0,null,FALSE,null,null,null,null,100,41.66666667,59.46225101,44.88549618,15.30970004
21750,Colac Otway,VIC,972.58665,5,22423,248,46,0,265,1277,66404,2.3,22423,5373,23.9620033,837,5774,14.49601663,8848,1889,21.3494575,311,10959,2.9,58.6,3437.47,Inner Regional Australia,1,73.60829331,90035,COLAC (MOUNT GELLIBRAND),30.79,25-50 km,FALSE,18.5,8.3,9,2.5,1589.5775,TRUE,2.393797813,2.633177595,2.872557376,3.111937157,55.55555556,6.712962963,15.61469743,23.1936266,51.18993809
74560,Wagait,NT,984.6679045,6,423,294,54,0,250,1355,70460,2.1,423,111,26.24113475,13,119,10.92436975,175,23,13.14285714,10,198,5.1,54.3,5.6628,Remote Australia,3,100,14015,DARWIN AIRPORT,15.64,<=25 km,TRUE,32.1,13.9,23.3,0,null,FALSE,null,null,null,null,44.44444444,11.80555556,6.698943062,17.4789916,56.40359544
21830,Corangamite,VIC,984.5903646,6,16115,293,54,0,225,1263,65676,2.3,16115,3987,24.7409246,596,4309,13.83151543,6343,1132,17.8464449,199,7783,2.6,57.9,4407.492,Outer Regional Australia,2,53.04874745,90176,MORTLAKE RACECOURSE,34.69,25-50 km,FALSE,19.4,10.2,7.6,32.8,1589.5775,TRUE,2.420332389,2.662365628,2.904398867,3.146432106,44.44444444,6.018518519,11.80898026,22.13042469,52.97176984
74660,West Arnhem,NT,530.386225,1,6281,13,3,0.016239452,80,1523,79196,4.2,6281,214,3.40710078,344,1444,23.82271468,1199,893,74.47873228,467,1933,24.2,40.6,49675.0342,Very Remote Australia,4,67.99316869,14310,OENPELLI AIRPORT,45.61,25-50 km,FALSE,34.9,171.2,22.8,0,null,FALSE,null,null,null,null,100,56.01851852,73.33501315,38.11634349,4.169298456
21890,Darebin,VIC,1018.342368,8,148570,417,77,0.003042337,381,1829,95108,2.4,148570,21874,14.72302618,5761,37717,15.2742795,59488,22711,38.17744755,4436,83522,5.3,66.2,53.4712,Major Cities of Australia,0,100,86068,VIEWBANK,7.94,<=25 km,FALSE,20.9,14,10,14.1,1589.5775,TRUE,1.671339425,1.838473367,2.00560731,2.172741252,22.22222222,12.26851852,33.89683854,24.4388472,30.05519356
74680,West Daly,NT,439.4829877,1,2973,1,1,0,50,804,41808,4.9,2973,97,3.262697612,162,636,25.47169811,498,393,78.91566265,113,578,18.9,27.1,14069.698,Very Remote Australia,4,99.85189519,14272,BATCHELOR AIRPORT,159.28,>100 km,FALSE,33.7,111.3,21.3,0,null,FALSE,null,null,null,null,100,43.75,78.1553504,40.75471698,3.838967075
22110,East Gippsland,VIC,963.3117284,4,48715,212,39,0,268,1110,57720,2.2,48715,15053,30.90013343,1920,13282,14.45565427,19771,3863,19.53871832,877,20066,4.4,48.4,20939.5016,Outer Regional Australia,2,66.96548833,84142,GELANTIPY,26.07,25-50 km,FALSE,16.6,1.1,6.8,52.4,1589.5775,TRUE,2.753945773,3.02934035,3.304734927,3.580129505,66.66666667,10.18518519,13.6474875,23.12904683,67.0613496
51710,Christmas Island,WA,970.5276707,5,1692,240,44,0.199172577,150,2109,109668,2.5,1692,226,13.356974,34,295,11.52542373,422,204,48.34123223,12,783,1.3,55.7,136.1356,Very Remote Australia,4,100,200790,CHRISTMAS ISLAND AERO,9.04,<=25 km,FALSE,27.4,0,22.9,0,null,FALSE,null,null,null,null,55.55555556,3.009259259,44.93890269,18.44067797,26.93026277
22170,Frankston,VIC,1003.136321,7,139281,375,69,0.00506889,356,1653,85956,2.5,139281,23173,16.63758876,7587,37590,20.18355946,53019,14866,28.03900489,3319,71872,4.6,63.4,129.5981,Major Cities of Australia,0,100,86077,MOORABBIN AIRPORT,18.45,<=25 km,FALSE,19.9,8.7,10.2,8.9,1589.5775,TRUE,1.84929208,2.034221288,2.219150496,2.404079704,33.33333333,10.64814815,22.88230627,32.29369513,34.43487655
51860,Cocos Islands,WA,849.9747458,1,593,40,8,0.023608769,231,2519,130988,3.8,593,101,17.03204047,7,154,4.545454545,122,82,67.21311475,5,248,2.4,52.8,13.7258,Very Remote Australia,4,100,200284,COCOS ISLAND AIRPORT,12.46,<=25 km,FALSE,29.1,0,24.7,0,null,FALSE,null,null,null,null,100,5.555555556,65.44155443,7.272727273,35.33720979
22910,Hepburn,VIC,1006.251286,8,16604,388,71,0,295,1281,66612,2.2,16604,4658,28.05348109,608,4500,13.51111111,6846,1004,14.6654981,300,7459,4,52.3,1472.9843,Inner Regional Australia,1,100,88110,CASTLEMAINE PRISON,33.53,25-50 km,FALSE,19.9,10,7.8,51.6,1589.5775,TRUE,2.386323035,2.624955338,2.863587642,3.102219945,22.22222222,9.259259259,8.353159446,21.61777778,60.54945232
99399,Unincorp. Other Territories,OT,989.0645839,6,2494,315,58,0.007217322,228,1199,62348,2.2,2494,598,23.97754611,100,612,16.33986928,986,318,32.2515213,40,1269,2.9,60.8,105.8806,Inner Regional Australia,1,63.49567343,68151,JERVIS BAY (POINT PERPENDICULAR AWS),13.34,<=25 km,FALSE,20.7,1.1,14.4,0,null,FALSE,null,null,null,null,44.44444444,6.712962963,27.45883735,26.14379085,51.22549325
22310,Glen Eira,VIC,1074.592644,10,148908,517,95,0,436,2133,110916,2.5,148908,24218,16.26373331,5132,39585,12.96450676,57971,19594,33.79965845,3520,83148,4.2,67.7,38.6908,Major Cities of Australia,0,100,86338,MELBOURNE (OLYMPIC PARK),9.72,<=25 km,FALSE,20.5,9.2,11.7,1.5,1589.5775,TRUE,1.433136337,1.576449971,1.719763605,1.863077239,0,9.722222222,29.14075312,20.74321081,33.57965857
30250,Aurukun,QLD,501.472497,1,1101,7,2,0,125,1069,55588,3.9,1101,49,4.450499546,91,262,34.73282443,236,218,92.37288136,31,181,16.5,21.7,7423.9891,Very Remote Australia,4,100,27045,WEIPA AERO,104.24,>100 km,FALSE,32.9,70.8,22.1,0,2529.388267,TRUE,4.550241539,5.005265693,5.460289847,5.915314001,100,38.19444444,92.77544291,55.57251908,6.556139128
22410,Glenelg,VIC,952.299167,4,20152,170,32,0,220,1214,63128,2.2,20152,5202,25.81381501,824,5483,15.0282692,8190,1582,19.31623932,408,9237,4.4,54.2,6218.7884,Outer Regional Australia,2,100,90194,DARTMOOR,8.54,<=25 km,FALSE,19.9,12.1,8.7,21,1589.5775,TRUE,2.518022906,2.769825196,3.021627487,3.273429778,66.66666667,10.18518519,13.40578349,24.04523071,55.42607449
30300,Balonne,QLD,943.4793269,3,4320,142,26,0,200,1358,70616,2.4,4320,716,16.57407407,178,1098,16.21129326,1588,534,33.62720403,101,2197,4.5,63.7,31104.0851,Very Remote Australia,4,54.85535146,44010,BOLLON MARY ST,53.5,50-100 km,FALSE,28.1,71.4,13.3,22.3,2529.388267,TRUE,3.581891168,3.940080284,4.298269401,4.656458518,77.77777778,10.41666667,28.95339646,25.93806922,34.28958269
22490,Golden Plains,VIC,1039.942689,9,24985,470,86,0,338,1899,98748,2.9,24985,3835,15.34920953,746,6984,10.68155785,8287,593,7.155786171,398,12733,3.1,65.4,2703.3899,Inner Regional Australia,1,100,87168,SHE OAKS,26.29,25-50 km,FALSE,18.9,7.7,8.5,23.4,1589.5775,TRUE,1.609731336,1.77070447,1.931677604,2.092650737,11.11111111,7.175925926,0.194513476,17.09049255,31.48762756
30370,Banana,QLD,991.5870882,7,14513,331,61,0.000895749,240,1766,91832,2.5,14513,2349,16.18548887,421,3569,11.79602129,4995,1499,30.01001001,201,7249,2.8,63.3,28550.1626,Remote Australia,3,56.88990262,39089,THANGOOL AIRPORT,58.55,50-100 km,FALSE,29.2,38.2,13.3,17.1,2529.388267,TRUE,2.754364782,3.029801261,3.305237739,3.580674217,33.33333333,6.481481481,25.02363115,18.87363407,33.40066946
22620,Greater Bendigo,VIC,984.9620533,6,121470,296,55,0.000222277,295,1448,75296,2.4,121470,24130,19.86498724,5796,32281,17.95483411,46599,12514,26.85465353,2442,58745,4.2,59.5,2999.9717,Inner Regional Australia,1,100,81123,BENDIGO AIRPORT,3.87,<=25 km,FALSE,21.3,15.8,8.1,55.7,1589.5775,TRUE,2.11110484,2.322215324,2.533325807,2.744436291,44.44444444,9.722222222,21.59561199,28.72773458,41.81775471
30410,Barcaldine,QLD,1002.1467,7,2849,370,68,0,163,1418,73736,2.3,2849,571,20.04212004,96,694,13.83285303,1058,270,25.51984877,35,1468,2.3,63.8,53382.654,Very Remote Australia,4,100,36034,BLACKALL AIRPORT,158.31,>100 km,FALSE,30.7,103.1,15.6,10.7,2529.388267,TRUE,3.430330187,3.773363206,4.116396225,4.459429243,33.33333333,5.324074074,20.14546322,22.13256484,42.2229572
22670,Greater Dandenong,VIC,886.6579124,2,158208,55,11,0.000151699,346,1453,75556,2.9,158208,24856,15.71096278,7605,39906,19.05728462,51670,18071,34.97387265,5362,73065,7.3,55.9,129.5466,Major Cities of Australia,0,100,86077,MOORABBIN AIRPORT,8.26,<=25 km,FALSE,19.9,8.7,10.2,8.9,1589.5775,TRUE,2.103840198,2.314224218,2.524608238,2.734992257,88.88888889,16.89814815,30.41643428,30.49165539,32.31516102
30450,Barcoo,QLD,987.8804064,6,308,310,57,0,100,1875,97500,2.3,308,54,17.53246753,6,66,9.090909091,115,38,33.04347826,4,175,1.7,68.1,61830.1679,Very Remote Australia,4,100,45009,BALLERA GAS FIELD,257.69,>100 km,FALSE,30.5,120.9,16.8,0.6,2529.388267,TRUE,2.594244376,2.853668814,3.113093252,3.372517689,44.44444444,3.935185185,28.31922941,14.54545455,36.48196834
29399,Unincorporated Vic,VIC,1012.404415,8,955,407,75,0.031413613,385,1382,71864,2.2,955,91,9.528795812,13,79,16.4556962,156,50,32.05128205,10,536,1.3,61.4,283.1903,Outer Regional Australia,2,97.98937322,86373,RHYLL,14.03,<=25 km,FALSE,18.8,2,11.8,0.5,1589.5775,TRUE,2.211924608,2.433117068,2.654309529,2.87550199,22.22222222,3.009259259,27.2412949,26.32911392,18.17306304
30760,Blackall Tambo,QLD,961.1214346,4,1905,204,38,0,157,1254,65208,2.3,1905,498,26.14173228,57,519,10.98265896,759,206,27.14097497,21,964,2.4,60.6,30537.248,Very Remote Australia,4,100,35069,TAMBO POST OFFICE,47.51,25-50 km,FALSE,29.1,65.4,12.8,31.8,2529.388267,TRUE,3.878953912,4.266849303,4.654744694,5.042640086,66.66666667,5.555555556,21.90667522,17.57225434,56.176206
22750,Greater Geelong,VIC,1007.331026,8,271057,390,72,0.006149998,346,1592,82784,2.4,271057,53240,19.64162519,11749,72099,16.29564904,103508,28994,28.01136144,5988,135579,4.4,60.7,1247.9872,Inner Regional Australia,1,74.27767689,87113,AVALON AIRPORT,8.36,<=25 km,FALSE,20.4,10.8,9.4,18.9,1589.5775,TRUE,1.920150633,2.112165696,2.30418076,2.496195823,22.22222222,10.18518519,22.85227408,26.07303846,41.3067999
30900,Boulia,QLD,877.5168289,1,458,51,10,0,125,1490,77480,2.5,458,57,12.44541485,22,92,23.91304348,144,56,38.88888889,8,239,4.3,67.3,60906.4695,Very Remote Australia,4,100,37058,URANDANGI AERODROME,85.14,50-100 km,FALSE,33.7,164.7,16.5,7.2,2529.388267,TRUE,3.264569265,3.591026192,3.917483119,4.243940045,100,9.953703704,34.6697574,38.26086957,24.84501357
22830,Greater Shepparton,VIC,944.0409053,3,68409,146,27,0.000131562,260,1400,72800,2.5,68409,13128,19.1904574,3060,17523,17.46276323,24795,6899,27.8241581,1438,31576,4.6,57.2,2421.9092,Inner Regional Australia,1,100,81125,SHEPPARTON AIRPORT,1.51,<=25 km,FALSE,22.5,22.4,8.8,45.2,1589.5775,TRUE,2.183485577,2.401834135,2.620182692,2.83853125,77.77777778,10.64814815,22.648894,27.94042116,40.27472503
31000,Brisbane,QLD,1045.198754,9,1242825,485,89,0.006869028,408,2068,107536,2.5,1242825,167752,13.49763643,46766,324833,14.39693627,465124,178014,38.27237468,34829,697146,5,67.9,1342.7173,Major Cities of Australia,0,70.12001707,40913,BRISBANE,14.67,<=25 km,FALSE,26.7,3.9,16.5,0,2529.388267,TRUE,2.352131627,2.58734479,2.822557953,3.057771116,11.11111111,11.57407407,33.99996857,23.03509803,27.252037
22980,Hindmarsh,VIC,940.1013668,3,5698,132,25,0.000877501,180,1159,60268,2.2,5698,1603,28.13267813,181,1516,11.93931398,2367,393,16.60329531,93,2492,3.7,51.4,7524.1823,Outer Regional Australia,2,56.85185352,78015,NHILL AERODROME,31.75,25-50 km,FALSE,22.5,25.2,8.7,27.4,1589.5775,TRUE,2.637514933,2.901266427,3.16501792,3.428769413,77.77777778,8.564814815,10.45840683,19.10290237,60.73062056
31750,Bulloo,QLD,989.5838168,6,337,319,59,0,153,1625,84500,2.5,337,37,10.97922849,7,71,9.85915493,119,48,40.33613445,4,224,0.9,78.9,73722.0101,Very Remote Australia,4,100,45009,BALLERA GAS FIELD,95.11,50-100 km,FALSE,30.5,120.9,16.8,0.6,2529.388267,TRUE,2.993358896,3.292694785,3.592030675,3.891366564,44.44444444,2.083333333,36.24206328,15.77464789,21.49101953
23110,Hobsons Bay,VIC,1020.66275,8,91322,422,78,0.000164254,380,1972,102544,2.5,91322,14709,16.10674317,3966,24972,15.8817876,34663,10164,29.32233217,2447,47468,5.2,63.8,64.2405,Major Cities of Australia,0,100,87031,LAVERTON RAAF,7.03,<=25 km,FALSE,19.8,9.4,9.5,15.6,1589.5775,TRUE,1.55014189,1.705156079,1.860170268,2.015184457,22.22222222,12.03703704,24.27652925,25.41086016,33.22053369
31820,Bundaberg,QLD,924.4671376,2,99215,102,19,0.000171345,285,1157,60164,2.4,99215,25750,25.95373683,4756,27173,17.50266809,38462,10419,27.08907493,2827,41649,6.8,50.2,6431.0889,Inner Regional Australia,1,57.92155509,39066,GAYNDAH AIRPORT,81.96,50-100 km,FALSE,28.9,33.8,14.5,6.9,2529.388267,TRUE,4.204155752,4.624571328,5.044986903,5.465402478,88.88888889,15.74074074,21.85029036,28.00426894,55.74615452
23190,Horsham,VIC,990.0981008,6,20429,324,60,0,240,1381,71812,2.3,20429,4343,21.25899457,861,5463,15.76057111,8216,2036,24.78091529,313,10177,3.1,61,4266.769,Outer Regional Australia,2,100,79100,HORSHAM AERODROME,18.54,<=25 km,FALSE,22.2,25,7.3,60.1,1589.5775,TRUE,2.213526291,2.43487892,2.656231549,2.877584178,44.44444444,7.175925926,19.34267655,25.21691378,45.00663464
31900,Burdekin,QLD,965.846456,5,16692,226,42,0,222,1345,69940,2.3,16692,3967,23.76587587,619,4417,14.01403668,6396,1605,25.09380863,272,8011,3.4,57.5,5043.9318,Outer Regional Australia,2,66.16926898,33002,AYR DPI RESEARCH STN,30.72,25-50 km,FALSE,29.2,6.2,18.1,0.1,2529.388267,TRUE,3.616511677,3.978162845,4.339814012,4.70146518,55.55555556,7.87037037,19.68260783,22.42245868,50.74128418
23270,Hume,VIC,940.8164076,3,243901,135,25,0.000803605,369,1703,88556,3.1,243901,26616,10.91262438,10757,63644,16.90182892,75740,19067,25.17428043,8379,111268,7.5,58.8,503.8488,Major Cities of Australia,0,82.91991566,86282,MELBOURNE AIRPORT,7.63,<=25 km,FALSE,20,10,9.6,8.2,1589.5775,TRUE,1.794996951,1.974496646,2.153996341,2.333496036,77.77777778,17.36111111,19.77003341,27.04292628,21.33865843
31950,Burke,QLD,941.3151234,3,419,136,25,0,150,1312,68224,2.3,419,58,13.8424821,6,74,8.108108108,121,45,37.19008264,4,201,3,56.7,39681.2234,Very Remote Australia,4,100,29077,BURKETOWN AIRPORT,75.27,50-100 km,FALSE,33.4,126.8,20.8,0,2529.388267,TRUE,3.707475766,4.078223343,4.44897092,4.819718496,77.77777778,6.944444444,32.82415283,12.97297297,28.04089327
23350,Indigo,VIC,1029.417236,9,17368,450,83,0,275,1511,78572,2.4,17368,4108,23.65269461,569,4854,11.72229089,6615,1001,15.13227513,216,8584,2.5,59.9,2040.471,Inner Regional Australia,1,100,82039,RUTHERGLEN RESEARCH,17.85,<=25 km,FALSE,21.9,19,7.3,76.9,1589.5775,TRUE,2.023083923,2.225392315,2.427700708,2.6300091,11.11111111,5.787037037,8.860271914,18.75566543,50.48237489
32080,Cairns,QLD,981.0645749,6,166943,284,52,0.000491186,340,1578,82056,2.5,166943,25828,15.47114884,8427,42472,19.84130721,60318,21101,34.98292384,4853,84498,5.7,62.5,1689.3227,Outer Regional Australia,2,100,31222,CAIRNS RACECOURSE,17.8,<=25 km,FALSE,29.7,7.4,20.7,0,2529.388267,TRUE,3.082514706,3.390766176,3.699017647,4.007269117,44.44444444,13.19444444,30.4262676,31.74609154,31.76657144
23430,Kingston (Vic.),VIC,1044.259648,9,158129,481,88,0.00081579,402,1914,99528,2.5,158129,29325,18.54498542,6720,43676,15.38602436,60940,15286,25.08368887,3625,84913,4.3,64.9,91.3676,Major Cities of Australia,0,100,86077,MOORABBIN AIRPORT,3.02,<=25 km,FALSE,19.9,8.7,10.2,8.9,1589.5775,TRUE,1.597115887,1.756827476,1.916539064,2.076250653,11.11111111,9.953703704,19.6716136,24.61763898,38.79816706
32250,Carpentaria,QLD,850.7971128,1,2090,41,8,0,173,1469,76388,2.5,2090,281,13.44497608,121,468,25.85470085,672,327,48.66071429,64,956,6.9,58.1,64121.0123,Very Remote Australia,4,100,29063,NORMANTON AIRPORT,68.97,50-100 km,FALSE,33.7,139.2,21.9,0,2529.388267,TRUE,3.311237717,3.642361488,3.97348526,4.304609031,100,15.97222222,45.28599204,41.36752137,27.1315731
23670,Knox,VIC,1042.169006,9,159103,476,87,0.002419816,400,1884,97968,2.7,159103,28438,17.87395587,6796,45145,15.0537158,57422,12210,21.26362718,3777,85303,4.4,64.6,113.9114,Major Cities of Australia,0,100,86104,SCORESBY RESEARCH INSTITUTE,3.22,<=25 km,FALSE,19.7,8.2,9.6,10.3,1589.5775,TRUE,1.622547669,1.784802435,1.947057202,2.109311969,11.11111111,10.18518519,15.52145029,24.08594529,37.2631445
32260,Cassowary Coast,QLD,929.3543516,3,29157,110,21,0.001749151,250,1204,62608,2.3,29157,6677,22.9001612,1222,7541,16.20474738,10962,3293,30.04013866,700,13030,5.4,54.1,4687.824,Outer Regional Australia,2,49.58599128,32004,CARDWELL MARINE PDE,35.34,25-50 km,FALSE,28.7,4.3,19,0,2529.388267,TRUE,4.040040038,4.444044042,4.848048045,5.252052049,77.77777778,12.5,25.0563633,25.92759581,48.76090711
23810,Latrobe (Vic.),VIC,930.8178602,3,77318,114,21,0.001448563,236,1260,65520,2.3,77318,16324,21.11280685,4048,20265,19.97532692,30610,7784,25.42959817,2274,34411,6.6,54.1,1425.613,Inner Regional Australia,1,100,85280,MORWELL (LATROBE VALLEY AIRPORT),5.24,<=25 km,FALSE,20.1,8.7,8.3,37.6,1589.5775,TRUE,2.426095085,2.668704594,2.911314103,3.153923611,77.77777778,15.27777778,20.04741383,31.96052307,44.67222099
32270,Central Highlands (Qld),QLD,995.6722587,7,27836,350,64,0,250,2095,108940,2.6,27836,2694,9.678114672,897,6763,13.26334467,9284,3806,40.99526066,491,14675,3.3,68.8,59834.8359,Remote Australia,3,69.0674188,35129,ROLLESTON AIRPORT,54.79,50-100 km,FALSE,29.6,59.1,14.5,10.4,2529.388267,TRUE,2.321817759,2.553999535,2.786181311,3.018363087,33.33333333,7.638888889,36.95814633,21.22135147,18.51463938
23940,Loddon,VIC,948.1040223,3,7759,156,29,0,170,1039,54028,2.2,7759,2249,28.98569403,249,1973,12.62037506,3049,365,11.97113808,163,3246,4.9,49.2,6696.4447,Outer Regional Australia,2,69.85665393,80128,CHARLTON,51.77,50-100 km,FALSE,23.1,29,9,40.4,1589.5775,TRUE,2.942136485,3.236350133,3.530563782,3.82477743,77.77777778,11.34259259,5.425972658,20.1926001,62.68194839
32310,Charters Towers,QLD,933.2911388,3,11794,118,22,0.023147363,220,1307,67964,2.4,11794,2523,21.39223334,533,2802,19.02212705,4081,1109,27.17471208,272,5029,5.4,53,68382.1644,Remote Australia,3,60.97546746,34084,CHARTERS TOWERS AIRPORT COMPARISON,36.14,25-50 km,FALSE,30.5,58.7,17.7,0.2,2529.388267,TRUE,3.721658918,4.09382481,4.465990701,4.838156593,77.77777778,12.5,21.94332764,30.43540328,45.31142676
24130,Macedon Ranges,VIC,1062.808882,10,51458,506,93,0.0002332,390,2059,107068,2.7,51458,9834,19.11073108,1739,14419,12.06047576,18060,2432,13.4662237,832,26107,3.2,63.3,1748.284,Inner Regional Australia,1,100,88162,WALLAN (KILMORE GAP),29.71,25-50 km,FALSE,17,3.8,8.1,11.3,1589.5775,TRUE,1.484642937,1.633107231,1.781571525,1.930035818,0,7.407407407,7.050252576,19.29676122,40.09234604
32330,Cherbourg,QLD,498.1020393,1,1194,6,2,0,100,793,41236,3.4,1194,43,3.601340034,156,269,57.99256506,307,304,99.0228013,46,232,20.1,29.6,31.6002,Inner Regional Australia,1,100,40922,KINGAROY AIRPORT,33.05,25-50 km,FALSE,25.9,11.6,11.4,37.6,2529.388267,TRUE,6.133932163,6.74732538,7.360718596,7.974111812,100,46.52777778,100,92.78810409,4.613633034
26700,Wangaratta,VIC,988.3513064,6,29808,312,57,0,260,1326,68952,2.3,29808,7196,24.14117016,1295,8054,16.07896697,11847,2631,22.20815396,422,14467,2.9,58.8,3645.1096,Inner Regional Australia,1,62.56168264,82138,WANGARATTA AERO,24.51,<=25 km,FALSE,22.2,20.4,7.6,66.6,1589.5775,TRUE,2.305339221,2.535873144,2.766407066,2.996940988,44.44444444,6.712962963,16.54759612,25.72634716,51.5997936
32450,Cloncurry,QLD,965.1160942,5,3644,220,41,0,220,1879,97708,2.5,3644,364,9.989023052,116,689,16.83599419,1057,456,43.140965,76,1904,3.9,64.9,47971.2595,Very Remote Australia,4,99.96918155,29127,MOUNT ISA AERO,89.36,50-100 km,FALSE,32.1,126.9,17.3,3,2529.388267,TRUE,2.58872177,2.847593947,3.106466124,3.365338301,55.55555556,9.027777778,39.28926664,26.93759071,19.22586196
24210,Manningham,VIC,1056.081109,10,124700,497,91,8.82E-05,462,1920,99840,2.7,124700,27781,22.27826784,4719,35767,13.19372606,44574,9064,20.33472428,3223,61749,5.2,59.1,113.3479,Major Cities of Australia,0,93.71245519,86068,VIEWBANK,7.95,<=25 km,FALSE,20.9,14,10,14.1,1589.5775,TRUE,1.5921249,1.75133739,1.91054988,2.06976237,0,12.03703704,14.51227843,21.1099617,47.33828673
32500,Cook,QLD,913.0136332,2,4511,86,16,0.022329256,200,1159,60268,2.3,4511,803,17.80093106,180,950,18.94736842,1498,515,34.37917223,107,1911,5.7,51.3,105717.7521,Very Remote Australia,4,92.61966619,27073,COEN AIRPORT,39.48,25-50 km,FALSE,31.9,43.2,21,0,2529.388267,TRUE,4.196900954,4.616591049,5.036281145,5.45597124,88.88888889,13.19444444,29.77034422,30.31578947,37.09609564
24250,Mansfield,VIC,1027.619655,9,10178,444,82,0.000491256,320,1325,68900,2.3,10178,2640,25.93829829,307,2660,11.54135338,3830,605,15.79634465,92,4701,2,55.8,3843.8535,Outer Regional Australia,2,99.49776182,83024,MOUNT BULLER,15.51,<=25 km,FALSE,9.4,0,2.9,173.9,1589.5775,TRUE,2.3070791,2.53778701,2.76849492,2.99920283,11.11111111,4.62962963,9.581725429,18.46616541,55.71083788
32600,Croydon,QLD,875.522324,1,266,50,10,0,148,1375,71500,2.7,266,22,8.270676692,15,53,28.30188679,80,33,41.25,11,137,5.8,64.2,29497.9025,Very Remote Australia,4,100,29063,NORMANTON AIRPORT,131.78,>100 km,FALSE,33.7,139.2,21.9,0,2529.388267,TRUE,3.537605968,3.891366564,4.245127161,4.598887758,100,13.42592593,37.23489836,45.28301887,15.29503598
24330,Maribyrnong,VIC,1009.717021,8,85209,401,74,7.04E-05,376,1998,103896,2.4,85209,9278,10.88852117,3329,21616,15.40062916,33695,14440,42.855023,2854,49911,5.7,69.4,31.2258,Major Cities of Australia,0,100,86338,MELBOURNE (OLYMPIC PARK),10.16,<=25 km,FALSE,20.5,9.2,11.7,1.5,1589.5775,TRUE,1.529969874,1.682966861,1.835963848,1.988960836,22.22222222,13.19444444,38.97861564,24.64100666,21.28352079
32750,Diamantina,QLD,951.845764,4,266,169,31,0,140,1792,93184,2.1,266,24,9.022556391,8,51,15.68627451,82,55,67.07317073,7,164,4.8,71.6,94722.429,Very Remote Australia,4,100,38026,BIRDSVILLE AIRPORT,150.75,>100 km,FALSE,31.7,140.5,16.9,0.9,2529.388267,TRUE,2.7144019,2.98584209,3.257282281,3.528722471,66.66666667,11.11111111,65.28951747,25.09803922,17.01500835
24410,Maroondah,VIC,1041.026734,9,115043,474,87,0.000226003,385,1867,97084,2.6,115043,20226,17.58125223,4916,31842,15.43872872,43006,10437,24.26870669,2482,61463,4,65.4,61.4097,Major Cities of Australia,0,100,86104,SCORESBY RESEARCH INSTITUTE,7.59,<=25 km,FALSE,19.7,8.2,9.6,10.3,1589.5775,TRUE,1.637321804,1.801053984,1.964786165,2.128518345,11.11111111,9.259259259,18.78620665,24.70196596,36.59356642
32770,Doomadgee,QLD,533.7902164,1,1387,14,3,0,120,1223,63596,4.2,1387,36,2.595529921,83,305,27.21311475,285,259,90.87719298,49,278,17.5,29.4,1827.6518,Very Remote Australia,4,100,29077,BURKETOWN AIRPORT,84.52,50-100 km,FALSE,33.4,126.8,20.8,0,2529.388267,TRUE,3.97727572,4.375003292,4.772730864,5.170458436,100,40.50925926,91.15050815,43.54098361,2.312778782
24600,Melbourne,VIC,1016.684788,8,149615,414,76,0.022671524,396,1678,87256,1.8,149615,10919,7.298065034,3071,30685,10.0081473,70760,47582,67.24420577,7472,97817,7.6,70.1,37.5452,Major Cities of Australia,0,100,86338,MELBOURNE (OLYMPIC PARK),3.24,<=25 km,FALSE,20.5,9.2,11.7,1.5,1589.5775,TRUE,1.821740052,2.003914057,2.186088063,2.368262068,22.22222222,17.59259259,65.4753321,16.01303569,13.07012529
32810,Douglas,QLD,978.8520901,6,12337,275,51,0.003080165,310,1310,68120,2.3,12337,2570,20.83164465,427,3042,14.03681788,4560,1409,30.89912281,252,6043,4.1,57.6,2427.8626,Remote Australia,3,74.49503938,31037,LOW ISLES LIGHTHOUSE,29.99,25-50 km,FALSE,29.4,7.9,23.5,0,2529.388267,TRUE,3.713136035,4.084449638,4.455763242,4.827076845,44.44444444,9.490740741,25.98957454,22.45890861,44.02904467
24650,Melton,VIC,985.1878685,6,178960,298,55,0.012930264,360,1887,98124,3.1,178960,16220,9.063477872,7858,46567,16.87461078,54907,12424,22.6273517,5642,87089,6.5,64.3,527.5374,Major Cities of Australia,0,78.54305685,86282,MELBOURNE AIRPORT,17.42,<=25 km,FALSE,20,10,9.6,8.2,1589.5775,TRUE,1.619968102,1.781964912,1.943961722,2.105958532,44.44444444,15.0462963,17.00301785,26.99937724,17.10861882
33100,Etheridge,QLD,982.4406374,6,714,288,53,0,160,1145,59540,2.2,714,164,22.96918768,14,161,8.695652174,260,37,14.23076923,12,369,3.3,61.5,39199.2956,Very Remote Australia,4,100,30124,GEORGETOWN AIRPORT,35.17,25-50 km,FALSE,33,108.5,19.1,0.1,2529.388267,TRUE,4.248216773,4.673038451,5.097860128,5.522681805,44.44444444,7.638888889,7.880864506,13.91304348,48.91880955
24780,Mildura,VIC,940.0018025,3,56972,131,24,0.000368602,265,1341,69732,2.4,56972,11169,19.60436706,2703,14729,18.35155136,21283,6347,29.8219236,1375,26476,5.2,57,22081.9206,Outer Regional Australia,2,71.42745862,76064,WALPEUP RESEARCH,33.85,25-50 km,FALSE,23.4,32.9,9.9,12.1,1589.5775,TRUE,2.279552429,2.507507672,2.735462915,2.963418158,77.77777778,12.03703704,24.8192917,29.36248218,41.22156956
33200,Flinders (Qld),QLD,970.0853115,5,1500,238,44,0,160,1343,69836,2.3,1500,316,21.06666667,42,344,12.20930233,545,166,30.4587156,18,752,2.8,61.7,41199.9375,Very Remote Australia,4,100,30022,HUGHENDEN AIRPORT,5.65,<=25 km,FALSE,32.4,125.2,17.6,3.4,2529.388267,TRUE,3.621897398,3.984087138,4.346276878,4.708466617,55.55555556,6.481481481,25.51111057,19.53488372,44.5666724
24850,Mitchell,VIC,999.547638,7,49460,363,67,0,328,1719,89388,2.7,49460,7402,14.96562879,2244,13404,16.74127126,17140,3550,20.7117853,1100,24604,4.5,62.9,2862.0837,Inner Regional Australia,1,98.02624221,88162,WALLAN (KILMORE GAP),22.93,<=25 km,FALSE,17,3.8,8.1,11.3,1589.5775,TRUE,1.778289591,1.956118551,2.13394751,2.311776469,33.33333333,10.41666667,14.92192229,26.78603402,30.61016237
33220,Fraser Coast,QLD,914.8481948,2,111032,89,17,0.007043015,300,1062,55224,2.3,111032,33483,30.15617119,5449,31087,17.52822723,43927,10717,24.39729551,3490,41026,8.5,43.5,7104.5984,Inner Regional Australia,1,58.35465239,40126,MARYBOROUGH,21.46,<=25 km,FALSE,27,3.8,15.3,2.8,2529.388267,TRUE,4.580233715,5.038257087,5.496280458,5.95430383,88.88888889,19.67592593,18.92590717,28.04516357,65.35948893
24900,Moira,VIC,958.2606536,4,30522,190,35,0,250,1192,61984,2.3,30522,8367,27.41301356,1255,8172,15.35731767,11917,2467,20.70151884,468,13337,3.5,52.4,4045.9201,Inner Regional Australia,1,81.65535202,81124,YARRAWONGA,40.49,25-50 km,FALSE,23,27.5,9,45.7,1589.5775,TRUE,2.564496483,2.820946131,3.07739578,3.333845428,66.66666667,8.101851852,14.91076868,24.57170827,59.08434234
33360,Gladstone,QLD,954.0824623,4,63515,178,33,0.000551051,275,1639,85228,2.5,63515,8792,13.84239943,2798,16846,16.6092841,23181,7731,33.35058884,2274,30840,7.4,61.8,10484.2861,Outer Regional Australia,2,84.67611734,39326,GLADSTONE AIRPORT,34.36,25-50 km,FALSE,27.5,3.5,18.2,0,2529.388267,TRUE,2.967790241,3.264569265,3.56134829,3.858127314,66.66666667,17.12962963,28.65287823,26.57485456,28.04070417
24970,Monash,VIC,1042.308433,9,190397,478,88,0.012815328,436,1901,98852,2.7,190397,34758,18.25553974,6972,50528,13.79829006,66979,20201,30.16019947,5669,97749,5.8,60.8,81.4829,Major Cities of Australia,0,100,86077,MOORABBIN AIRPORT,10.07,<=25 km,FALSE,19.9,8.7,10.2,8.9,1589.5775,TRUE,1.608037774,1.768841551,1.929645328,2.090449106,11.11111111,13.42592593,25.18679888,22.07726409,38.13604175
33430,Gold Coast,QLD,1018.60265,8,625087,419,77,0.002994783,450,1691,87932,2.5,625087,110970,17.75272882,28880,167929,17.19774428,228913,77482,33.8477937,17347,322454,5.4,62.6,1333.386,Major Cities of Australia,0,63.71715317,40764,GOLD COAST SEAWAY,11.32,<=25 km,FALSE,25.4,1.2,17.3,0,2529.388267,TRUE,2.87652762,3.164180382,3.451833144,3.739485906,22.22222222,12.5,29.19304787,27.51639086,36.98582997
25060,Moonee Valley,VIC,1040.715483,9,121851,472,87,0.000131308,386,2011,104572,2.4,121851,21064,17.2866862,4636,32394,14.31129221,47814,15408,32.22487138,3072,67277,4.6,65.8,43.1384,Major Cities of Australia,0,100,86282,MELBOURNE AIRPORT,10.5,<=25 km,FALSE,20,10,9.6,8.2,1589.5775,TRUE,1.520079467,1.672087413,1.82409536,1.976103307,11.11111111,10.64814815,27.42988454,22.89806754,35.919728
33610,Goondiwindi,QLD,965.0476397,4,10310,219,40,0,250,1394,72488,2.5,10310,2016,19.55383123,399,2644,15.09077156,3757,1165,31.0087836,176,5003,3.6,61.4,19265.7098,Outer Regional Australia,2,72.4196837,53115,MOREE AERO,121.94,>100 km,FALSE,27,45.9,12.7,24.5,2529.388267,TRUE,3.489388957,3.838327852,4.187266748,4.536205644,66.66666667,8.333333333,26.10871141,24.14523449,41.10596566
25150,Moorabool,VIC,1017.233908,8,37632,415,76,0,330,1785,92820,2.6,37632,6389,16.97757228,1590,10421,15.25765282,13500,2320,17.18518519,712,19143,3.7,63.7,2110.5504,Inner Regional Australia,1,99.11812104,87168,SHE OAKS,31.42,25-50 km,FALSE,18.9,7.7,8.5,23.4,1589.5775,TRUE,1.712537707,1.883791478,2.055045249,2.22629902,22.22222222,8.564814815,11.09057935,24.41224451,35.21261035
33620,Gympie,QLD,930.4689881,3,53242,112,21,0,290,1115,57980,2.4,53242,13458,25.27703693,2504,14713,17.01896282,20461,4495,21.96862323,1280,21634,5.9,48.7,6883.9781,Inner Regional Australia,1,63.06798245,40908,TEWANTIN RSL PARK,60.8,50-100 km,FALSE,25.5,2.3,17.1,0,2529.388267,TRUE,4.36251857,4.798770427,5.235022284,5.671274141,77.77777778,13.65740741,16.28736691,27.23034052,54.19816068
25250,Moreland,VIC,1026.530542,8,171357,438,80,0.00015173,400,1943,101036,2.4,171357,22849,13.33415034,6185,43053,14.36601398,67871,25980,38.27849892,4932,97987,5,67.6,50.9522,Major Cities of Australia,0,100,86338,MELBOURNE (OLYMPIC PARK),10.27,<=25 km,FALSE,20.5,9.2,11.7,1.5,1589.5775,TRUE,1.573278336,1.73060617,1.887934004,2.045261837,22.22222222,11.57407407,34.00662202,22.98562237,26.87805222
33800,Hinchinbrook,QLD,953.7353858,4,10920,177,33,0.005128205,200,1158,60216,2.2,10920,3186,29.17582418,413,2981,13.85441127,4426,1047,23.65567103,206,4878,4.2,52.6,2807.1889,Remote Australia,3,66.70021031,32004,CARDWELL MARINE PDE,45.43,25-50 km,FALSE,28.7,4.3,19,0,2529.388267,TRUE,4.200525221,4.620577743,5.040630265,5.460682787,66.66666667,9.722222222,18.12019697,22.16705803,63.11688312
25340,Mornington Peninsula,VIC,1037.538438,9,168948,466,86,0.00023084,380,1555,80860,2.4,168948,45980,27.21547458,6932,46625,14.86756032,64650,12048,18.63573086,2605,78380,3.3,55.4,723.992,Major Cities of Australia,0,65.68321197,86361,CERBERUS,9.2,<=25 km,FALSE,19.2,6.3,9.9,12,1589.5775,TRUE,1.965839105,2.162423015,2.359006926,2.555590836,11.11111111,7.638888889,12.6664705,23.78809651,58.63245943
33830,Hope Vale,QLD,630.7883051,1,976,26,5,0,120,836,43472,3.1,976,59,6.045081967,89,227,39.20704846,281,229,81.49466192,61,292,21.3,42.6,1111.7099,Remote Australia,3,100,31213,CAPE FLATTERY,21.9,<=25 km,FALSE,30,2.7,23.5,0,2529.388267,TRUE,5.818430868,6.400273955,6.982117041,7.563960128,100,49.30555556,80.9572078,62.73127753,10.20384728
25430,Mount Alexander,VIC,1007.453034,8,20253,391,72,0,300,1252,65104,2.2,20253,5756,28.42048092,864,5449,15.85612039,8396,1259,14.99523583,335,8904,3.8,51.2,1529.6183,Inner Regional Australia,1,100,88110,CASTLEMAINE PRISON,3.24,<=25 km,FALSE,19.9,10,7.8,51.6,1589.5775,TRUE,2.44159729,2.68575702,2.929916749,3.174076478,22.22222222,8.796296296,8.71139068,25.36979262,61.38898763
33960,Ipswich,QLD,957.9474247,4,229208,188,35,0.006531186,330,1668,86736,2.8,229208,26191,11.42673903,12959,60293,21.49337402,78058,30763,39.41043839,7460,111745,6.7,63.6,1093.8562,Inner Regional Australia,1,58.20594151,40004,AMBERLEY AMO,6.64,<=25 km,FALSE,26.9,13.5,13.1,18.3,2529.388267,TRUE,2.91619197,3.207811167,3.499430364,3.791049561,66.66666667,15.50925926,35.23637538,34.38939844,22.51472821
25620,Murrindindi,VIC,1004.689869,7,15197,382,70,0.000329012,270,1287,66924,2.3,15197,3956,26.03145358,536,4120,13.00970874,6006,808,13.45321345,251,7044,3.6,54.2,3879.7505,Inner Regional Australia,1,78.90636782,88164,EILDON FIRE TOWER,22.26,<=25 km,FALSE,17.9,4.3,8.5,16,1589.5775,TRUE,2.375197986,2.612717784,2.850237583,3.087757382,33.33333333,8.333333333,7.03611808,20.81553398,55.92393649
33980,Isaac,QLD,1011.976998,8,22046,405,74,0.080150594,113,2420,125840,2.6,22046,1501,6.808491336,564,4551,12.39288069,6298,3478,55.2238806,259,10884,2.4,62.7,58707.9192,Remote Australia,3,62.81167601,34035,MORANBAH AIRPORT,32.5,25-50 km,FALSE,30.5,72.3,15.8,4.3,2529.388267,TRUE,2.010003391,2.21100373,2.412004069,2.613004408,22.22222222,5.555555556,52.41629889,19.8286091,11.95019449
25710,Nillumbik,VIC,1092.873619,10,62895,535,98,0,440,2476,128752,2.9,62895,10428,16.58001431,2078,18028,11.52651431,20912,1858,8.884850803,1221,34994,3.5,68.3,432.3373,Inner Regional Australia,1,59.83413876,86383,COLDSTREAM,18.86,<=25 km,FALSE,20.5,10,7.5,52.1,1589.5775,TRUE,1.234604123,1.358064535,1.481524947,1.604985359,0,8.101851852,2.072991149,18.4424229,34.30317135
34420,Kowanyama,QLD,528.1234095,1,1079,12,3,0,115,1132,58864,3.7,1079,68,6.302131603,100,245,40.81632653,247,211,85.42510121,127,313,41,39,2555.3325,Very Remote Australia,4,100,27073,COEN AIRPORT,218.89,>100 km,FALSE,31.9,43.2,21,0,2529.388267,TRUE,4.297003715,4.726704087,5.156404458,5.58610483,100,94.90740741,85.22728674,65.30612245,10.79186458
25810,Northern Grampians,VIC,951.3008393,4,11948,166,31,0,200,1124,58448,2.2,11948,3213,26.89152996,440,3084,14.26718547,4903,984,20.0693453,199,5372,3.8,52.9,5729.8765,Outer Regional Australia,2,93.29839134,79105,STAWELL AERODROME,35.23,25-50 km,FALSE,20.6,14.3,8.5,30.1,1589.5775,TRUE,2.719643957,2.991608353,3.263572748,3.535537144,66.66666667,8.796296296,14.22396735,22.82749676,57.89141562
34530,Livingstone,QLD,1004.803272,7,39398,383,70,0.032209757,350,1625,84500,2.5,39398,7951,20.18122747,1465,10646,13.76103701,13783,2952,21.41768846,801,18427,4.3,57.1,11757.8686,Remote Australia,3,42.99203089,33195,WILLIAMSON,39.58,25-50 km,FALSE,28.4,3.6,17.2,1.4,2529.388267,TRUE,2.993358896,3.292694785,3.592030675,3.891366564,33.33333333,9.953703704,15.6888244,22.01765921,42.54117424
25900,Port Phillip,VIC,1061.015673,10,101942,503,92,4.90E-05,420,2069,107588,1.9,101942,13801,13.53809029,3005,24252,12.39073066,48731,25066,51.43748333,2840,63854,4.5,70.7,20.6141,Major Cities of Australia,0,100,86338,MELBOURNE (OLYMPIC PARK),3.7,<=25 km,FALSE,20.5,9.2,11.7,1.5,1589.5775,TRUE,1.477467283,1.625214011,1.772960739,1.920707467,0,10.41666667,48.30270903,19.82516906,27.34457775
34570,Lockhart River,QLD,621.5972942,1,640,24,5,0,125,1066,55432,3.4,640,40,6.25,50,134,37.31343284,155,116,74.83870968,84,251,33.3,54.1,3576.6839,Very Remote Australia,4,100,28008,LOCKHART RIVER AIRPORT,28.13,25-50 km,FALSE,29.9,6.2,22.1,0,2529.388267,TRUE,4.563047097,5.019351807,5.475656517,5.931961226,100,77.08333333,73.72609715,59.70149254,10.67261024
25990,Pyrenees,VIC,958.6908796,4,7671,192,36,0.002607222,210,1101,57252,2.2,7671,2093,27.28457828,299,2004,14.92015968,2976,349,11.72715054,119,3154,3.8,48.2,3434.5687,Inner Regional Australia,1,78.84200715,79101,PYRENEES (BEN NEVIS),22.65,<=25 km,FALSE,15.9,4,7.2,40.2,1589.5775,TRUE,2.776457591,3.05410335,3.331749109,3.609394868,66.66666667,8.796296296,5.16090151,23.87225549,58.79053851
34580,Lockyer Valley,QLD,948.0476937,3,41101,155,29,0,300,1457,75764,2.7,41101,7215,17.55431741,1836,10887,16.8641499,14142,3211,22.70541649,1016,18976,5.3,57,2269.0054,Inner Regional Australia,1,100,40082,UNIVERSITY OF QUEENSLAND GATTON,20.44,<=25 km,FALSE,27,19.7,13.1,6.7,2529.388267,TRUE,3.338509407,3.672360347,4.006211288,4.340062229,77.77777778,12.26851852,17.08782842,26.98263985,36.53195133
26080,Queenscliffe,VIC,1082.243248,10,3276,527,97,0,370,1509,78468,2,3276,1484,45.2991453,84,944,8.898305085,1441,207,14.36502429,41,1327,3,44.7,8.6166,Inner Regional Australia,1,100,87184,BREAKWATER (GEELONG RACECOURSE),27.6,25-50 km,FALSE,20.2,9,10.2,6.9,1589.5775,TRUE,2.02576528,2.228341808,2.430918336,2.633494864,0,6.944444444,8.026720898,14.23728814,100
34590,Logan,QLD,943.9553528,3,345098,144,27,0.000733125,350,1616,84032,2.9,345098,45906,13.30230833,18766,90481,20.74026591,112653,38998,34.61780867,11446,163152,7,61,958.1333,Major Cities of Australia,0,64.92229213,40854,LOGAN CITY WATER TREATMENT PLANT,21.13,<=25 km,FALSE,26.1,4.3,15.2,0.3,2529.388267,TRUE,3.01002983,3.311032813,3.612035796,3.913038779,77.77777778,16.2037037,30.02960186,33.18442546,26.80521161
26170,South Gippsland,VIC,1002.588744,7,30577,372,68,0.000523269,260,1266,65832,2.3,30577,8118,26.54936717,1094,8329,13.13483011,12001,1828,15.23206399,448,14053,3.2,55.2,3296.3307,Inner Regional Australia,1,73.81216332,85301,CORNER INLET (YANAKIE),19.36,<=25 km,FALSE,18.9,3.3,10.2,9,1589.5775,TRUE,2.414597004,2.656056705,2.897516405,3.138976106,33.33333333,7.407407407,8.968683795,21.01572818,57.10869659
34710,Longreach,QLD,1002.670995,7,3647,373,69,0,200,1561,81172,2.3,3647,645,17.68576913,133,864,15.39351852,1342,476,35.46944858,36,1946,1.7,65.7,40572.2442,Very Remote Australia,4,100,36031,LONGREACH AERO,61.34,50-100 km,FALSE,31.6,123.2,16,6.3,2529.388267,TRUE,3.116084693,3.427693162,3.739301631,4.050910101,33.33333333,3.935185185,30.95483423,24.62962963,36.83265543
26260,Southern Grampians,VIC,993.7303903,7,16588,339,62,0.000180854,220,1261,65572,2.2,16588,4275,25.77164215,618,4414,14.00090621,6844,1357,19.82758621,233,7958,3,57.8,6654.0186,Outer Regional Australia,2,97.01929147,90173,HAMILTON AIRPORT,16.11,<=25 km,FALSE,19.2,9.6,7.7,27.1,1589.5775,TRUE,2.42417114,2.666588254,2.909005368,3.151422482,33.33333333,6.944444444,13.96131722,22.40144993,55.32960142
34770,Mackay,QLD,999.3111957,7,121691,362,67,0.000706708,340,1853,96356,2.6,121691,18548,15.24188313,4896,32126,15.23999253,42964,12269,28.55646588,2443,61395,4,63.2,7613.2963,Outer Regional Australia,2,92.93610706,33119,MACKAY M.O,48.38,25-50 km,FALSE,26.6,0.9,19.2,0,2529.388267,TRUE,2.625044903,2.887549393,3.150053884,3.412558374,33.33333333,9.259259259,23.44448243,24.38398805,31.24211164
26350,Stonnington,VIC,1084.476004,10,104703,529,97,2.87E-05,421,2210,114920,2.1,104703,17804,17.00428832,2941,25493,11.53650022,47229,21204,44.89614432,2645,64012,4.1,69.1,25.651,Major Cities of Australia,0,100,86338,MELBOURNE (OLYMPIC PARK),6.44,<=25 km,FALSE,20.5,9.2,11.7,1.5,1589.5775,TRUE,1.383203533,1.521523886,1.659844239,1.798164593,0,9.490740741,41.19611564,18.45840035,35.27372499
34830,Mapoon,QLD,566.8088452,1,432,20,4,0.007575758,120,1010,52520,3.6,432,42,9.722222222,27,84,32.14285714,94,87,92.55319149,34,126,25.2,41.6,537.2366,Very Remote Australia,4,100,27075,SCHERGER RAAF,62.92,50-100 km,FALSE,33.1,80.8,22.1,0,2529.388267,TRUE,4.816047728,5.297652501,5.779257274,6.260862047,100,58.33333333,92.97133412,51.42857143,18.61553819
26430,Strathbogie,VIC,981.9917555,6,11455,286,53,0.000785683,260,1188,61776,2.2,11455,3593,31.36621563,458,3119,14.68419365,4734,822,17.36375158,173,5100,3.4,51.9,3303.2568,Inner Regional Australia,1,100,88109,MANGALORE AIRPORT,24.81,<=25 km,FALSE,21.1,14.2,8.4,42.1,1589.5775,TRUE,2.573131151,2.830444266,3.087757382,3.345070497,44.44444444,7.87037037,11.28457614,23.49470984,68.1275421
34860,Maranoa,QLD,995.1646795,7,12825,349,64,0,220,1588,82576,2.5,12825,2075,16.17933723,440,3165,13.90205371,4581,1526,33.31150404,164,6625,2.4,65.6,58719.3449,Remote Australia,3,66.77651354,43091,ROMA AIRPORT,28.66,25-50 km,FALSE,28.2,55.1,12.7,38.9,2529.388267,TRUE,3.063103404,3.369413744,3.675724085,3.982034425,33.33333333,5.555555556,28.610416,22.24328594,33.38659719
26490,Surf Coast,VIC,1086.196967,10,37694,530,97,0,461,2088,108576,2.6,37694,7472,19.82278347,1070,10195,10.49534085,13270,2403,18.10851545,544,19316,2.8,63.8,1552.944,Inner Regional Australia,1,98.48243079,90180,AIREYS INLET,13.19,<=25 km,FALSE,18.5,5.3,10.7,0.1,1589.5775,TRUE,1.464022896,1.610425186,1.756827476,1.903229765,0,6.481481481,12.09369702,16.79254537,41.72121091
34880,Mareeba,QLD,937.3804339,3,22858,123,23,0.057266603,275,1269,65988,2.5,22858,4714,20.62297664,957,5600,17.08928571,7836,1966,25.08933129,574,9666,6,50.8,53491.0502,Very Remote Australia,4,88.48155799,30124,GEORGETOWN AIRPORT,137.1,>100 km,FALSE,33,108.5,19.1,0.1,2529.388267,TRUE,3.833103393,4.216413732,4.599724071,4.983034411,77.77777778,13.88888889,19.67774359,27.34285714,43.5517034
26610,Swan Hill,VIC,940.6167909,3,21403,134,25,0,225,1379,71708,2.5,21403,4175,19.50661122,796,5326,14.94555013,7718,2214,28.68618813,357,10223,3.5,58.7,6115.5373,Outer Regional Australia,2,100,77094,SWAN HILL AERODROME,56.35,50-100 km,FALSE,24,35.8,9.4,37.9,1589.5775,TRUE,2.216736626,2.438410289,2.660083952,2.881757614,77.77777778,8.101851852,23.58541433,23.91288021,40.9979469
34800,McKinlay,QLD,1013.976592,8,836,408,75,0,130,1733,90116,2.5,836,100,11.96172249,13,156,8.333333333,238,62,26.05042017,4,463,0.9,67.1,40736.7989,Very Remote Australia,4,100,29058,JULIA CREEK AIRPORT,8.05,<=25 km,FALSE,34.2,177.4,17.3,1.9,2529.388267,TRUE,2.806813737,3.08749511,3.368176484,3.648857858,22.22222222,2.083333333,20.7218827,13.33333333,23.7385367
26670,Towong,VIC,1000.769071,7,6223,368,68,0,210,1282,66664,2.2,6223,1772,28.47501205,165,1679,9.827278142,2406,349,14.50540316,104,2960,3.5,56.3,6675.1725,Outer Regional Australia,2,94.39111873,82139,HUNTERS HILL,17.85,<=25 km,FALSE,16.5,1.4,8,51.5,1589.5775,TRUE,2.384461628,2.622907791,2.861353954,3.099800117,33.33333333,8.101851852,8.179230277,15.72364503,61.51373106
35010,Moreton Bay,QLD,991.7693699,7,476340,332,61,0.005147584,360,1648,85696,2.6,476340,84292,17.69576353,23788,132607,17.93872118,171018,53240,31.13122595,13073,232404,5.6,60.9,2041.4737,Inner Regional Australia,1,57.74334002,40284,BEERBURRUM FOREST STATION,17.55,<=25 km,FALSE,26.5,7.8,15,0.1,2529.388267,TRUE,2.951582649,3.246740914,3.541899179,3.837057444,33.33333333,12.96296296,26.24173433,28.70195389,36.85551827
26730,Warrnambool,VIC,994.9477931,7,35406,347,64,0.000762583,295,1420,73840,2.3,35406,7516,21.22804045,1650,9426,17.50477403,13993,3920,28.014007,556,17863,3.1,61.1,120.9487,Inner Regional Australia,1,100,90186,WARRNAMBOOL AIRPORT NDB,11.05,<=25 km,FALSE,19,8.3,8.6,16.1,1589.5775,TRUE,2.152732259,2.368005485,2.583278711,2.798551937,33.33333333,7.175925926,22.85514826,28.00763845,44.93582513
35250,Mornington,QLD,609.0048014,1,1025,23,5,0.003902439,104,855,44460,3.5,1025,66,6.43902439,71,209,33.97129187,234,216,92.30769231,17,230,6.6,29.4,1247.6932,Very Remote Australia,4,100,29182,MORNINGTON ISLAND AIRPORT,21.59,<=25 km,FALSE,30.7,13.4,23,0,2529.388267,TRUE,5.689132404,6.258045645,6.826958885,7.395872125,100,15.27777778,92.7046207,54.35406699,11.10501549
26810,Wellington,VIC,972.9694388,5,45639,249,46,0.024102193,260,1272,66144,2.3,45639,10574,23.16878109,1756,11979,14.65898656,17538,3620,20.64089406,951,20265,4.7,53.5,10817.4231,Outer Regional Australia,2,69.70569174,85296,MOUNT MOORNAPA,29.37,25-50 km,FALSE,18.7,6.1,9.2,3.9,1589.5775,TRUE,2.403207396,2.643528136,2.883848875,3.124169615,55.55555556,10.87962963,14.84490515,23.4543785,49.3753921
35300,Mount Isa,QLD,971.8670641,5,18727,245,45,0.000640786,270,2231,116012,2.6,18727,1525,8.143322476,897,4498,19.94219653,6416,2915,45.43329177,417,9790,4.2,68.3,43715.1975,Very Remote Australia,4,99.84285465,37010,CAMOOWEAL TOWNSHIP,69.35,50-100 km,FALSE,33,155.2,17.7,1.9,2529.388267,TRUE,2.18028158,2.398309738,2.616337896,2.834366054,55.55555556,9.722222222,41.77967942,31.90751445,15.00370515
26890,West Wimmera,VIC,991.0072971,6,4006,326,60,0,140,1207,62764,2.2,4006,1080,26.95956066,112,1034,10.83172147,1643,233,14.18137553,61,1932,3,58.1,9108.6794,Outer Regional Australia,2,83.99348318,78015,NHILL AERODROME,39.38,25-50 km,FALSE,22.5,25.2,8.7,27.4,1589.5775,TRUE,2.532626187,2.785888806,3.039151424,3.292414043,44.44444444,6.944444444,7.827202568,17.33075435,58.04704014
35600,Murweh,QLD,948.3713141,3,3971,158,29,0,170,1294,67288,2.2,3971,765,19.26466885,154,965,15.95854922,1528,447,29.2539267,55,1931,3.1,58.9,40699.7586,Very Remote Australia,4,100,44021,CHARLEVILLE AERO,32.94,25-50 km,FALSE,28.3,67.8,13.7,26.5,2529.388267,TRUE,3.759048072,4.13495288,4.510857687,4.886762494,77.77777778,7.175925926,24.20221269,25.53367876,40.44448842
26980,Whitehorse,VIC,1042.697471,9,169346,479,88,0.00213173,411,1841,95732,2.6,169346,31363,18.52007133,6392,45342,14.09730493,63094,18291,28.9900783,4714,88045,5.4,61.8,64.2801,Major Cities of Australia,0,100,86104,SCORESBY RESEARCH INSTITUTE,9.94,<=25 km,FALSE,19.7,8.2,9.6,10.3,1589.5775,TRUE,1.660445306,1.826489836,1.992534367,2.158578897,11.11111111,12.5,23.91556445,22.55568788,38.7411745
35670,Napranum,QLD,623.2341906,1,883,25,5,0,121,788,40976,3.7,883,44,4.983012458,58,180,32.22222222,199,185,92.96482412,26,164,16.6,25.8,2004.3468,Very Remote Australia,4,100,27075,SCHERGER RAAF,21.59,<=25 km,FALSE,33.1,80.8,22.1,0,2529.388267,TRUE,6.172853053,6.790138358,7.407423663,8.024708969,100,38.42592593,93.41853701,51.55555556,7.774296096
27070,Whittlesea,VIC,989.6036133,6,229396,320,59,0.003208426,371,1768,91936,2.9,229396,29520,12.86857661,10340,62337,16.58725957,75971,18936,24.92530044,6747,113804,5.9,63,489.6938,Major Cities of Australia,0,58.89617144,88162,WALLAN (KILMORE GAP),20.75,<=25 km,FALSE,17,3.8,8.1,11.3,1589.5775,TRUE,1.729004416,1.901904858,2.074805299,2.247705741,44.44444444,13.65740741,19.4995384,26.53961532,25.81302286
35740,Noosa,QLD,1029.53433,9,56298,452,83,0.002486767,470,1467,76284,2.4,56298,15614,27.7345554,2196,16091,13.64738052,21847,4556,20.85412185,1137,25391,4.5,53,869.8657,Inner Regional Australia,1,82.32765127,40908,TEWANTIN RSL PARK,13.59,<=25 km,FALSE,25.5,2.3,17.1,0,2529.388267,TRUE,3.315752015,3.647327216,3.978902418,4.310477619,11.11111111,10.41666667,15.07655851,21.83580884,59.81988963
27170,Wodonga,VIC,973.0740152,5,43253,250,46,0.015675213,290,1498,77896,2.4,43253,7681,17.75830578,2219,11551,19.21045797,16372,5339,32.61055461,902,21594,4.2,62.5,433.0021,Inner Regional Australia,1,100,72160,ALBURY AIRPORT AWS,9.56,<=25 km,FALSE,22.5,21.4,9.2,45.2,1589.5775,TRUE,2.040640726,2.244704799,2.448768871,2.652832944,55.55555556,9.722222222,27.84889567,30.73673275,36.99858762
35760,North Burnett,QLD,902.4681613,2,10068,66,13,0,200,1021,53092,2.2,10068,2720,27.01628923,349,2566,13.60093531,3903,923,23.64847553,225,4475,5,52.8,19669.8489,Outer Regional Australia,2,76.07114155,39066,GAYNDAH AIRPORT,60.74,50-100 km,FALSE,28.9,33.8,14.5,6.9,2529.388267,TRUE,4.764160828,5.240576911,5.716992994,6.193409077,88.88888889,11.57407407,18.11237968,21.76149649,58.17681034
27260,Wyndham,VIC,1005.516265,8,292011,385,71,0.003534113,370,2023,105196,3.1,292011,22334,7.648342015,10902,76145,14.31742071,89823,27648,30.78053505,9913,145739,6.8,66.9,542.0943,Inner Regional Australia,1,53.28548926,87031,LAVERTON RAAF,11.85,<=25 km,FALSE,19.8,9.4,9.5,15.6,1589.5775,TRUE,1.511062683,1.662168951,1.81327522,1.964381488,22.22222222,15.74074074,25.8607393,22.90787314,13.87140604
35780,Northern Peninsula Area,QLD,702.0579689,1,2781,30,6,0.007910823,120,1331,69212,3.5,2781,134,4.818410644,217,602,36.04651163,678,614,90.56047198,136,974,14,53.8,1052.0676,Very Remote Australia,4,100,27058,HORN ISLAND,43.58,25-50 km,FALSE,30.5,0.7,24.7,0,2529.388267,TRUE,3.65455162,4.020006781,4.385461943,4.750917105,100,32.40740741,90.80641845,57.6744186,7.397759035
27350,Yarra,VIC,1045.741429,9,90114,489,90,0.000177553,451,2270,118040,2,90114,10670,11.84055752,2598,21026,12.35613051,40646,21709,53.40992964,2255,59435,3.8,73.8,19.5421,Major Cities of Australia,0,100,86338,MELBOURNE (OLYMPIC PARK),2.33,<=25 km,FALSE,20.5,9.2,11.7,1.5,1589.5775,TRUE,1.346643087,1.481307396,1.615971705,1.750636013,11.11111111,8.796296296,50.44559963,19.76980881,23.46136416
35790,Palm Island,QLD,566.9441807,1,2098,21,4,0,125,977,50804,3.7,2098,106,5.052430887,187,450,41.55555556,491,454,92.46435845,38,386,11,26.5,71.9928,Remote Australia,3,78.1936527,32040,TOWNSVILLE AERO,60.43,50-100 km,FALSE,29,3.7,19.9,0,2529.388267,TRUE,4.978718737,5.47659061,5.974462484,6.472334357,100,25.46296296,92.87482478,66.48888889,7.933095143
27450,Yarra Ranges,VIC,1041.249719,9,156068,475,87,0.000486967,380,1881,97812,2.7,156068,27580,17.67178409,6465,43981,14.69952934,55842,7791,13.95186419,2941,82842,3.5,65.2,2468.2052,Inner Regional Australia,1,83.36526072,86383,COLDSTREAM,27.83,25-50 km,FALSE,20.5,10,7.5,52.1,1589.5775,TRUE,1.625135464,1.78764901,1.950162557,2.112676103,11.11111111,8.101851852,7.577858542,23.51924695,36.80066379
35800,Paroo,QLD,865.678527,1,1679,48,9,0,125,920,47840,2.2,1679,345,20.54794521,91,425,21.41176471,694,241,34.72622478,49,701,7,53,47614.9225,Very Remote Australia,4,100,44026,CUNNAMULLA POST OFFICE,18.97,<=25 km,FALSE,28.2,82.2,14.4,6.1,2529.388267,TRUE,5.287182832,5.815901115,6.344619399,6.873337682,100,16.2037037,30.1473865,34.25882353,43.38006425
27630,Yarriambiack,VIC,945.9260556,3,6556,149,28,0,166,1102,57304,2.1,6556,1915,29.20988408,246,1715,14.34402332,2740,438,15.98540146,79,2745,2.8,49.6,7325.797,Outer Regional Australia,2,71.40386227,77010,HOPETOUN AIRPORT,34.95,25-50 km,FALSE,24,36.3,8.7,45.6,1589.5775,TRUE,2.77393812,3.051331931,3.328725743,3.606119555,77.77777778,6.481481481,9.78711914,22.95043732,63.19479729
36070,Pormpuraaw,QLD,547.204349,1,611,17,4,0.016366612,120,1071,55692,3.4,611,37,6.055646481,39,145,26.89655172,153,124,81.04575163,113,258,43.2,54.6,4395.3654,Very Remote Australia,4,100,27073,COEN AIRPORT,174.11,>100 km,FALSE,31.9,43.2,21,0,2529.388267,TRUE,4.541744356,4.995918792,5.450093228,5.904267663,100,100,80.46950599,43.03448276,10.22801427
36150,Quilpie,QLD,997.8698756,7,698,357,66,0.008595989,140,1312,68224,2.4,698,107,15.32951289,14,175,8,279,82,29.390681,4,393,1,70.8,67414.6563,Very Remote Australia,4,100,45025,THARGOMINDAH AIRPORT,204.39,>100 km,FALSE,29.8,103.6,16.4,2.9,2529.388267,TRUE,3.707475766,4.078223343,4.44897092,4.819718496,33.33333333,2.314814815,24.35078429,12.8,31.44257027
36250,Redland,QLD,1023.916591,8,159222,433,80,0.003680396,420,1767,91884,2.6,159222,33301,20.91482333,7072,45763,15.45353233,58756,13437,22.86915379,3576,80382,4.4,61.4,537.1672,Remote Australia,3,51.58719669,40854,LOGAN CITY WATER TREATMENT PLANT,11.83,<=25 km,TRUE,26.1,4.3,15.2,0.3,2529.388267,TRUE,2.752806002,3.028086602,3.303367202,3.578647803,22.22222222,10.18518519,17.26571469,24.72565173,44.21932116
36300,Richmond,QLD,1009.175626,8,761,396,73,0,133,1757,91364,2.6,761,118,15.50591327,18,179,10.05586592,243,57,23.45679012,5,413,1.2,68.7,26580.748,Very Remote Australia,4,100,30161,RICHMOND AIRPORT,24.17,<=25 km,FALSE,33.5,156.7,17.3,2.1,2529.388267,TRUE,2.768473651,3.045321017,3.322168382,3.599015747,22.22222222,2.777777778,17.90413023,16.08938547,31.84609729
36370,Rockhampton,QLD,948.8171493,3,81968,161,30,8.54E-05,280,1477,76804,2.5,81968,13632,16.63088034,4360,21022,20.74017696,29911,9613,32.13867808,2238,39211,5.7,60,6570.2667,Outer Regional Australia,2,64.47242849,39083,ROCKHAMPTON AERO,31.91,25-50 km,FALSE,28.5,20,16.8,1.1,2529.388267,TRUE,3.29330278,3.622633058,3.951963336,4.281293614,77.77777778,13.19444444,27.33624305,33.18428313,34.41953062
36510,Scenic Rim,QLD,985.8051427,6,42984,301,55,0,315,1410,73320,2.6,42984,9724,22.62237111,1797,12031,14.93641426,15430,3261,21.13415424,852,19620,4.3,55.4,4243.0014,Inner Regional Australia,1,94.42542725,40983,BEAUDESERT DRUMLEY STREET,19.21,<=25 km,FALSE,27.1,14,13.3,13.8,2529.388267,TRUE,3.449793054,3.794772359,4.139751664,4.48473097,44.44444444,9.953703704,15.38078925,23.89826282,48.12544473
36580,Somerset,QLD,943.8851196,3,25057,143,27,0,300,1312,68224,2.6,25057,5385,21.49100052,1128,6932,16.27236007,9066,1876,20.69269799,577,10822,5.3,52.9,5373.4335,Inner Regional Australia,1,62.00716916,40284,BEERBURRUM FOREST STATION,51.34,50-100 km,FALSE,26.5,7.8,15,0.1,2529.388267,TRUE,3.707475766,4.078223343,4.44897092,4.819718496,77.77777778,12.26851852,14.9011856,26.03577611,45.53736293
37010,Townsville,QLD,989.6303352,6,192768,321,59,0.021046024,305,1701,88452,2.5,192768,27496,14.26377822,9291,49777,18.665247,69892,25586,36.60790935,5044,99034,5.1,63.6,3730.8199,Outer Regional Australia,2,100,32040,TOWNSVILLE AERO,11.53,<=25 km,FALSE,29,3.7,19.9,0,2529.388267,TRUE,2.859616817,3.145578499,3.43154018,3.717501862,44.44444444,11.80555556,32.1916724,29.8643952,29.00463479
36630,South Burnett,QLD,906.9986311,2,32996,76,14,0,245,1045,54340,2.3,32996,8720,26.42744575,1478,8604,17.17805672,12685,3169,24.98226251,724,12908,5.6,47.2,8381.558,Outer Regional Australia,2,82.94000352,40922,KINGAROY AIRPORT,28.95,25-50 km,FALSE,25.9,11.6,11.4,37.6,2529.388267,TRUE,4.654744694,5.120219164,5.585693633,6.051168103,88.88888889,12.96296296,19.56142272,27.48489075,56.82979363
36660,Southern Downs,QLD,938.9269094,3,36290,126,23,0.000468449,255,1108,57616,2.3,36290,9563,26.35161201,1590,9792,16.2377451,14031,3538,25.21559404,725,15706,4.6,52.3,7106.436,Outer Regional Australia,2,54.0966583,41095,STANTHORPE,19.82,<=25 km,FALSE,21.8,1.5,8.9,64.3,2529.388267,TRUE,4.390079608,4.829087569,5.26809553,5.70710349,77.77777778,10.64814815,19.81491704,25.98039216,56.65631916
36720,Sunshine Coast,QLD,1021.721481,8,342541,426,78,0.003476956,440,1595,82940,2.5,342541,74303,21.6917099,14604,95412,15.30625079,127927,34900,27.2811838,7424,167712,4.4,59.3,2253.8522,Inner Regional Australia,1,68.44123142,40988,NAMBOUR DAFF - HILLSIDE,11.2,<=25 km,FALSE,26.1,6.1,15.9,0,2529.388267,TRUE,3.049660317,3.354626349,3.65959238,3.964558412,22.22222222,10.18518519,22.05899986,24.49000126,45.99649833
36820,Tablelands,QLD,955.3081651,4,26244,182,34,0.000342936,260,1167,60684,2.3,26244,6939,26.44032922,1136,6897,16.47092939,9986,2419,24.22391348,556,11161,5,51.2,11292.8695,Remote Australia,3,75.50396912,31108,WALKAMIN RESEARCH STATION,79.38,50-100 km,FALSE,27.4,5.2,17.2,0,2529.388267,TRUE,4.168130425,4.584943467,5.00175651,5.418569552,66.66666667,11.57407407,18.73754274,26.35348702,56.85926538
36910,Toowoomba,QLD,979.3784657,6,173204,278,51,0.0033602,300,1461,75972,2.5,173204,33743,19.48165169,7640,45859,16.65976144,64650,20577,31.82830626,4172,83683,5,60.1,12957.2103,Inner Regional Australia,1,60.28157774,41359,OAKEY AERO,23.36,<=25 km,FALSE,25.6,12.3,11,43.9,2529.388267,TRUE,3.329369066,3.662305973,3.995242879,4.328179786,44.44444444,11.57407407,26.99905119,26.65561831,40.9408504
36950,Torres,QLD,904.2902272,2,3421,70,13,0.005553932,200,2006,104312,3.1,3421,253,7.395498392,205,760,26.97368421,950,667,70.21052632,63,1588,4.2,63,883.7402,Very Remote Australia,4,100,27058,HORN ISLAND,15.54,<=25 km,FALSE,30.5,0.7,24.7,0,2529.388267,TRUE,2.424829614,2.667312575,2.909795537,3.152278498,88.88888889,9.722222222,68.69798024,43.15789474,13.29301026
36960,Torres Strait Island,QLD,649.4757155,1,4124,28,6,0,130,976,50752,3.5,4124,288,6.983511154,371,954,38.88888889,1013,906,89.43731491,135,1152,11.7,41.1,490.0453,Very Remote Australia,4,100,27058,HORN ISLAND,138.84,>100 km,FALSE,30.5,0.7,24.7,0,2529.388267,TRUE,4.983819883,5.482201871,5.980583859,6.478965848,100,27.08333333,89.58620641,62.22222222,12.3505634
37300,Weipa,QLD,1058.087043,10,4100,501,92,0.013658537,500,2978,154856,2.9,4100,126,3.073170732,101,977,10.33776868,1233,723,58.63746959,48,2324,2.1,76.3,10.4643,Very Remote Australia,4,100,27045,WEIPA AERO,6.82,<=25 km,FALSE,32.9,70.8,22.1,0,2529.388267,TRUE,1.633380862,1.796718948,1.960057034,2.12339512,0,4.861111111,56.12486511,16.54042989,3.405412349
37310,Western Downs,QLD,945.9672143,3,33843,150,28,0.000206838,240,1374,71448,2.5,33843,5783,17.08772863,1416,8446,16.7653327,11901,3815,32.05612974,733,15841,4.6,59.6,37922.5007,Outer Regional Australia,2,61.16614351,42112,MILES CONSTANCE STREET,40.98,25-50 km,FALSE,27.9,43.5,13,31.3,2529.388267,TRUE,3.540180645,3.894198709,4.248216773,4.602234838,77.77777778,10.64814815,27.24656149,26.82453232,35.46459997
37340,Whitsunday,QLD,969.3548119,5,37152,236,44,0.060588932,300,1472,76544,2.4,37152,6261,16.85239018,1296,8768,14.7810219,12614,4271,33.85920406,816,18784,4.4,61,23818.9729,Remote Australia,3,76.81820613,33247,PROSERPINE AIRPORT,91.07,50-100 km,FALSE,28.9,13.9,17.7,1,2529.388267,TRUE,3.30448927,3.634938197,3.965387124,4.295836051,55.55555556,10.18518519,29.20544423,23.64963504,34.92624839
37400,Winton,QLD,993.2725532,7,1129,337,62,0,150,1316,68432,2.1,1129,253,22.40921169,29,256,11.328125,438,113,25.79908676,5,567,1.4,60.5,53813.4826,Very Remote Australia,4,100,37039,WINTON AIRPORT,76.92,50-100 km,FALSE,33,151.1,17.1,1.6,2529.388267,TRUE,3.696206843,4.065827527,4.435448212,4.805068896,33.33333333,3.240740741,20.4488309,18.125,47.63782907
37550,Woorabinda,QLD,492.4761137,1,1019,4,1,0,120,684,35568,3.3,1019,48,4.710500491,145,232,62.5,273,265,97.06959707,53,254,22.3,38,390.5578,Remote Australia,3,63.40669678,39083,ROCKHAMPTON AERO,81.81,50-100 km,FALSE,28.5,20,16.8,1.1,2529.388267,TRUE,7.111415505,7.822557056,8.533698606,9.244840157,100,51.62037037,97.87801423,100,7.150907735
37570,Wujal Wujal,QLD,510.2589571,1,276,9,2,0,70,840,43680,3.2,276,10,3.623188406,27,70,38.57142857,79,73,92.40506329,17,58,25.4,29.5,11.842,Remote Australia,3,100,31037,LOW ISLES LIGHTHOUSE,53.18,50-100 km,FALSE,29.4,7.9,23.5,0,2529.388267,TRUE,5.790724054,6.36979646,6.948868865,7.527941271,100,58.7962963,92.81040577,61.71428571,4.663612567
37600,Yarrabah,QLD,512.4605016,1,2505,10,2,0,150,1254,65208,4.5,2505,128,5.109780439,255,567,44.97354497,486,382,78.60082305,236,635,37.2,36.1,158.8381,Outer Regional Australia,2,100,31222,CAIRNS RACECOURSE,15.66,<=25 km,FALSE,29.7,7.4,20.7,0,2529.388267,TRUE,3.878953912,4.266849303,4.654744694,5.042640086,100,86.11111111,77.81330467,71.95767196,8.064285872
40070,Adelaide,SA,1002.239111,7,25026,371,68,0.053184688,400,1473,76596,1.8,25026,3811,15.22816271,548,4821,11.36693632,11116,6618,59.53580425,1299,13937,9.3,59.1,15.5733,Major Cities of Australia,0,100,23034,ADELAIDE AIRPORT M.O.,7.91,<=25 km,FALSE,21.6,14.1,11.5,3.6,2232.755774,TRUE,2.914976988,3.206474687,3.497972386,3.789470085,33.33333333,21.52777778,57.10082724,18.18709811,31.21072531
40120,Adelaide Hills,SA,1081.278179,10,40879,524,96,0.000415861,350,2067,107484,2.7,40879,8207,20.07632281,1214,11729,10.3504135,14537,1547,10.64181055,746,21788,3.4,65,794.4957,Inner Regional Australia,1,82.79470864,23842,MOUNT LOFTY,13.95,<=25 km,FALSE,16.2,2.2,8.7,4.8,2232.755774,TRUE,2.077291294,2.285020423,2.492749552,2.700478682,0,7.87037037,3.98177443,16.56066161,42.30119818
40150,Adelaide Plains,SA,987.919318,6,9835,311,57,0,295,1685,87620,2.7,9835,1408,14.31621759,351,2690,13.04832714,3391,363,10.70480684,215,5065,4.2,63.4,932.4913,Inner Regional Australia,1,100,23122,ROSEWORTHY AWS,18.81,<=25 km,FALSE,23.7,33.8,9.7,18,2232.755774,TRUE,2.548226174,2.803048792,3.057871409,3.312694027,44.44444444,9.722222222,4.050214395,20.87732342,29.12459317
40220,Alexandrina,SA,987.759899,6,28730,309,57,0.000313261,280,1143,59436,2.3,28730,9407,32.74277758,1015,8277,12.26289718,11724,2089,17.8181508,538,11996,4.5,48.6,1826.8067,Inner Regional Australia,1,100,24580,STRATHALBYN RACECOURSE,8.03,<=25 km,FALSE,21.7,19.3,10.3,6.5,2232.755774,TRUE,3.756571395,4.132228534,4.507885673,4.883542813,44.44444444,10.41666667,11.77824119,19.6206355,71.27651465
40250,Anangu Pitjantjatjara Yunkunytjatjara,SA,496.3265311,1,2333,5,1,0.015859409,85,1266,65832,4,2333,89,3.81483069,162,577,28.0762565,514,388,75.48638132,217,740,29.4,41.5,102348.117,Very Remote Australia,4,100,16097,ERNABELLA (PUKATJA),129.32,>100 km,FALSE,27.5,66.9,13.2,20.4,2232.755774,TRUE,3.391596449,3.730756093,4.069915738,4.409075383,100,68.05555556,74.42973581,44.9220104,5.102006414
40310,Barossa,SA,1014.263514,8,25066,409,75,0,295,1480,76960,2.4,25066,5686,22.68411394,895,7176,12.47212932,9739,1663,17.07567512,421,12691,3.3,61.4,893.5424,Inner Regional Australia,1,95.61832768,23878,MOUNT CRAWFORD AWS,12.47,<=25 km,FALSE,19.1,10.5,9.7,2.1,2232.755774,TRUE,2.901189935,3.191308929,3.481427922,3.771546916,22.22222222,7.638888889,10.97160623,19.95540691,48.26668534
40430,Barunga West,SA,950.1054181,3,2619,163,30,0,208,975,50700,2.1,2619,931,35.54791905,74,714,10.36414566,1118,188,16.8157424,60,968,5.9,43.2,1590.3887,Outer Regional Australia,2,100,22050,KADINA AWS,29.24,25-50 km,FALSE,23.7,30.2,9.9,28.5,2232.755774,TRUE,4.403857542,4.844243297,5.284629051,5.725014805,77.77777778,13.65740741,10.68921203,16.58263305,77.69345319
40520,Berri Barmera,SA,906.9389667,2,10484,75,14,0.000858451,210,1169,60788,2.3,10484,2565,24.46585273,560,2856,19.60784314,4301,1258,29.24901186,273,4853,5.7,55.1,476.1962,Outer Regional Australia,2,100,24048,RENMARK AERO,18.87,<=25 km,FALSE,25,43.2,9.7,37.5,2232.755774,TRUE,3.673020619,4.040322681,4.407624743,4.774926805,88.88888889,13.19444444,24.19687314,31.37254902,52.34252552
40700,Burnside,SA,1082.658788,10,46030,528,97,0,360,2069,107588,2.5,46030,10775,23.40864653,1453,12710,11.43194335,17704,3825,21.60528694,1013,23322,4.3,60.9,27.5183,Major Cities of Australia,0,100,23842,MOUNT LOFTY,6.79,<=25 km,FALSE,16.2,2.2,8.7,4.8,2232.755774,TRUE,2.075283279,2.282811607,2.490339935,2.697868262,0,9.953703704,15.89263377,18.29110936,49.92409948
40910,Campbelltown (SA),SA,1021.442711,8,54800,425,78,5.47E-05,345,1590,82680,2.5,54800,11190,20.41970803,2349,15194,15.46005002,21332,5699,26.71573223,1451,28740,5.1,62.6,24.3485,Major Cities of Australia,0,100,23842,MOUNT LOFTY,10.68,<=25 km,FALSE,16.2,2.2,8.7,4.8,2232.755774,TRUE,2.700478682,2.97052655,3.240574418,3.510622286,22.22222222,11.80555556,21.44468613,24.73608003,43.0867136
41010,Ceduna,SA,943.1962008,3,3505,141,26,0,200,1381,71812,2.4,3505,646,18.43081312,152,926,16.41468683,1328,496,37.34939759,75,1664,4.5,59.6,5420.3435,Very Remote Australia,4,100,18012,CEDUNA AMO,37.76,25-50 km,FALSE,23.6,29.7,10.5,15.9,2232.755774,TRUE,3.109168069,3.420084876,3.731001683,4.04191849,77.77777778,10.41666667,32.9972346,26.26349892,38.53699071
41060,Charles Sturt,SA,1000.728304,7,121840,367,67,0.000336507,325,1563,81276,2.4,121840,23985,19.68565332,5578,33030,16.88767787,49233,15596,31.67793959,3134,64477,4.9,62.4,54.7876,Major Cities of Australia,0,100,23034,ADELAIDE AIRPORT M.O.,5.98,<=25 km,FALSE,21.6,14.1,11.5,3.6,2232.755774,TRUE,2.747128026,3.021840828,3.296553631,3.571266433,33.33333333,11.34259259,26.83569094,27.02028459,41.40751701
41140,Clare and Gilbert Valleys,SA,997.5807002,7,9187,355,65,0,240,1311,68172,2.3,9187,2358,25.66670295,319,2537,12.57390619,3709,753,20.30196819,144,4479,3.2,58.4,1892.4466,Inner Regional Australia,1,54.64918799,21131,CLARE HIGH SCHOOL,27.05,25-50 km,FALSE,21.5,19.5,9,30.9,2232.755774,TRUE,3.275180095,3.602698104,3.930216113,4.257734123,33.33333333,7.407407407,14.4766918,20.1182499,55.08954636
41190,Cleve,SA,989.3798435,6,1742,317,58,0,165,1110,57720,2.3,1742,409,23.47876005,44,452,9.734513274,675,112,16.59259259,13,843,1.8,60.4,5018.8483,Remote Australia,3,89.77226309,18116,CLEVE AERODROME,20.55,<=25 km,FALSE,22.6,23.2,11.5,0.9,2232.755774,TRUE,3.868253247,4.255078571,4.641903896,5.028729221,44.44444444,4.166666667,10.44677926,15.57522124,50.08448858
41330,Coober Pedy,SA,868.2946925,1,1566,49,9,0.022349936,163,764,39728,1.8,1566,457,29.18263091,49,289,16.9550173,674,221,32.78931751,70,595,11.7,43.2,77.6795,Very Remote Australia,4,100,16090,COOBER PEDY AIRPORT,3.95,<=25 km,FALSE,27.9,78,14.2,2.5,2232.755774,TRUE,5.620106157,6.182116773,6.744127388,7.306138004,100,27.08333333,28.04310595,27.12802768,63.13245394
47800,Coorong,SA,938.6122743,3,5463,125,23,0,190,1084,56368,2.2,5463,1372,25.114406,194,1422,13.64275668,2188,493,22.53199269,100,2450,4.2,53.5,8833.4339,Outer Regional Australia,2,90.61579665,25557,KEITH (MUNKORA),66.69,50-100 km,FALSE,22.8,29.1,7.9,43.7,2232.755774,TRUE,3.961034229,4.357137652,4.753241074,5.149344497,77.77777778,9.722222222,16.8994186,21.82841069,53.82613216
41560,Copper Coast,SA,923.6669778,2,15050,100,19,0.000863787,250,997,51844,2.2,15050,4916,32.66445183,656,4225,15.52662722,6267,1488,23.7434179,421,5766,7.2,44.6,772.9149,Outer Regional Australia,2,100,22050,KADINA AWS,7.13,<=25 km,FALSE,23.7,30.2,9.9,28.5,2232.755774,TRUE,4.306681147,4.737349262,5.168017377,5.598685492,88.88888889,16.66666667,18.21552627,24.84260355,71.09733953
41750,Elliston,SA,958.9522169,4,1014,194,36,0,150,1135,59020,2.3,1014,198,19.52662722,21,246,8.536585366,380,64,16.84210526,18,469,3.8,58,6741.9317,Very Remote Australia,4,66.63357032,18044,KYANCUTTA TOWN,47.47,25-50 km,FALSE,25.3,44.7,9.3,29.4,2232.755774,TRUE,3.783049431,4.161354374,4.539659317,4.91796426,66.66666667,8.796296296,10.71785298,13.65853659,41.04373476
41830,Flinders Ranges,SA,932.9574716,3,1646,117,22,0,175,1045,54340,2.1,1646,499,30.31591738,62,416,14.90384615,671,149,22.20566319,32,748,4.1,53.3,4070.4827,Outer Regional Australia,2,100,19017,HAWKER,32.68,25-50 km,FALSE,25.2,43.8,10.7,26.9,2232.755774,TRUE,4.1088623,4.51974853,4.93063476,5.341520991,77.77777778,9.490740741,16.54489011,23.84615385,65.72491842
41960,Franklin Harbour,SA,959.0114198,4,1293,195,36,0,200,1194,62088,2.2,1293,384,29.69837587,31,345,8.985507246,492,105,21.34146341,17,565,3.2,51.9,2755.5639,Outer Regional Australia,2,76.68489923,18116,CLEVE AERODROME,44.18,25-50 km,FALSE,22.6,23.2,11.5,0.9,2232.755774,TRUE,3.596114827,3.95572631,4.315337793,4.674949276,66.66666667,7.407407407,15.60601255,14.37681159,64.31225317
42030,Gawler,SA,960.116471,4,24988,199,37,0,285,1324,68848,2.3,24988,5351,21.41427885,1524,6944,21.94700461,10089,2751,27.26732084,700,11952,5.9,58,41.1379,Major Cities of Australia,0,100,23122,ROSEWORTHY AWS,12.96,<=25 km,FALSE,23.7,33.8,9.7,18,2232.755774,TRUE,3.243021982,3.56732418,3.891626378,4.215928576,66.66666667,13.65740741,22.04393897,35.11520737,45.36185727
42110,Goyder,SA,946.598626,3,4060,151,28,0,190,916,47632,2.2,4060,1107,27.26600985,129,1078,11.96660482,1673,303,18.11117753,92,1768,5.3,51.5,6715.1418,Outer Regional Australia,2,94.35334783,21131,CLARE HIGH SCHOOL,42.62,25-50 km,FALSE,21.5,19.5,9,30.9,2232.755774,TRUE,4.687512122,5.156263334,5.625014547,6.093765759,77.77777778,12.26851852,12.09658913,19.14656772,58.74806205
42250,Grant,SA,1025.695093,8,8636,436,80,0,200,1747,90844,2.6,8636,1658,19.1987031,209,2234,9.355416294,2771,293,10.57380007,120,4249,2.9,59.3,1897.8235,Outer Regional Australia,2,100,26021,MOUNT GAMBIER AERO,19.17,<=25 km,FALSE,19.1,8.6,8.2,18.2,2232.755774,TRUE,2.45779113,2.703570243,2.949349356,3.195128469,22.22222222,6.712962963,3.907886985,14.96866607,40.2935876
42600,Holdfast Bay,SA,1046.883857,9,37543,490,90,0,340,1604,83408,2.2,37543,10088,26.8705218,1324,10115,13.08947108,16131,4697,29.11784762,741,19265,3.8,59.1,13.752,Major Cities of Australia,0,100,23034,ADELAIDE AIRPORT M.O.,5.54,<=25 km,FALSE,21.6,14.1,11.5,3.6,2232.755774,TRUE,2.676908419,2.944599261,3.212290103,3.479980945,11.11111111,8.796296296,24.05437466,20.94315373,57.84335812
42750,Kangaroo Island,SA,991.487603,7,4894,329,61,0,208,1128,58656,2.2,4894,1326,27.09440131,122,1256,9.713375796,1940,430,22.16494845,85,2375,3.5,57.6,4400.863,Remote Australia,3,99.99716419,23875,PARAWA (SECOND VALLEY FOREST AWS),105.71,>100 km,TRUE,17.6,5.2,10.3,0,2232.755774,TRUE,3.806525801,4.187178381,4.567830962,4.948483542,33.33333333,8.101851852,16.50065711,15.54140127,58.35549665
43080,Karoonda East Murray,SA,956.4891067,4,1007,185,34,0,160,912,47424,2.2,1007,269,26.71300894,24,247,9.71659919,398,52,13.06532663,19,449,4.2,53.1,4415.796,Outer Regional Australia,2,100,25006,KAROONDA,20.03,<=25 km,FALSE,23.7,29.5,9.4,18.4,2232.755774,TRUE,4.708071386,5.178878524,5.649685663,6.120492802,66.66666667,9.722222222,6.614712936,15.5465587,57.48303748
43220,Kimba,SA,1019.571956,8,1037,420,77,0,150,1282,66664,2.4,1037,229,22.08293153,13,263,4.942965779,384,66,17.1875,11,518,1.4,63.5,5697.1074,Remote Australia,3,100,18040,KIMBA,36.28,25-50 km,FALSE,23.7,32.3,10.4,7.1,2232.755774,TRUE,3.349267632,3.684194395,4.019121158,4.354047921,22.22222222,3.240740741,11.09309419,7.908745247,46.89144257
43360,Kingston (SA),SA,976.8964472,5,2326,265,49,0,200,1184,61568,2.1,2326,771,33.14703353,62,636,9.748427673,982,197,20.0610998,34,1095,2.8,54.6,3339.7952,Remote Australia,3,68.5376756,26100,PADTHAWAY SOUTH,34.01,25-50 km,FALSE,21.5,18.6,8.5,29.7,2232.755774,TRUE,3.626487419,3.989136161,4.351784903,4.714433645,55.55555556,6.481481481,14.21500933,15.59748428,72.20127571
43650,Light,SA,1027.025051,9,15792,441,81,0,280,1781,92612,2.8,15792,2458,15.56484296,563,4397,12.80418467,5405,678,12.5439408,266,8368,3.2,66.4,1276.8453,Inner Regional Australia,1,94.83724457,23373,NURIOOTPA PIRSA,17.53,<=25 km,FALSE,21.7,21.3,9.2,28.1,2232.755774,TRUE,2.410870917,2.651958009,2.893045101,3.134132193,11.11111111,7.407407407,6.048272771,20.48669547,31.98090268
43710,Lower Eyre Peninsula,SA,1032.66742,9,5910,462,85,0,240,1557,80964,2.5,5910,1130,19.12013536,149,1584,9.406565657,2071,300,14.48575567,79,2845,2.9,60.2,4721.3922,Remote Australia,3,100,18217,CUMMINS AERO,27.22,25-50 km,FALSE,23.1,25.9,9.7,22.1,2232.755774,TRUE,2.757714261,3.033485687,3.309257113,3.585028539,11.11111111,6.712962963,8.157885001,15.05050505,40.11385893
43790,Loxton Waikerie,SA,957.7769339,4,11666,187,35,0,204,1169,60788,2.3,11666,3122,26.76152923,420,3154,13.31642359,4649,1066,22.92966229,175,5363,3.2,55.5,7763.8714,Outer Regional Australia,2,100,24024,LOXTON RESEARCH CENTRE,29.17,25-50 km,FALSE,24.1,32.6,9.2,34.3,2232.755774,TRUE,3.673020619,4.040322681,4.407624743,4.774926805,66.66666667,7.407407407,17.33145189,21.30627774,57.59403072
44000,Maralinga Tjarutja,SA,643.866221,1,96,27,5,0,50,1312,68224,2.3,96,16,16.66666667,5,19,26.31578947,28,19,67.85714286,0,27,0,39.2,105766.3105,Very Remote Australia,4,100,18106,NULLARBOR,245.53,>100 km,FALSE,23.9,29,10.9,10.6,2232.755774,TRUE,3.272683768,3.599952145,3.927220522,4.254488899,100,0,66.1412347,42.10526316,34.5013941
44060,Marion,SA,1007.983002,8,94721,393,72,0.00031672,330,1557,80964,2.4,94721,17957,18.95778127,4258,25878,16.45413092,38224,11311,29.59135622,2569,50389,5.1,63.4,55.6406,Major Cities of Australia,0,100,23034,ADELAIDE AIRPORT M.O.,8.52,<=25 km,FALSE,21.6,14.1,11.5,3.6,2232.755774,TRUE,2.757714261,3.033485687,3.309257113,3.585028539,22.22222222,11.80555556,24.56880038,26.32660948,39.74246368
44210,Mid Murray,SA,914.4902196,2,9164,88,17,0,201,918,47736,2.1,9164,2756,30.0742034,343,2415,14.20289855,3793,616,16.24044292,220,3644,5.9,45.6,6271.6255,Outer Regional Australia,2,56.14828883,23373,NURIOOTPA PIRSA,33.3,25-50 km,FALSE,21.7,21.3,9.2,28.1,2232.755774,TRUE,4.677299677,5.145029645,5.612759613,6.080489581,88.88888889,13.65740741,10.06419941,22.72463768,65.17198243
44340,Mitcham,SA,1074.915389,10,67617,519,95,0.009731281,335,1996,103792,2.6,67617,14150,20.92669003,2283,18715,12.19877104,25099,4395,17.5106578,1489,35705,4.2,63.8,75.5468,Major Cities of Australia,0,100,23842,MOUNT LOFTY,8.12,<=25 km,FALSE,16.2,2.2,8.7,4.8,2232.755774,TRUE,2.151182918,2.36630121,2.581419501,2.796537793,0,9.722222222,11.4441769,19.51803366,44.246467
44550,Mount Barker,SA,1036.987296,9,39217,465,85,0.000484484,350,1753,91156,2.6,39217,6950,17.72190632,1678,11113,15.0994331,14514,3078,21.20711038,741,20826,3.6,66,594.6406,Inner Regional Australia,1,90.41419304,23733,MOUNT BARKER,4.42,<=25 km,FALSE,20.1,12.3,8.1,24.9,2232.755774,TRUE,2.449378839,2.694316722,2.939254606,3.18419249,11.11111111,8.333333333,15.46004971,24.15909295,36.91532154
44620,Mount Gambier,SA,924.1481797,2,26878,101,19,0.000892924,220,1232,64064,2.3,26878,5728,21.31110946,1366,7078,19.29923707,10947,3463,31.63423769,612,12959,4.7,59,33.8938,Outer Regional Australia,2,100,26021,MOUNT GAMBIER AERO,8.69,<=25 km,FALSE,19.1,8.6,8.2,18.2,2232.755774,TRUE,3.485195701,3.833715271,4.182234841,4.530754412,88.88888889,10.87962963,26.78821264,30.87877932,45.12585075
44830,Mount Remarkable,SA,974.2478914,5,2862,257,47,0,180,1119,58188,2.2,2862,859,30.01397624,78,809,9.641532756,1167,136,11.6538132,62,1296,4.9,52.6,3422.7733,Outer Regional Australia,2,100,18201,PORT AUGUSTA AERO,50.34,50-100 km,FALSE,26.3,51.9,12.2,17.2,2232.755774,TRUE,3.83714129,4.220855419,4.604569548,4.988283677,55.55555556,11.34259259,5.081226895,15.42645241,65.03420898
45040,Murray Bridge,SA,890.9836339,2,21644,59,11,0.021668823,240,1109,57668,2.3,21644,4842,22.37109592,1091,5674,19.22805781,8426,2679,31.79444576,595,9318,6.4,51.8,1831.7597,Inner Regional Australia,1,100,24521,MURRAY BRIDGE,9.39,<=25 km,FALSE,23.1,24.5,10,14.4,2232.755774,TRUE,3.871741302,4.258915432,4.646089562,5.033263693,88.88888889,14.81481481,26.96226471,30.76489249,47.55063682
45090,Naracoorte Lucindale,SA,977.6252493,5,8686,267,49,0,220,1435,74620,2.4,8686,1777,20.45820861,231,2279,10.13602457,3281,787,23.98658945,115,4481,2.6,63.5,4519.715,Outer Regional Australia,2,100,26099,NARACOORTE AERODROME,17.68,<=25 km,FALSE,21.6,21.2,8.2,33.6,2232.755774,TRUE,2.992168017,3.291384818,3.59060162,3.889818422,55.55555556,6.018518519,18.47971092,16.21763932,43.17478612
45120,Northern Areas,SA,979.230438,6,4559,277,51,0,192,1147,59644,2.2,4559,1200,26.32156175,142,1218,11.65845649,1884,326,17.30360934,66,2127,3.2,56.8,2986.1818,Outer Regional Australia,2,100,19062,YONGALA,37.46,25-50 km,FALSE,21.9,23.2,7.4,64.3,2232.755774,TRUE,3.743470884,4.117817972,4.492165061,4.866512149,44.44444444,7.407407407,11.21923685,18.65353038,56.58757727
45290,Norwood Payneham and St Peters,SA,1038.474208,9,37487,469,86,0,340,1664,86528,2.2,37487,7885,21.03395844,1358,9669,14.04488572,15965,5794,36.29188851,1006,20354,5,63.3,15.1036,Major Cities of Australia,0,100,23842,MOUNT LOFTY,10.26,<=25 km,FALSE,16.2,2.2,8.7,4.8,2232.755774,TRUE,2.580385279,2.838423807,3.096462335,3.354500862,11.11111111,11.57407407,31.84834336,22.47181715,44.49185026
45340,Onkaparinga,SA,987.4950876,6,175204,308,57,0.000913221,312,1410,73320,2.4,175204,34923,19.93276409,9374,49633,18.88662785,68135,15402,22.60512218,4832,87061,5.5,60.4,518.1255,Major Cities of Australia,0,58.71953803,23885,NOARLUNGA,7.69,<=25 km,FALSE,21.8,16.2,12.8,0,2232.755774,TRUE,3.045220641,3.349742705,3.654264769,3.958786833,44.44444444,12.73148148,16.97886741,30.21860456,41.97279854
45400,Orroroo Carrieton,SA,1005.89384,8,874,387,71,0,150,1077,56004,2.2,874,249,28.48970252,18,216,8.333333333,340,34,10,15,417,3.8,57.4,3321.8239,Outer Regional Australia,2,100,19062,YONGALA,54.61,50-100 km,FALSE,21.9,23.2,7.4,64.3,2232.755774,TRUE,3.986779112,4.385457024,4.784134935,5.182812846,22.22222222,8.796296296,3.284503333,13.33333333,61.54733642
45540,Peterborough,SA,773.1087837,1,1638,34,7,0,158,717,37284,1.9,1638,500,30.52503053,79,377,20.95490716,723,156,21.57676349,60,532,12,37.3,3020.142,Outer Regional Australia,2,100,19062,YONGALA,33.22,25-50 km,FALSE,21.9,23.2,7.4,64.3,2232.755774,TRUE,5.98850921,6.587360132,7.186211053,7.785061974,100,27.77777778,15.86164552,33.52785146,66.20327798
45680,Playford,SA,852.4010447,1,99190,42,8,4.03E-05,266,1263,65676,2.6,99190,12698,12.80169372,6849,25743,26.60529076,35285,12760,36.16267536,4056,43664,9.3,57.1,345.2038,Major Cities of Australia,0,54.69453117,23083,EDINBURGH RAAF,10.11,<=25 km,FALSE,22.8,24.8,11.2,8.6,2232.755774,TRUE,3.399652497,3.739617747,4.079582997,4.419548246,100,21.52777778,31.70796456,42.56846521,25.66002402
45890,Port Adelaide Enfield,SA,952.6168461,4,132400,173,32,0.008036254,300,1466,76232,2.4,132400,20828,15.73111782,6385,34251,18.64179148,51024,18367,35.99678583,4234,67308,6.3,61.1,91.7588,Major Cities of Australia,0,100,23034,ADELAIDE AIRPORT M.O.,14.11,<=25 km,FALSE,21.6,14.1,11.5,3.6,2232.755774,TRUE,2.928895705,3.221785276,3.514674846,3.807564417,66.66666667,14.58333333,31.52774008,29.82686637,32.36126695
46090,Port Augusta,SA,888.5549883,2,13829,57,11,0.049388965,200,1275,66300,2.3,13829,2448,17.70193073,730,3362,21.71326591,5143,1913,37.19618899,379,5965,6.4,52.9,1157.9905,Outer Regional Australia,2,100,18201,PORT AUGUSTA AERO,12.32,<=25 km,FALSE,26.3,51.9,12.2,17.2,2232.755774,TRUE,3.367655768,3.704421345,4.041186921,4.377952498,88.88888889,14.81481481,32.83078684,34.74122546,36.86962612
46300,Port Lincoln,SA,948.2064568,3,14404,157,29,0,240,1243,64636,2.3,14404,3046,21.14690364,724,3752,19.29637527,5760,1955,33.94097222,309,6819,4.6,57.8,30.3681,Remote Australia,3,100,18192,NORTH SHIELDS (PORT LINCOLN AWS),14.52,<=25 km,FALSE,21.3,8.6,11.4,0.5,2232.755774,TRUE,3.454353261,3.799788588,4.145223914,4.49065924,77.77777778,10.64814815,29.29427819,30.87420043,44.75021955
46450,Port Pirie,SA,889.4424281,2,17282,58,11,0,185,1063,55276,2.2,17282,3993,23.1049647,953,4551,20.94045265,7154,2117,29.59183673,527,7389,7.1,51.9,1760.7097,Outer Regional Australia,2,100,18120,WHYALLA AERO,62.07,50-100 km,TRUE,23.8,28.4,11.6,13.6,2232.755774,TRUE,4.039286081,4.443214689,4.847143297,5.251071905,88.88888889,16.43518519,24.56932242,33.50472424,49.22940809
46510,Prospect,SA,1054.092948,10,22272,495,91,0,331,2005,104260,2.5,22272,3311,14.86619971,745,5884,12.66145479,8635,2971,34.40648523,523,12814,4.1,69.6,7.7915,Major Cities of Australia,0,100,23034,ADELAIDE AIRPORT M.O.,10.6,<=25 km,FALSE,21.6,14.1,11.5,3.6,2232.755774,TRUE,2.141526735,2.355679409,2.569832082,2.783984756,0,9.490740741,29.80001741,20.25832767,30.38271206
46670,Renmark Paringa,SA,922.5602226,2,9783,97,18,0.001226618,200,1226,63752,2.3,9783,2248,22.97863641,421,2647,15.90479788,3837,1014,26.42689601,221,4702,4.7,57.4,916.442,Outer Regional Australia,2,100,24048,RENMARK AERO,19.01,<=25 km,FALSE,25,43.2,9.7,37.5,2232.755774,TRUE,3.502252124,3.852477336,4.202702549,4.552927761,88.88888889,10.87962963,21.13089081,25.44767662,48.94042413
46860,Robe,SA,1022.925173,8,1542,429,79,0,250,1220,63440,2.2,1542,441,28.59922179,35,439,7.972665148,650,134,20.61538462,16,767,2,57.6,1091.7162,Outer Regional Australia,2,100,26105,ROBE AIRFIELD,16.84,<=25 km,FALSE,19.6,5.5,9.6,16,2232.755774,TRUE,3.519476315,3.871423946,4.223371578,4.575319209,22.22222222,4.62962963,14.81719137,12.75626424,61.79786869
46970,Roxby Downs,SA,1047.746749,9,3976,491,90,0.077464789,260,3140,163280,2.7,3976,63,1.584507042,90,858,10.48951049,1195,802,67.11297071,49,2302,2.1,78,110.4778,Remote Australia,3,100,16096,ROXBY DOWNS (OLYMPIC DAM AERODROME),7.86,<=25 km,FALSE,27.8,77.2,12.7,26.1,2232.755774,TRUE,1.367439842,1.504183826,1.64092781,1.777671795,11.11111111,4.861111111,65.33275668,16.78321678,0
47140,Salisbury,SA,903.6653915,2,145806,69,13,0.002887398,300,1356,70512,2.6,145806,22586,15.49044621,8085,38565,20.96460521,52426,15196,28.98561782,5125,68897,7.4,58.7,159.8432,Major Cities of Australia,0,100,23083,EDINBURGH RAAF,6.4,<=25 km,FALSE,22.8,24.8,11.2,8.6,2232.755774,TRUE,3.16649049,3.483139539,3.799788588,4.116437637,88.88888889,17.12962963,23.91071853,33.54336834,31.81071541
47290,Southern Mallee,SA,996.8491343,7,1979,352,65,0,160,1312,68224,2.2,1979,468,23.64830723,45,513,8.771929825,799,147,18.3979975,29,994,2.8,60.4,5702.2024,Remote Australia,3,84.43886348,25562,LAMEROO (AUSTIN PLAINS),1.89,<=25 km,FALSE,23.4,31.3,8.7,26.8,2232.755774,TRUE,3.272683768,3.599952145,3.927220522,4.254488899,33.33333333,6.481481481,12.40819397,14.03508772,50.47233847
47490,Streaky Bay,SA,1000.314634,7,2165,365,67,0,240,1109,57668,2.3,2165,533,24.61893764,45,560,8.035714286,795,136,17.10691824,35,1010,3.2,57.8,6222.8591,Very Remote Australia,4,100,18079,STREAKY BAY,37.56,25-50 km,FALSE,23.1,23.2,12.2,0.5,2232.755774,TRUE,3.871741302,4.258915432,4.646089562,5.033263693,33.33333333,7.407407407,11.00554915,12.85714286,52.69271695
47630,Tatiara,SA,981.6245795,6,6891,285,53,0,200,1470,76440,2.4,6891,1348,19.56174721,193,1778,10.85489314,2546,554,21.75962294,72,3740,1.8,66.2,6527.2342,Outer Regional Australia,2,58.43680467,25507,KEITH,17.96,<=25 km,FALSE,22.3,23.3,9.1,17.3,2232.755774,TRUE,2.920925921,3.213018513,3.505111105,3.797203697,44.44444444,4.166666667,16.06030635,17.36782902,41.12407395
47700,Tea Tree Gully,SA,1030.420305,9,101174,458,84,0.005643743,330,1635,85020,2.5,101174,20696,20.45584834,4541,29197,15.55296777,38595,7034,18.2251587,2408,52924,4.6,63.2,95.2109,Major Cities of Australia,0,100,23083,EDINBURGH RAAF,13.16,<=25 km,FALSE,22.8,24.8,11.2,8.6,2232.755774,TRUE,2.62615358,2.888768938,3.151384296,3.413999654,11.11111111,10.64814815,12.22041972,24.88474843,43.16938685
47910,Tumby Bay,SA,993.451533,7,2817,338,62,0,210,1139,59228,2.2,2817,868,30.81292155,63,764,8.246073298,1181,226,19.13632515,31,1240,2.5,53,2669.0794,Remote Australia,3,100,18217,CUMMINS AERO,30.52,25-50 km,FALSE,23.1,25.9,9.7,22.1,2232.755774,TRUE,3.769763919,4.146740311,4.523716703,4.900693095,33.33333333,5.787037037,13.21032247,13.19371728,66.8618469
49399,Unincorporated SA,SA,904.767353,2,3006,71,13,0.014637392,90,1105,57460,2.1,3006,421,14.00532269,87,557,15.61938959,1008,355,35.21825397,75,1497,5,58.1,619426.0858,Very Remote Australia,4,86.25999777,16065,ANDAMOOKA,38.99,25-50 km,FALSE,27.7,74.9,13.9,3.9,2232.755774,TRUE,3.885756655,4.274332321,4.662907986,5.051483652,88.88888889,11.57407407,30.68193323,24.99102334,28.41340142
47980,Unley,SA,1067.202773,10,38641,510,94,0,350,1999,103948,2.3,38641,8570,22.17851505,1320,10269,12.85422144,15526,4765,30.69045472,894,20804,4.3,63.7,14.2703,Major Cities of Australia,0,100,23034,ADELAIDE AIRPORT M.O.,7.7,<=25 km,FALSE,21.6,14.1,11.5,3.6,2232.755774,TRUE,2.147954529,2.362749982,2.577545435,2.792340888,0,9.953703704,25.76287489,20.56675431,47.1100959
48050,Victor Harbor,SA,962.3463398,4,16139,208,38,0,290,980,50960,2.1,16139,6805,42.16494207,665,4733,14.05028523,7156,1478,20.65399665,306,5690,5.4,40.2,384.6255,Inner Regional Australia,1,100,23804,VICTOR HARBOR (ENCOUNTER BAY),5.43,<=25 km,FALSE,20.6,11.3,10.2,10.6,2232.755774,TRUE,4.381388882,4.81952777,5.257666658,5.695805546,66.66666667,12.5,14.85913997,22.48045637,92.83031186
48130,Wakefield,SA,921.013143,2,6780,95,18,0,220,1138,59176,2.4,6780,1512,22.30088496,292,1811,16.12368857,2667,578,21.67229096,147,3018,4.9,54.9,3468.4879,Outer Regional Australia,2,51.69755385,21131,CLARE HIGH SCHOOL,28.93,25-50 km,FALSE,21.5,19.5,9,30.9,2232.755774,TRUE,3.773076541,4.150384195,4.527691849,4.904999504,88.88888889,11.34259259,15.96542778,25.79790171,47.39002481
48260,Walkerville,SA,1075.496226,10,8023,520,95,0,380,2052,106704,2.3,8023,1976,24.62919108,239,2137,11.18390267,3184,877,27.54396985,169,4080,4.1,59.8,3.53,Major Cities of Australia,0,100,23034,ADELAIDE AIRPORT M.O.,10.6,<=25 km,FALSE,21.6,14.1,11.5,3.6,2232.755774,TRUE,2.092476172,2.301723789,2.510971406,2.720219023,0,9.490740741,22.34449395,17.89424427,52.71617232
48340,Wattle Range,SA,941.7358717,3,11888,137,26,0,180,1180,61360,2.3,11888,2956,24.8654105,440,3182,13.82778127,4726,937,19.82649175,224,5422,4.2,54.5,3926.2101,Outer Regional Australia,2,100,26021,MOUNT GAMBIER AERO,34.17,25-50 km,FALSE,19.1,8.6,8.2,18.2,2232.755774,TRUE,3.638780597,4.002658656,4.366536716,4.730414776,77.77777778,9.722222222,13.96012818,22.12445003,53.25653919
48410,West Torrens,SA,1015.019218,8,61699,410,75,0.000275531,310,1587,82524,2.3,61699,11051,17.91114929,2368,15939,14.85664094,25122,9134,36.35857018,1631,34603,4.7,65.6,37.0886,Major Cities of Australia,0,100,23034,ADELAIDE AIRPORT M.O.,2.59,<=25 km,FALSE,21.6,14.1,11.5,3.6,2232.755774,TRUE,2.705583556,2.976141912,3.246700268,3.517258623,22.22222222,10.87962963,31.92078717,23.77062551,37.34822681
48540,Whyalla,SA,883.0299862,1,21244,52,10,0.001882885,180,1188,61776,2.2,21244,4009,18.87121069,1201,5559,21.60460514,8984,3548,39.49243099,731,9604,7.6,55.1,1071.3397,Outer Regional Australia,2,100,18120,WHYALLA AERO,8.57,<=25 km,FALSE,23.8,28.4,11.6,13.6,2232.755774,TRUE,3.614277024,3.975704726,4.337132428,4.698560131,100,17.59259259,35.32545317,34.56736823,39.544428
48640,Wudinna,SA,1009.349039,8,1136,400,73,0,150,1379,71708,2.4,1136,231,20.33450704,20,273,7.326007326,414,82,19.80676329,17,577,2.4,64.8,5075.2783,Very Remote Australia,4,93.97707905,18195,MINNIPA PIRSA,17.08,<=25 km,FALSE,24.7,39.2,11.2,2.1,2232.755774,TRUE,3.113677378,3.425045116,3.736412853,4.047780591,22.22222222,5.555555556,13.93869493,11.72161172,42.89181095
48750,Yankalilla,SA,977.8214765,5,5834,270,50,0,275,1052,54704,2.2,5834,1977,33.88755571,173,1664,10.39663462,2466,379,15.36901865,125,2411,5.1,47.9,751.2577,Inner Regional Australia,1,100,23875,PARAWA (SECOND VALLEY FOREST AWS),11.05,<=25 km,FALSE,17.6,5.2,10.3,0,2232.755774,TRUE,4.081521962,4.489674158,4.897826354,5.30597855,55.55555556,11.80555556,9.117473068,16.63461538,73.89526702
48830,Yorke Peninsula,SA,951.6297359,4,11598,168,31,0.001207105,200,960,49920,2.1,11598,4147,35.75616486,305,3166,9.633607075,4954,857,17.2991522,208,4369,4.7,43.6,5899.6397,Outer Regional Australia,2,61.63102808,22031,MINLATON AERO,15.68,<=25 km,FALSE,22.6,20.2,10.9,3.1,2232.755774,TRUE,4.472667817,4.919934598,5.36720138,5.814468162,66.66666667,10.87962963,11.21439455,15.41377132,78.16982863
60210,Break O'Day,TAS,911.0606489,2,6770,83,16,0.000886263,240,836,43472,2,6770,2135,31.53618907,261,1876,13.91257996,3000,585,19.5,185,2516,7.4,42.7,3523.8858,Outer Regional Australia,2,89.61579856,92120,ST HELENS AERODROME,28.49,25-50 km,FALSE,18.1,0.5,9.1,16.4,2636.615706,TRUE,6.065089497,6.671598447,7.278107397,7.884616346,88.88888889,17.12962963,13.60542342,22.26012793,68.51636711
60410,Brighton,TAS,884.6303886,1,18995,54,10,0,280,1352,70304,2.6,18995,2676,14.08791787,1403,5311,26.41687065,6889,2247,32.61721585,582,8843,6.6,60.2,171.1508,Inner Regional Australia,1,100,94212,CAMPANIA (KINCORA),12.25,<=25 km,FALSE,18.7,2,7.3,47.5,2636.615706,TRUE,3.750306819,4.125337501,4.500368183,4.875398865,100,15.27777778,27.85613254,42.26699303,28.60234313
60610,Burnie,TAS,920.3270609,2,19918,92,17,0.000200823,240,1225,63700,2.3,19918,3772,18.93764434,1070,5387,19.86263226,8104,2583,31.87314906,559,9291,6,56.9,610.9528,Outer Regional Australia,2,100,91344,BURNIE NTC AWS,18.41,<=25 km,FALSE,16.3,0,10.8,0,2636.615706,TRUE,4.139114139,4.553025552,4.966936966,5.38084838,88.88888889,13.88888889,27.04776897,31.78021162,39.69639917
60810,Central Coast (Tas.),TAS,958.1129183,4,22760,189,35,0.001493849,250,1209,62868,2.3,22760,5642,24.78910369,1023,6437,15.8924965,9235,1913,20.71467244,484,10477,4.6,54.6,933.0891,Outer Regional Australia,2,100,91291,SHEFFIELD SCHOOL FARM,24.13,<=25 km,FALSE,16.2,0.1,6.8,41,2636.615706,TRUE,4.193891497,4.613280647,5.032669796,5.452058946,66.66666667,10.64814815,14.92505892,25.42799441,53.08198254
61010,Central Highlands (Tas.),TAS,910.9274615,2,2520,82,15,0,200,1013,52676,2.1,2520,627,24.88095238,77,601,12.81198003,1012,165,16.30434783,58,1050,5.5,49,7982.4155,Remote Australia,3,50.65178579,95048,OUSE FIRE STATION,32.2,25-50 km,FALSE,18.4,2.9,5.6,90,2636.615706,TRUE,5.00534533,5.505879863,6.006414396,6.50694893,88.88888889,12.73148148,10.1336265,20.49916805,53.29209223
61210,Circular Head,TAS,942.7133842,3,8117,139,26,0.001971172,220,1270,66040,2.4,8117,1620,19.9581126,302,2108,14.32637571,3027,666,22.00198216,176,3804,4.6,57.8,4897.6511,Remote Australia,3,69.39760572,91259,LUNCHEON HILL (FORESTRY),10.01,<=25 km,FALSE,15.6,0,7.6,13.2,2636.615706,TRUE,3.992452614,4.391697875,4.790943137,5.190188398,77.77777778,10.64814815,16.32360847,22.92220114,42.03078487
61410,Clarence,TAS,1009.182551,8,61531,397,73,0.010563781,350,1602,83304,2.4,61531,12889,20.94716484,2941,17067,17.23208531,23584,5361,22.73151289,1584,30581,5.2,60,377.9614,Inner Regional Australia,1,84.06040934,94029,HOBART (ELLERSLIE ROAD),8.72,<=25 km,FALSE,17,1.2,8.4,12.9,2636.615706,TRUE,3.165052946,3.481558241,3.798063535,4.11456883,22.22222222,12.03703704,17.11617988,27.5713365,44.29330443
61510,Derwent Valley,TAS,912.9377588,2,10942,85,16,0.001462256,285,1244,64688,2.5,10942,2064,18.86309633,599,3037,19.72341126,4102,884,21.55046319,368,4988,7.3,55.5,4108.1113,Remote Australia,3,65.72717492,95003,BUSHY PARK (BUSHY PARK ESTATES),30.72,25-50 km,FALSE,17.9,1.8,5.9,79.4,2636.615706,TRUE,4.075896157,4.483485773,4.891075389,5.298665005,88.88888889,16.89814815,15.83307255,31.55745802,39.52586587
61610,Devonport,TAS,905.8545416,2,26150,72,14,0,250,1167,60684,2.3,26150,5946,22.73804971,1522,7133,21.33744568,10769,3421,31.7671093,749,11955,6.2,55.1,111.259,Outer Regional Australia,2,100,91126,DEVONPORT AIRPORT,11.88,<=25 km,FALSE,17.1,0,8.4,25.4,2636.615706,TRUE,4.344828466,4.779311312,5.213794159,5.648277006,88.88888889,14.35185185,26.93256603,34.13991308,48.39006684
61810,Dorset,TAS,931.5497348,3,6829,115,21,0,220,1039,54028,2.2,6829,1753,25.66993703,260,1830,14.20765027,2763,543,19.65255157,152,3028,5,52.9,3230.5456,Outer Regional Australia,2,98.44996771,91219,SCOTTSDALE (WEST MINSTONE ROAD),18.87,<=25 km,FALSE,17.3,0.1,7.2,41.4,2636.615706,TRUE,4.880091261,5.368100387,5.856109513,6.344118639,77.77777778,11.57407407,13.77115738,22.73224044,55.09694453
62010,Flinders (Tas.),TAS,962.7485982,4,922,210,39,0,139,1057,54964,2,922,333,36.11713666,25,252,9.920634921,416,104,25,16,462,3.2,58.2,1996.6244,Very Remote Australia,4,100,99005,FLINDERS ISLAND AIRPORT,38.11,25-50 km,FALSE,17.8,0.9,9.9,19.7,2636.615706,TRUE,4.796986584,5.276685243,5.756383901,6.23608256,66.66666667,7.407407407,19.58069295,15.87301587,78.99557447
62210,George Town,TAS,860.4700981,1,7033,45,9,0,220,996,51792,2.2,7033,1789,25.43722451,374,1966,19.02339776,2911,791,27.17279285,276,2760,10,46.7,653.4308,Outer Regional Australia,2,100,91293,LOW HEAD,19.46,<=25 km,FALSE,16.7,0,10.6,1.7,2636.615706,TRUE,5.090777931,5.599855725,6.108933518,6.618011311,100,23.14814815,21.94124257,30.43743642,54.56459992
62410,Glamorgan-Spring Bay,TAS,950.2623412,4,5012,165,31,0.000798085,250,1005,52260,2.1,5012,1702,33.9584996,154,1402,10.98430813,2085,423,20.28776978,101,2115,4.6,46.8,2591.591,Remote Australia,3,56.71288023,92148,SWANSEA (FRANCIS STREET),19.48,<=25 km,FALSE,18.3,1.4,8.2,27.9,2636.615706,TRUE,5.045188875,5.549707763,6.05422665,6.558745538,66.66666667,10.64814815,14.46126647,17.57489301,74.05755566
62610,Glenorchy,TAS,927.3687493,2,50411,106,20,0.000614945,325,1325,68900,2.4,50411,8828,17.51205094,3007,13152,22.86344282,19865,7155,36.01812233,1839,25520,7.2,60.6,121.1632,Inner Regional Australia,1,100,94029,HOBART (ELLERSLIE ROAD),10.12,<=25 km,FALSE,17,1.2,8.4,12.9,2636.615706,TRUE,3.826728166,4.209400982,4.592073799,4.974746616,88.88888889,16.66666667,31.55092032,36.58150852,36.4352641
62810,Hobart,TAS,1045.655912,9,55077,488,90,0.008751384,390,1842,95784,2.3,55077,10014,18.18181818,1698,13525,12.55452865,21459,7650,35.64937788,2172,30950,7,64.9,77.8965,Inner Regional Australia,1,100,94029,HOBART (ELLERSLIE ROAD),4.56,<=25 km,FALSE,17,1.2,8.4,12.9,2636.615706,TRUE,2.752668197,3.027935017,3.303201837,3.578468657,11.11111111,16.2037037,31.1503117,20.08724584,37.96739903
63010,Huon Valley,TAS,973.7531803,5,18259,254,47,0,290,1227,63804,2.4,18259,4018,22.00558629,747,5110,14.6183953,6966,1089,15.63307494,435,8089,5.4,53.5,5507.3541,Remote Australia,3,68.04237992,94191,HARTZ MOUNTAIN (KEOGHS PIMPLE),21.46,<=25 km,FALSE,11.4,0,4,110.5,2636.615706,TRUE,4.132367416,4.545604158,4.958840899,5.372077641,55.55555556,12.5,9.40434715,23.38943249,46.71451042
63210,Kentish,TAS,953.2326736,4,6603,175,32,0.002271695,230,1207,62764,2.4,6603,1468,22.23231864,208,1808,11.50442478,2451,305,12.44390045,162,2976,5.5,53.1,1156.1888,Outer Regional Australia,2,100,91291,SHEFFIELD SCHOOL FARM,15.37,<=25 km,FALSE,16.2,0.1,6.8,41,2636.615706,TRUE,4.200840779,4.620924856,5.041008934,5.461093012,66.66666667,12.73148148,5.939587674,18.40707965,47.23317503
63410,King Island,TAS,992.7816038,7,1617,335,62,0,190,1330,69160,2.1,1617,398,24.61348176,47,401,11.72069825,652,161,24.69325153,18,856,2.1,63.8,1095.7407,Very Remote Australia,4,100,98017,KING ISLAND AIRPORT,8.03,<=25 km,FALSE,17.1,0.5,10,2.9,2636.615706,TRUE,3.81234197,4.193576167,4.574810364,4.956044561,33.33333333,4.861111111,19.24743754,18.75311721,52.68023626
63610,Kingborough,TAS,1038.46338,9,40082,468,86,0.000149693,380,1667,86684,2.5,40082,8158,20.35327578,1668,11280,14.78723404,15083,3079,20.4137108,1067,20509,5.2,62.4,720.1093,Outer Regional Australia,2,61.66191716,94255,DENNES POINT,10.03,<=25 km,FALSE,17.2,0.4,9.7,1.1,2636.615706,TRUE,3.041640564,3.34580462,3.649968676,3.954132733,11.11111111,12.03703704,14.59809039,23.65957447,42.93474564
63810,Latrobe (Tas.),TAS,973.812726,5,12420,255,47,0,260,1256,65312,2.3,12420,3384,27.24637681,481,3549,13.55311355,4916,1086,22.091131,242,5724,4.2,54.5,600.4619,Outer Regional Australia,2,100,91126,DEVONPORT AIRPORT,8.26,<=25 km,FALSE,17.1,0,8.4,25.4,2636.615706,TRUE,4.036954474,4.440649922,4.844345369,5.248040817,55.55555556,9.722222222,16.4204609,21.68498168,58.70315023
64010,Launceston,TAS,939.4560119,3,70055,129,24,0.005809721,278,1310,68120,2.3,70055,13313,19.00364,3693,18174,20.3202377,27729,9368,33.78412492,2255,34725,6.5,59.7,1413.6306,Outer Regional Australia,2,81.66560628,91237,LAUNCESTON (TI TREE BEND),17.44,<=25 km,FALSE,18.7,0.1,7.4,57.6,2636.615706,TRUE,3.870545664,4.25760023,4.644654797,5.031709363,77.77777778,15.0462963,29.1238773,32.51238032,39.84736841
64210,Meander Valley,TAS,975.7349537,5,20709,263,48,0.000241441,270,1290,67080,2.4,20709,4900,23.6612101,827,5864,14.10300136,8257,1691,20.47959307,472,10122,4.6,58.5,3330.8146,Outer Regional Australia,2,94.22480915,91291,SHEFFIELD SCHOOL FARM,31.44,25-50 km,FALSE,16.2,0.1,6.8,41,2636.615706,TRUE,3.930554124,4.323609536,4.716664949,5.109720361,55.55555556,10.64814815,14.66966572,22.56480218,50.50185462
64610,Northern Midlands,TAS,966.2341127,5,13745,229,42,0,250,1259,65468,2.3,13745,3252,23.65951255,593,3890,15.24421594,5506,1130,20.52306575,278,6587,4.2,57.6,5135.2505,Outer Regional Australia,2,94.65242056,93053,ROSS (THE BOULEVARDS),16.86,<=25 km,FALSE,17.7,0.8,5.6,90.9,2636.615706,TRUE,4.027335043,4.430068548,4.832802052,5.235535556,55.55555556,9.722222222,14.71689498,24.3907455,50.49797136
64810,Sorell,TAS,990.7278752,6,16734,325,60,0,350,1400,72800,2.4,16734,3346,19.99521931,838,4707,17.80327172,6514,1196,18.36045441,388,8229,4.7,59.6,583.7723,Outer Regional Australia,2,79.15534875,94254,DUNALLEY (STROUD POINT),13.38,<=25 km,FALSE,17.5,0.9,10,0.9,2636.615706,TRUE,3.621724871,3.983897358,4.346069845,4.708242333,44.44444444,10.87962963,12.36740668,28.48523476,42.11566881
65010,Southern Midlands,TAS,951.3259291,4,6662,167,31,0,250,1332,69264,2.5,6662,1275,19.13839688,278,1865,14.90616622,2465,319,12.94117647,150,3145,4.8,56.9,2615.4935,Outer Regional Australia,2,97.93070027,94195,TUNNACK FIRE STATION,4.02,<=25 km,FALSE,15.4,0.3,5.1,90.8,2636.615706,TRUE,3.806617733,4.187279506,4.567941279,4.948603052,66.66666667,11.11111111,6.47983463,23.84986595,40.1556333
65210,Tasman,TAS,923.1079658,2,2593,98,18,0.001928268,250,863,44876,2,2593,846,32.62630158,89,689,12.91727141,1144,165,14.42307692,70,1002,6.6,43.1,660.3947,Outer Regional Australia,2,100,94254,DUNALLEY (STROUD POINT),17.7,<=25 km,FALSE,17.5,0.9,10,0.9,2636.615706,TRUE,5.875335828,6.462869411,7.050402994,7.637936577,88.88888889,15.27777778,8.089790014,20.66763425,71.01006843
65410,Waratah-Wynyard,TAS,929.1063019,2,14300,109,20,0.002377622,240,1138,59176,2.3,14300,3600,25.17482517,641,3970,16.14609572,5850,1408,24.06837607,336,6175,5.4,52,3535.9075,Outer Regional Australia,2,100,91259,LUNCHEON HILL (FORESTRY),29.55,25-50 km,FALSE,15.6,0,7.6,13.2,2636.615706,TRUE,4.455549051,4.901103956,5.346658861,5.792213766,88.88888889,12.5,18.56856493,25.83375315,53.96434484
65610,West Coast,TAS,860.5124845,1,4263,46,9,0.015012902,160,958,49816,2,4263,890,20.87731644,184,1030,17.86407767,1875,474,25.28,168,1757,9.7,49,9583.5388,Remote Australia,3,100,96071,LAKE ST CLAIR NATIONAL PARK,44,25-50 km,FALSE,13.2,0,2.9,148,2636.615706,TRUE,5.29270858,5.821979438,6.351250296,6.880521154,100,22.4537037,19.88488849,28.58252427,44.13352179
65810,West Tamar,TAS,1003.721266,7,25145,379,70,0.000119308,300,1402,72904,2.4,25145,5802,23.07416982,964,7147,13.48817686,9781,1797,18.37235456,585,12082,4.8,57.8,691.1537,Outer Regional Australia,2,84.48747363,91293,LOW HEAD,24.07,<=25 km,FALSE,16.7,0,10.6,1.7,2636.615706,TRUE,3.616558359,3.978214195,4.339870031,4.701525867,33.33333333,11.11111111,12.38033517,21.58108297,49.15896283
50080,Albany,WA,987.3421965,6,38763,307,57,0.00046436,300,1350,70200,2.4,38763,9050,23.34700617,1578,10242,15.40714704,14733,3798,25.77886378,715,18311,3.9,57.3,4308.458,Outer Regional Australia,2,68.61173069,9999,ALBANY AIRPORT,47.98,25-50 km,FALSE,21.1,3.7,10.8,2.3,null,FALSE,null,null,null,null,44.44444444,9.027777778,20.4268604,24.65143527,49.78309324
50210,Armadale,WA,989.9997451,6,94184,323,59,0.000477788,305,1774,92248,2.8,94184,11298,11.99566805,4319,25532,16.91602695,32549,7189,22.08670005,3013,47471,6.4,65.8,559.5258,Inner Regional Australia,1,63.66131821,9240,BICKLEY,19.33,<=25 km,FALSE,22.7,17.9,11.4,0.9,null,FALSE,null,null,null,null,44.44444444,14.81481481,16.41564706,27.06564311,23.81618933
50250,Ashburton,WA,1023.583395,8,7391,432,79,0.122446218,48,2937,152724,2.7,7391,249,3.368962251,111,1175,9.446808511,1581,1201,75.96457938,75,3909,2,68.9,100817.3112,Very Remote Australia,4,100,7185,PARABURDOO AERO,118.98,>100 km,FALSE,33.8,167.5,18.5,0.1,null,FALSE,null,null,null,null,22.22222222,4.62962963,74.94925623,15.11489362,4.082054159
50280,Augusta Margaret River,WA,1031.358261,9,16791,461,85,0.000714669,350,1529,79508,2.5,16791,2954,17.59275803,590,4304,13.70817844,5885,1405,23.87425658,241,8539,2.8,63.9,2122.375,Inner Regional Australia,1,84.36917604,9518,CAPE LEEUWIN,31.87,25-50 km,FALSE,19.8,0.6,14.2,0,null,FALSE,null,null,null,null,11.11111111,6.481481481,18.35767107,21.9330855,36.61988666
50350,Bassendean,WA,1015.143367,8,15932,412,76,0,330,1738,90376,2.4,15932,2776,17.42405222,718,4283,16.7639505,6350,1730,27.24409449,407,8504,4.8,64.8,10.3449,Major Cities of Australia,0,100,9021,PERTH AIRPORT M.O.,3.85,<=25 km,FALSE,24.7,28.7,12.2,2.5,null,FALSE,null,null,null,null,22.22222222,11.11111111,22.01870557,26.8223208,36.23396146
50420,Bayswater,WA,1017.662753,8,69283,416,76,0.000577342,340,1739,90428,2.3,69283,12071,17.4227444,2814,18686,15.05940276,28055,8945,31.88379968,1966,38516,5.1,66.1,34.6169,Major Cities of Australia,0,100,9225,PERTH METRO,3.15,<=25 km,FALSE,24.9,26.8,13,3.3,null,FALSE,null,null,null,null,22.22222222,11.80555556,27.05933994,24.09504442,36.23096973
50490,Belmont,WA,986.7350137,6,42257,304,56,0.000473294,350,1641,85332,2.3,42257,5993,14.18226566,1720,10572,16.26939084,17018,7486,43.98871783,1313,23274,5.6,65.5,39.8246,Major Cities of Australia,0,100,9021,PERTH AIRPORT M.O.,4.37,<=25 km,FALSE,24.7,28.7,12.2,2.5,null,FALSE,null,null,null,null,44.44444444,12.96296296,40.21027603,26.03102535,28.81816966
50560,Beverley,WA,955.906988,4,1694,184,34,0,200,1053,54756,2.2,1694,567,33.47107438,47,458,10.26200873,676,81,11.98224852,46,696,6.3,46.7,2370.5195,Outer Regional Australia,2,100,10515,BEVERLEY,16.33,<=25 km,FALSE,25.5,47.4,10.3,26.8,null,FALSE,null,null,null,null,66.66666667,14.58333333,5.438043183,16.41921397,72.94253964
50630,Boddington,WA,975.7295495,5,1705,262,48,0,280,1760,91520,2.5,1705,299,17.53665689,57,447,12.75167785,599,166,27.71285476,32,787,3.8,59.2,1904.4791,Inner Regional Australia,1,86.93695825,10917,WANDERING,26.89,25-50 km,FALSE,23.9,28.3,8.6,50.6,null,FALSE,null,null,null,null,55.55555556,8.796296296,22.52797265,20.40268456,36.49155177
50770,Boyup Brook,WA,994.7882931,7,1834,345,63,0,220,1265,65780,2.3,1834,438,23.88222465,60,489,12.26993865,677,117,17.28212703,34,846,4.1,57.4,2826.4585,Outer Regional Australia,2,100,9617,BRIDGETOWN,36.57,25-50 km,FALSE,22.5,14.1,8.7,30.6,null,FALSE,null,null,null,null,33.33333333,9.490740741,11.19589819,19.63190184,51.00743937
54130,Jerramungup,WA,1024.864032,8,1160,435,80,0.003448276,186,1421,73892,2.4,1160,193,16.63793103,20,287,6.968641115,424,106,25,9,599,2.2,65.8,6511.1803,Remote Australia,3,100,10905,JACUP,15.48,<=25 km,FALSE,22.2,14.7,9.3,7.9,null,FALSE,null,null,null,null,22.22222222,5.092592593,19.58069295,11.14982578,34.43565952
50840,Bridgetown-Greenbushes,WA,1000.456372,7,5238,366,67,0,280,1218,63336,2.3,5238,1447,27.62504773,152,1448,10.49723757,2039,337,16.52770966,89,2351,3.8,53.8,1337.361,Outer Regional Australia,2,99.04925446,9617,BRIDGETOWN,5.62,<=25 km,FALSE,22.5,14.1,8.7,30.6,null,FALSE,null,null,null,null,33.33333333,8.796296296,10.37628963,16.79558011,59.5693839
50910,Brookton,WA,944.0077526,3,929,145,27,0,200,1284,66768,2.3,929,259,27.87944026,19,230,8.260869565,332,66,19.87951807,21,416,5.3,53.8,1601.1532,Outer Regional Australia,2,100,10626,PINGELLY,20.09,<=25 km,FALSE,23.5,25.8,10.4,12.5,null,FALSE,null,null,null,null,77.77777778,12.26851852,14.01773665,13.2173913,60.15132291
50980,Broome,WA,961.5808986,4,16959,206,38,0,300,2091,108732,2.7,16959,1320,7.783477799,798,3805,20.97240473,5172,2691,52.03016241,401,8291,4.8,63.9,54401.8236,Very Remote Australia,4,99.52081478,3080,CURTIN AERO,141.03,>100 km,TRUE,35.6,203.1,21.1,0,null,FALSE,null,null,null,null,66.66666667,11.11111111,48.94660308,33.55584757,14.1805377
54310,Karratha,WA,1052.009031,10,22199,494,91,0.035001577,285,3158,164216,2.8,22199,712,3.207351683,491,4826,10.17405719,6308,3828,60.68484464,328,11459,2.9,69.2,15238.2934,Very Remote Australia,4,97.12829719,4090,ROEBOURNE AERO,45.54,25-50 km,FALSE,34.9,184.9,19.9,0,null,FALSE,null,null,null,null,0,6.712962963,58.34915926,16.2784915,3.712359761
51080,Broomehill-Tambellup,WA,961.1155568,4,1046,203,38,0,168,1366,71032,2.5,1046,177,16.92160612,44,277,15.88447653,377,61,16.18037135,22,496,4.9,60.2,2609.6612,Outer Regional Australia,2,100,10916,KATANNING,36.41,25-50 km,FALSE,22.5,18.3,9.6,8,null,FALSE,null,null,null,null,66.66666667,11.34259259,9.998936896,25.41516245,35.08458422
51120,Bruce Rock,WA,978.7384136,6,979,274,51,0,160,1284,66768,2.4,979,259,26.45556691,22,229,9.6069869,332,70,21.08433735,16,431,4.2,53.6,2724.6944,Remote Australia,3,100,10536,CORRIGIN,42.27,25-50 km,FALSE,23.8,30.2,10,27.4,null,FALSE,null,null,null,null,44.44444444,9.722222222,15.32666755,15.37117904,56.89412255
51190,Bunbury,WA,944.0633475,3,32987,147,27,0.015794101,300,1326,68952,2.2,32987,7004,21.23260678,1760,8470,20.77922078,13356,4557,34.11949686,877,15524,5.7,56.4,65.4163,Inner Regional Australia,1,100,9965,BUNBURY,2.04,<=25 km,FALSE,23.3,11,11.2,7.9,null,FALSE,null,null,null,null,77.77777778,13.19444444,29.48822961,33.24675325,44.94627092
51260,Busselton,WA,1018.597743,8,40640,418,77,0,366,1459,75868,2.5,40640,9513,23.40797244,1497,11067,13.526701,14988,3526,23.52548706,599,19558,3,59.2,1454.0509,Inner Regional Australia,1,100,9603,BUSSELTON AERO,3.69,<=25 km,FALSE,23.2,12.9,10.4,5.6,null,FALSE,null,null,null,null,22.22222222,6.944444444,17.97876345,21.6427216,49.92255745
51310,Cambridge,WA,1112.55924,10,28876,545,100,0.001731542,450,2964,154128,2.7,28876,5197,17.9976451,740,7774,9.518909184,10378,2201,21.2083253,586,15571,3.8,67.1,21.9555,Major Cities of Australia,0,100,9215,SWANBOURNE,3.97,<=25 km,FALSE,24.1,19.2,14.1,0,null,FALSE,null,null,null,null,0,8.796296296,15.46136963,15.2302547,37.54609146
51330,Canning,WA,1023.260322,8,95860,430,79,0.000229501,355,1838,95576,2.8,95860,13973,14.57646568,3307,25130,13.15957023,33444,10408,31.12067934,2996,51039,5.9,65.1,64.8791,Major Cities of Australia,0,100,9172,JANDAKOT AERO,6.17,<=25 km,FALSE,24.7,26.4,11.7,12.9,null,FALSE,null,null,null,null,22.22222222,13.65740741,26.23027636,21.05531238,29.71992713
51400,Capel,WA,1015.559418,8,18175,413,76,0,350,1949,101348,2.8,18175,2531,13.92572215,761,5093,14.94207736,6221,1311,21.07378235,361,9429,3.9,66.6,557.8983,Inner Regional Australia,1,100,9534,DONNYBROOK,18.74,<=25 km,FALSE,23.2,17.3,9.8,12.5,null,FALSE,null,null,null,null,22.22222222,9.027777778,15.31520046,23.90732378,28.23131014
51470,Carnamah,WA,965.3920075,5,552,222,41,0,150,1234,64168,2,552,130,23.55072464,13,135,9.62962963,219,56,25.57077626,14,265,5.7,55.6,2870.9316,Remote Australia,3,100,8296,MORAWA AIRPORT,58.88,50-100 km,FALSE,28.4,85.5,12.9,8,null,FALSE,null,null,null,null,55.55555556,13.19444444,20.20079149,15.40740741,50.24911213
51540,Carnarvon,WA,926.0401609,2,5251,104,19,0,209,1401,72852,2.3,5251,857,16.32070082,219,1151,19.0269331,1771,739,41.72783738,115,2396,4.8,56,46574.705,Very Remote Australia,4,100,6011,CARNARVON AIRPORT,70.95,50-100 km,FALSE,27.4,28.4,17.2,0,null,FALSE,null,null,null,null,88.88888889,11.11111111,37.75402693,30.44309296,33.70997534
51610,Chapman Valley,WA,1027.33294,9,1556,442,81,0,260,2046,106392,2.7,1556,224,14.39588689,37,426,8.685446009,506,57,11.26482213,31,783,4.2,63.6,3981.3333,Remote Australia,3,78.65763211,8315,GERALDTON AIRPORT,72.09,50-100 km,FALSE,27.1,44.1,13.9,0.2,null,FALSE,null,null,null,null,11.11111111,9.722222222,4.658622088,13.89671362,29.30684173
51680,Chittering,WA,1030.194839,9,5930,455,84,0,320,2044,106288,2.8,5930,1023,17.25126476,165,1669,9.886159377,1926,158,8.203530633,107,3000,3.6,62.2,1219.9032,Outer Regional Australia,2,56.83504232,9178,GINGIN AERO,22.45,<=25 km,FALSE,25.7,39.6,11.2,18.2,null,FALSE,null,null,null,null,11.11111111,8.333333333,1.332796304,15.817855,35.8386992
52800,Derby-West Kimberley,WA,734.0620133,1,7075,31,6,0.008621908,100,1325,68900,2.9,7075,581,8.212014134,373,1424,26.19382022,1844,1334,72.34273319,129,2123,6,38.9,119730.9696,Very Remote Australia,4,100,3080,CURTIN AERO,92.24,50-100 km,FALSE,35.6,203.1,21.1,0,null,FALSE,null,null,null,null,100,13.88888889,71.01443674,41.91011236,15.16084167
51750,Claremont,WA,1080.971241,10,11284,523,96,0,485,2252,117104,2.3,11284,2762,24.47713577,399,2839,14.05424445,4399,1276,29.00659241,255,5638,4.5,59.2,4.9554,Major Cities of Australia,0,100,9215,SWANBOURNE,3.22,<=25 km,FALSE,24.1,19.2,14.1,0,null,FALSE,null,null,null,null,0,10.41666667,23.93350559,22.48679112,52.36833619
51820,Cockburn,WA,1033.252361,9,118091,463,85,0.002023863,370,1995,103740,2.6,118091,15909,13.47181411,5028,32804,15.3273991,43510,10951,25.16892668,3131,66038,4.7,69.4,167.9415,Major Cities of Australia,0,88.43841457,9172,JANDAKOT AERO,5.48,<=25 km,FALSE,24.7,26.4,11.7,12.9,null,FALSE,null,null,null,null,11.11111111,10.87962963,19.76421703,24.52383856,27.1929668
51890,Collie,WA,908.2204537,2,8812,78,15,0.003290967,250,1234,64168,2.3,8812,1975,22.41261916,390,2292,17.01570681,3404,665,19.53584019,293,3708,7.8,51.2,1709.815,Inner Regional Australia,1,100,9994,COLLIE EAST,10.56,<=25 km,FALSE,23.4,18.9,8.6,39.8,null,FALSE,null,null,null,null,88.88888889,18.05555556,13.64436066,27.22513089,47.64562385
51960,Coolgardie,WA,897.2340055,2,3478,60,11,0.076857514,200,1893,98436,2.3,3478,396,11.38585394,130,753,17.26427623,1126,391,34.72468917,79,1447,5.7,51.8,30297.6977,Very Remote Australia,4,99.81282802,12038,KALGOORLIE-BOULDER AIRPORT,69.85,50-100 km,FALSE,25.4,42.1,11.8,15.3,null,FALSE,null,null,null,null,88.88888889,13.19444444,30.14571819,27.62284197,22.42120097
57980,Subiaco,WA,1078.842178,10,17267,521,96,0,400,2140,111280,2.1,17267,3542,20.51311751,539,4416,12.20561594,7534,3032,40.24422617,390,9548,4.1,65.7,5.6182,Major Cities of Australia,0,100,9215,SWANBOURNE,5.28,<=25 km,FALSE,24.1,19.2,14.1,0,null,FALSE,null,null,null,null,0,9.490740741,36.14221296,19.52898551,43.30039369
52030,Coorow,WA,978.3813495,5,1055,272,50,0,210,1030,53560,2.1,1055,349,33.08056872,21,279,7.52688172,418,73,17.46411483,26,455,6.2,49.3,4189.8721,Remote Australia,3,100,9131,JURIEN BAY,70.68,50-100 km,FALSE,25,22.6,13.2,0.8,null,FALSE,null,null,null,null,55.55555556,14.35185185,11.39361204,12.04301075,72.04923324
52100,Corrigin,WA,1023.278422,8,1007,431,79,0,180,1399,72748,2.3,1007,261,25.91857001,17,269,6.319702602,395,81,20.50632911,12,537,2.6,64.6,2681.271,Remote Australia,3,100,10536,CORRIGIN,8.57,<=25 km,FALSE,23.8,30.2,10,27.4,null,FALSE,null,null,null,null,22.22222222,6.018518519,14.69871209,10.11152416,55.66570819
52170,Cottesloe,WA,1111.986004,10,7970,544,100,0,535,3303,171756,2.5,7970,1750,21.95734003,217,2102,10.32350143,2998,813,27.11807872,149,4271,3.5,63.5,3.8564,Major Cities of Australia,0,100,9215,SWANBOURNE,4.81,<=25 km,FALSE,24.1,19.2,14.1,0,null,FALSE,null,null,null,null,0,8.101851852,21.88180044,16.51760228,46.60414405
52240,Cranbrook,WA,964.3277404,4,1100,217,40,0,168,1287,66924,2.3,1100,230,20.90909091,21,272,7.720588235,405,95,23.45679012,17,543,3,61.2,3276.0464,Outer Regional Australia,2,100,9964,ROCKY GULLY,40.13,25-50 km,FALSE,21,9.3,9.7,2.9,null,FALSE,null,null,null,null,66.66666667,6.944444444,17.90413023,12.35294118,44.20620789
52310,Cuballing,WA,972.4462434,5,902,247,46,0,200,1236,64272,2.3,902,231,25.6097561,29,249,11.64658635,359,52,14.48467967,16,431,3,57.2,1195.3369,Outer Regional Australia,2,100,10614,NARROGIN,21.79,<=25 km,FALSE,22.5,18.8,9.4,19,null,FALSE,null,null,null,null,55.55555556,6.944444444,8.156716012,18.63453815,54.95927683
52380,Cue,WA,898.2859723,2,215,62,12,0.367441861,100,682,35464,1.5,215,74,34.41860465,3,24,12.5,70,14,20,3,117,4.2,56.2,13582.1956,Very Remote Australia,4,100,7045,MEEKATHARRA AIRPORT,88.29,50-100 km,FALSE,29.2,102.7,16,1.1,null,FALSE,null,null,null,null,88.88888889,9.722222222,14.14862974,20,75.11007506
52450,Cunderdin,WA,1008.23583,8,1302,394,72,0,200,1496,77792,2.5,1302,236,18.12596006,27,305,8.852459016,447,106,23.71364653,33,612,4.9,59,1862.4457,Outer Regional Australia,2,100,10286,CUNDERDIN AIRFIELD,9.65,<=25 km,FALSE,26.2,53.9,10.5,34.9,null,FALSE,null,null,null,null,22.22222222,11.34259259,18.18318228,14.16393443,37.83962004
52520,Dalwallinu,WA,1056.470544,10,1379,498,91,0,230,1812,94224,2.6,1379,212,15.37345903,26,314,8.280254777,431,102,23.66589327,13,681,1.6,63.2,7224.3566,Remote Australia,3,100,8297,DALWALLINU,30.94,25-50 km,FALSE,26.5,61.7,11.7,8.1,null,FALSE,null,null,null,null,0,3.703703704,18.13130253,13.24840764,31.54309983
52590,Dandaragan,WA,995.1491149,7,3355,348,64,0,310,1305,67860,2.2,3355,923,27.51117735,81,883,9.173272933,1253,277,22.10694334,68,1639,4.2,56.8,6711.5721,Outer Regional Australia,2,100,9131,JURIEN BAY,50.99,50-100 km,FALSE,25,22.6,13.2,0.8,null,FALSE,null,null,null,null,33.33333333,9.722222222,16.43763962,14.67723669,59.30889821
52660,Dardanup,WA,1005.637415,8,14686,386,71,0.001089473,340,1746,90792,2.6,14686,2743,18.67765219,573,4080,14.04411765,5302,1008,19.0116937,321,7348,4.4,62.9,525.8017,Inner Regional Australia,1,100,9534,DONNYBROOK,17.55,<=25 km,FALSE,23.2,17.3,9.8,12.5,null,FALSE,null,null,null,null,22.22222222,10.18518519,13.07492129,22.47058824,39.10165067
52730,Denmark,WA,1003.244577,7,6310,376,69,0,300,1134,58968,2.3,6310,1741,27.5911252,214,1613,13.26720397,2362,484,20.49110923,103,2693,3.8,51.5,1859.8487,Outer Regional Australia,2,100,9964,ROCKY GULLY,39.23,25-50 km,TRUE,21,9.3,9.7,2.9,null,FALSE,null,null,null,null,33.33333333,8.796296296,14.68217702,21.22752635,59.49178397
52870,Donnybrook-Balingup,WA,986.8907914,6,6155,305,56,0,290,1332,69264,2.4,6155,1564,25.41023558,195,1726,11.29779838,2305,337,14.62039046,121,2891,4.1,56.4,1559.856,Inner Regional Australia,1,100,9534,DONNYBROOK,21.56,<=25 km,FALSE,23.2,17.3,9.8,12.5,null,FALSE,null,null,null,null,44.44444444,9.490740741,8.30415393,18.0764774,54.50286103
52940,Dowerin,WA,982.656574,6,715,289,53,0,150,1197,62244,2.3,715,186,26.01398601,23,178,12.92134831,282,58,20.56737589,17,334,4.2,59.6,1863.0851,Outer Regional Australia,2,100,8137,WONGAN HILLS,42.99,25-50 km,FALSE,25.8,51,12,4.6,null,FALSE,null,null,null,null,44.44444444,9.722222222,14.76503408,20.6741573,55.88397833
53010,Dumbleyung,WA,1009.279862,8,681,398,73,0,150,1260,65520,2.3,681,132,19.38325991,5,161,3.105590062,235,29,12.34042553,12,328,4,60.1,2539.2249,Remote Australia,3,100,10911,LAKE GRACE,48.94,25-50 km,FALSE,23.7,25.7,10.4,15.6,null,FALSE,null,null,null,null,22.22222222,9.259259259,5.827171216,4.968944099,40.71577298
53080,Dundas,WA,855.4730748,1,677,43,8,0,150,827,43004,1.8,677,146,21.56573117,29,127,22.83464567,258,70,27.13178295,17,280,6.5,46.7,92886.3668,Very Remote Australia,4,100,12009,NORSEMAN AERO,200.82,>100 km,FALSE,25.3,37,10,37.6,null,FALSE,null,null,null,null,100,15.0462963,21.89668889,36.53543307,45.70831401
53150,East Fremantle,WA,1082.151464,10,7819,525,96,0,420,2288,118976,2.5,7819,1605,20.5269216,259,2075,12.48192771,2913,652,22.38242362,173,4188,4.2,65.1,3.1384,Major Cities of Australia,0,100,9215,SWANBOURNE,8.98,<=25 km,FALSE,24.1,19.2,14.1,0,null,FALSE,null,null,null,null,0,9.722222222,16.73692488,19.97108434,43.33197143
53220,East Pilbara,WA,939.3895543,3,9760,128,24,0.453586066,105,2506,130312,2.9,9760,295,3.022540984,195,1264,15.42721519,1644,1220,74.20924574,187,5042,3.7,61.6,372295.6721,Very Remote Australia,4,100,13030,TELFER AERO,189.75,>100 km,FALSE,34.2,173,19.6,0,null,FALSE,null,null,null,null,77.77777778,8.564814815,73.04223957,24.6835443,3.289593598
53290,Esperance,WA,994.7713425,7,13883,344,63,0,265,1521,79092,2.4,13883,2685,19.34020024,482,3441,14.00755594,4990,1403,28.11623246,182,6685,2.7,59.9,44797.5456,Very Remote Australia,4,76.59578028,9542,ESPERANCE AERO,69.57,50-100 km,FALSE,22.3,14.3,11.3,0,null,FALSE,null,null,null,null,33.33333333,6.25,22.96620729,22.41208951,40.61727126
53360,Exmouth,WA,1037.801316,9,3085,467,86,0,330,1979,102908,2.5,3085,364,11.79902755,71,758,9.366754617,1097,444,40.47402005,43,1782,2.6,70.4,6488.2097,Very Remote Australia,4,100,5007,LEARMONTH AIRPORT,23.51,<=25 km,FALSE,32.1,123.5,17.8,0,null,FALSE,null,null,null,null,11.11111111,6.018518519,36.39186394,14.98680739,23.36636174
53430,Fremantle,WA,1031.210498,9,31930,460,84,0,370,1887,98124,2.2,31930,6358,19.91230817,1276,8131,15.69302669,13148,4168,31.70063888,830,17401,4.8,63.6,19.2892,Major Cities of Australia,0,100,9172,JANDAKOT AERO,10.72,<=25 km,FALSE,24.7,26.4,11.7,12.9,null,FALSE,null,null,null,null,11.11111111,11.11111111,26.86035173,25.1088427,41.92600434
53990,Harvey,WA,997.8433285,7,28567,356,65,0,320,1788,92976,2.7,28567,4921,17.22617006,1131,8001,14.13573303,10077,2036,20.20442592,609,14097,4.3,62.4,1727.607,Inner Regional Australia,1,100,9994,COLLIE EAST,33.36,25-50 km,FALSE,23.4,18.9,8.6,39.8,null,FALSE,null,null,null,null,33.33333333,9.953703704,14.37072065,22.61717285,35.78129349
53570,Gingin,WA,975.1231886,5,5576,261,48,0.003766141,270,1331,69212,2.4,5576,1483,26.59612626,149,1459,10.2124743,2026,329,16.23889437,88,2571,3.4,53.8,3208.3585,Outer Regional Australia,2,72.76061886,9178,GINGIN AERO,33.65,25-50 km,FALSE,25.7,39.6,11.2,18.2,null,FALSE,null,null,null,null,55.55555556,7.87037037,10.06251705,16.33995888,57.21566096
53640,Gnowangerup,WA,995.731527,7,1215,351,65,0,180,1482,77064,2.5,1215,187,15.3909465,25,319,7.836990596,437,97,22.19679634,27,631,3.8,66.4,4265.0423,Remote Australia,3,91.40394926,10622,ONGERUP,19.86,<=25 km,FALSE,21.8,14,9.8,10.1,null,FALSE,null,null,null,null,33.33333333,8.796296296,16.53525705,12.53918495,31.58310353
53710,Goomalling,WA,997.9722822,7,955,359,66,0,200,1217,63284,2.2,955,248,25.96858639,30,253,11.85770751,383,75,19.58224543,14,453,3.5,57.4,1835.4294,Outer Regional Australia,2,100,8137,WONGAN HILLS,38.97,25-50 km,FALSE,25.8,51,12,4.6,null,FALSE,null,null,null,null,33.33333333,8.101851852,13.6947759,18.97233202,55.78012382
53780,Gosnells,WA,974.575016,5,126376,258,48,0.009447997,330,1656,86112,2.8,126376,17203,13.61255302,5425,33116,16.3818094,42675,10592,24.82015231,4249,62643,6.8,62.6,127.2976,Major Cities of Australia,0,100,9172,JANDAKOT AERO,11.76,<=25 km,FALSE,24.7,26.4,11.7,12.9,null,FALSE,null,null,null,null,55.55555556,15.74074074,19.38530415,26.21089504,27.51491595
53800,Greater Geraldton,WA,965.4031931,5,39489,223,41,0.000177265,260,1536,79872,2.4,39489,6965,17.63782319,1851,10147,18.24184488,14338,4238,29.55781838,977,18941,5.2,59.9,9909.0002,Remote Australia,3,81.84992367,8296,MORAWA AIRPORT,88.9,50-100 km,FALSE,28.4,85.5,12.9,8,null,FALSE,null,null,null,null,55.55555556,12.03703704,24.53236446,29.18695181,36.72297608
53920,Halls Creek,WA,540.1226449,1,3574,16,3,0.039171796,90,1098,57096,3.3,3574,235,6.575265809,298,778,38.3033419,908,661,72.79735683,248,1035,24.1,38.6,133045.9733,Very Remote Australia,4,100,15666,RABBIT FLAT,286.85,>100 km,TRUE,34,175.8,16.6,7.7,null,FALSE,null,null,null,null,100,55.78703704,71.50834561,61.28534704,11.41667635
54060,Irwin,WA,966.2242461,5,3680,228,42,0,250,1168,60736,2.2,3680,1115,30.29891304,125,984,12.70325203,1437,345,24.00835073,58,1520,3.9,48.6,2369.3298,Outer Regional Australia,2,100,8315,GERALDTON AIRPORT,71.29,50-100 km,FALSE,27.1,44.1,13.9,0.2,null,FALSE,null,null,null,null,55.55555556,9.027777778,18.50335265,20.32520325,65.68601994
54170,Joondalup,WA,1071.69803,10,160003,515,94,1.87E-05,400,2165,112580,2.7,160003,28728,17.95466335,5840,46463,12.56914104,57522,9295,16.1590348,3863,87602,4.4,67.3,98.942,Major Cities of Australia,0,100,9225,PERTH METRO,18.56,<=25 km,TRUE,24.9,26.8,13,3.3,null,FALSE,null,null,null,null,0,10.18518519,9.9757566,20.11062566,37.44776798
54200,Kalamunda,WA,1033.584806,9,58762,464,85,0.000527552,370,1866,97032,2.6,58762,11116,18.91698717,2415,16548,14.59390863,21248,3538,16.65097892,1396,30369,4.6,64.1,324.2958,Inner Regional Australia,1,54.81251993,9240,BICKLEY,3.3,<=25 km,FALSE,22.7,17.9,11.4,0.9,null,FALSE,null,null,null,null,11.11111111,10.64814815,10.5102109,23.35025381,39.64914458
54280,Kalgoorlie-Boulder,WA,1007.96426,8,29306,392,72,0.01036271,300,2324,120848,2.6,29306,2660,9.076639596,1054,7033,14.98649225,9991,3667,36.70303273,535,15837,3.4,69.4,95500.292,Very Remote Australia,4,99.89245059,11019,EYRE,194.06,>100 km,FALSE,23.1,18,10.7,37.9,null,FALSE,null,null,null,null,22.22222222,7.87037037,32.29501564,23.9783876,17.1387271
54340,Katanning,WA,906.7045638,2,4057,74,14,0,200,1343,69836,2.5,4057,754,18.58516145,159,1010,15.74257426,1456,437,30.01373626,100,1915,5.1,58.5,1518.1854,Outer Regional Australia,2,100,10916,KATANNING,11.3,<=25 km,FALSE,22.5,18.3,9.6,8,null,FALSE,null,null,null,null,88.88888889,11.80555556,25.0276794,25.18811881,38.89007226
54410,Kellerberrin,WA,920.4959454,2,1138,94,18,0,160,1078,56056,2.2,1138,311,27.32864675,39,283,13.78091873,436,96,22.01834862,21,489,4.3,49.3,1915.433,Outer Regional Australia,2,100,10092,MERREDIN,45.21,25-50 km,FALSE,25.2,43.9,11.5,17.7,null,FALSE,null,null,null,null,88.88888889,9.953703704,16.3413892,22.04946996,58.89134792
54480,Kent,WA,1072.157129,10,491,516,95,0,105,1784,92768,2.6,491,47,9.572301426,3,119,2.521008403,174,42,24.13793103,4,261,1.5,71.2,5624.5818,Remote Australia,3,100,10622,ONGERUP,48.26,25-50 km,FALSE,21.8,14,9.8,10.1,null,FALSE,null,null,null,null,0,3.472222222,18.64413033,4.033613445,18.27258489
54550,Kojonup,WA,996.8852517,7,1901,353,65,0,200,1446,75192,2.3,1901,432,22.72488164,47,475,9.894736842,737,192,26.05156038,15,980,1.5,64.2,2930.9925,Outer Regional Australia,2,100,10916,KATANNING,57.46,50-100 km,FALSE,22.5,18.3,9.6,8,null,FALSE,null,null,null,null,33.33333333,3.472222222,20.72312144,15.83157895,48.35994404
54620,Kondinin,WA,977.6464042,5,847,269,50,0,148,1293,67236,2.2,847,173,20.42502952,29,199,14.57286432,297,76,25.58922559,12,468,2.8,67.3,7440.8016,Very Remote Australia,4,69.91195814,10568,HYDEN,12.75,<=25 km,FALSE,25.1,43.8,9.9,27.6,null,FALSE,null,null,null,null,55.55555556,6.481481481,20.22083508,23.31658291,43.09888684
54690,Koorda,WA,980.3824622,6,361,282,52,0,129,1341,69732,2.2,361,95,26.31578947,3,95,3.157894737,157,26,16.56050955,8,199,2.5,65.7,2832.313,Remote Australia,3,100,10007,BENCUBBIN,48.07,25-50 km,FALSE,25.5,48,11.7,9.2,null,FALSE,null,null,null,null,44.44444444,5.787037037,10.41192384,5.052631579,56.57437284
59340,Wyndham-East Kimberley,WA,899.4327489,2,7477,64,12,0.000534974,230,1858,96616,2.7,7477,573,7.663501404,358,1591,22.50157134,2122,1275,60.08482564,124,3321,3.8,57.7,112066.3217,Very Remote Australia,4,100,1025,DOONGAN,86.53,50-100 km,FALSE,33.2,107.5,18.5,0.1,null,FALSE,null,null,null,null,88.88888889,8.796296296,57.69729102,36.00251414,13.9060841
54760,Kulin,WA,1045.076576,9,769,484,89,0,169,1820,94640,2.5,769,150,19.50585176,9,196,4.591836735,270,51,18.88888889,6,408,1.5,67.2,4718.9219,Remote Australia,3,100,10911,LAKE GRACE,43.12,25-50 km,FALSE,23.7,25.7,10.4,15.6,null,FALSE,null,null,null,null,11.11111111,3.472222222,12.94150459,7.346938776,40.99620957
54830,Kwinana,WA,970.5387659,5,45867,241,44,0.027121896,315,1716,89232,2.7,45867,4449,9.699784159,2287,11898,19.22171794,15666,4324,27.60117452,1593,22972,6.9,64.8,120.0123,Major Cities of Australia,0,100,9256,GARDEN ISLAND HSF,13.01,<=25 km,FALSE,22.8,10.7,15,0,null,FALSE,null,null,null,null,55.55555556,15.97222222,22.40664182,30.7547487,18.5642097
54900,Lake Grace,WA,1050.557653,9,1265,493,90,0,180,1715,89180,2.4,1265,208,16.44268775,18,321,5.607476636,469,97,20.68230277,10,755,1.2,74.6,11886.3198,Very Remote Australia,4,61.78159198,10692,NEWDEGATE RESEARCH STATION,29.96,25-50 km,FALSE,23.6,24.3,8.8,35.4,null,FALSE,null,null,null,null,11.11111111,2.777777778,14.8898921,8.971962617,33.98902815
54970,Laverton,WA,751.0832582,1,1333,32,6,0.567891973,80,966,50232,2.5,1333,71,5.326331583,25,120,20.83333333,183,108,59.01639344,24,540,4.4,45.2,179993.971,Very Remote Australia,4,100,12305,LAVERTON AERO,305.57,>100 km,FALSE,27.4,66.8,14.2,7.8,null,FALSE,null,null,null,null,100,10.18518519,56.53653278,33.33333333,8.55966031
55040,Leonora,WA,948.3830637,3,1588,159,30,0.338790932,93,1951,101452,2.5,1588,110,6.926952141,31,210,14.76190476,314,143,45.54140127,19,683,2.6,51.9,31915.0562,Very Remote Australia,4,100,12239,BULGA DOWNS,123.76,>100 km,TRUE,29,94.8,13.8,12.9,null,FALSE,null,null,null,null,77.77777778,6.018518519,41.89713095,23.61904762,12.22118108
55110,Mandurah,WA,959.1492743,4,90306,197,36,0.010475494,300,1273,66196,2.4,90306,23078,25.55533409,4306,25111,17.14786349,35358,9008,25.4765541,2731,38898,7,52.1,174.8968,Major Cities of Australia,0,53.50440946,9977,MANDURAH,4.07,<=25 km,FALSE,23.4,11.7,14.8,0,null,FALSE,null,null,null,null,66.66666667,16.2037037,20.09842735,27.43658158,54.83478304
55180,Manjimup,WA,959.4695823,4,9093,198,37,0,230,1211,62972,2.3,9093,2089,22.97371605,305,2346,13.00085251,3514,883,25.12805919,162,4502,3.7,59.1,7029.6076,Outer Regional Australia,2,66.22054693,9968,SHANNON,4.23,<=25 km,FALSE,20.5,6.2,9.8,4.5,null,FALSE,null,null,null,null,66.66666667,8.564814815,19.71981807,20.80136402,48.92916848
55250,Meekatharra,WA,847.6659988,1,1200,39,8,0,115,1243,64636,2.4,1200,104,8.666666667,42,182,23.07692308,276,137,49.63768116,27,505,5.5,49.5,100188.5478,Very Remote Australia,4,100,7045,MEEKATHARRA AIRPORT,151.18,>100 km,FALSE,29.2,102.7,16,1.1,null,FALSE,null,null,null,null,100,12.73148148,46.3473812,36.92307692,16.20088809
55320,Melville,WA,1069.966487,10,103523,512,94,0,400,2096,108992,2.6,103523,21757,21.01658569,3670,28676,12.79815874,38566,8070,20.92516725,2436,54186,4.5,63.3,52.8505,Major Cities of Australia,0,100,9172,JANDAKOT AERO,8.63,<=25 km,FALSE,24.7,26.4,11.7,12.9,null,FALSE,null,null,null,null,0,10.41666667,15.15374313,20.47705398,44.45210899
55390,Menzies,WA,860.312272,1,524,44,9,0,150,1260,65520,2.1,524,52,9.923664122,4,37,10.81081081,66,27,40.90909091,18,265,6.1,53.2,124115.424,Very Remote Australia,4,100,11052,FORREST,284.93,>100 km,FALSE,26.4,46.2,11,12.6,null,FALSE,null,null,null,null,100,14.12037037,36.86453042,17.2972973,19.07634928
55460,Merredin,WA,971.0033717,5,3119,242,45,0,210,1380,71760,2.3,3119,590,18.91631933,111,763,14.54783748,1151,333,28.93136403,68,1484,4.3,58.5,3293.7824,Remote Australia,3,76.41224873,10092,MERREDIN,1.85,<=25 km,FALSE,25.2,43.9,11.5,17.7,null,FALSE,null,null,null,null,55.55555556,9.953703704,23.85177653,23.27653997,39.64761687
55530,Mingenew,WA,1006.797464,8,407,389,71,0,150,1468,76336,2.4,407,93,22.85012285,7,104,6.730769231,147,17,11.56462585,6,190,3.1,57.7,1934.8857,Outer Regional Australia,2,100,8296,MORAWA AIRPORT,54.36,50-100 km,FALSE,28.4,85.5,12.9,8,null,FALSE,null,null,null,null,22.22222222,7.175925926,4.984332635,10.76923077,48.64644123
55600,Moora,WA,959.0882462,4,2292,196,36,0,225,1445,75140,2.3,2292,466,20.33158813,89,564,15.78014184,824,188,22.81553398,53,1131,4.8,61.1,3763.0254,Outer Regional Australia,2,79.45704539,8297,DALWALLINU,52,50-100 km,FALSE,26.5,61.7,11.7,8.1,null,FALSE,null,null,null,null,66.66666667,11.11111111,17.20746145,25.24822695,42.88513376
55670,Morawa,WA,942.9054035,3,660,140,26,0,190,1443,75036,2.3,660,159,24.09090909,19,140,13.57142857,214,50,23.36448598,13,260,5,51.2,3510.5929,Remote Australia,3,100,8296,MORAWA AIRPORT,18.97,<=25 km,FALSE,28.4,85.5,12.9,8,null,FALSE,null,null,null,null,77.77777778,11.57407407,17.80384984,21.71428571,51.48481824
55740,Mosman Park,WA,1061.456514,10,9169,505,93,0,300,2132,110864,2.4,9169,1799,19.62046025,262,2284,11.47110333,3520,1194,33.92045455,212,4700,4.5,61.7,4.3472,Major Cities of Australia,0,100,9215,SWANBOURNE,6.47,<=25 km,FALSE,24.1,19.2,14.1,0,null,FALSE,null,null,null,null,0,10.41666667,29.27198753,18.35376532,41.25838374
55810,Mount Magnet,WA,863.9227003,1,653,47,9,0.117917305,175,1204,62608,2.1,653,108,16.53905054,15,71,21.12676056,128,39,30.46875,8,187,5.4,34.8,13858.1182,Very Remote Australia,4,100,7600,MOUNT MAGNET AERO,21.04,<=25 km,FALSE,28.8,93.6,15.3,2.4,null,FALSE,null,null,null,null,100,12.5,25.52201208,33.8028169,34.20946413
55880,Mount Marshall,WA,979.8625097,6,459,280,52,0,145,1396,72592,2.3,459,89,19.38997821,14,118,11.86440678,174,38,21.83908046,11,259,3.9,66.9,10184.5937,Remote Australia,3,100,10007,BENCUBBIN,55.82,50-100 km,FALSE,25.5,48,11.7,9.2,null,FALSE,null,null,null,null,44.44444444,9.027777778,16.14663,18.98305085,40.73114152
55950,Mukinbudin,WA,1024.756272,8,579,434,80,0,155,1547,80444,2.3,579,117,20.20725389,14,153,9.150326797,215,47,21.86046512,4,273,1.1,60.4,3426.944,Remote Australia,3,100,10007,BENCUBBIN,45.97,25-50 km,FALSE,25.5,48,11.7,9.2,null,FALSE,null,null,null,null,22.22222222,2.546296296,16.16986256,14.64052288,42.60071131
56090,Mundaring,WA,1042.277546,9,39166,477,88,0.047541235,350,1907,99164,2.6,39166,7744,19.77225144,1421,10783,13.17815079,13541,1484,10.95930877,845,19307,4.4,59.2,643.2012,Inner Regional Australia,1,69.42213416,9240,BICKLEY,14.67,<=25 km,FALSE,22.7,17.9,11.4,0.9,null,FALSE,null,null,null,null,11.11111111,10.18518519,4.326708503,21.08504127,41.60561571
56160,Murchison,WA,833.7250082,1,101,38,7,0,139,1649,85748,2.6,101,8,7.920792079,9,27,33.33333333,32,16,50,0,43,2.3,58.9,45046.0922,Very Remote Australia,4,100,7600,MOUNT MAGNET AERO,190.84,>100 km,FALSE,28.8,93.6,15.3,2.4,null,FALSE,null,null,null,null,100,5.324074074,46.74100897,53.33333333,14.4946528
56230,Murray,WA,962.4501679,4,18068,209,39,0.017600177,300,1368,71136,2.5,18068,4345,24.04804074,775,5016,15.45055821,6641,1238,18.64177082,491,7858,6.2,53.1,1703.4688,Inner Regional Australia,1,94.02342444,9538,DWELLINGUP,10.36,<=25 km,FALSE,22,15.3,9.6,18.1,null,FALSE,null,null,null,null,66.66666667,14.35185185,12.67303239,24.72089314,51.38675416
56300,Nannup,WA,978.3627428,5,1538,271,50,0,254,1094,56888,2.1,1538,519,33.74512354,37,406,9.113300493,604,112,18.54304636,31,650,4.5,48.5,3053.9361,Outer Regional Australia,2,94.40974551,9842,JARRAHWOOD,37.6,25-50 km,FALSE,22.8,14.3,8.7,30.5,null,FALSE,null,null,null,null,55.55555556,10.41666667,12.56577689,14.58128079,73.56944442
56370,Narembeen,WA,1028.053719,9,787,447,82,0,150,1483,77116,2.3,787,199,25.28589581,17,191,8.90052356,262,49,18.70229008,14,370,2.7,58,3809.0285,Remote Australia,3,100,10568,HYDEN,49.55,25-50 km,FALSE,25.1,43.8,9.9,27.6,null,FALSE,null,null,null,null,11.11111111,6.25,12.73878128,14.2408377,54.21842593
56460,Narrogin,WA,963.7609748,4,4779,215,40,0,240,1310,68120,2.2,4779,1046,21.88742415,210,1155,18.18181818,1819,532,29.24683892,117,2235,5.2,56.6,1631.3024,Outer Regional Australia,2,100,10614,NARROGIN,11.26,<=25 km,FALSE,22.5,18.8,9.4,19,null,FALSE,null,null,null,null,66.66666667,12.03703704,24.19451244,29.09090909,46.44420705
56580,Nedlands,WA,1114.888413,10,22132,546,100,0.004518345,520,3226,167752,2.8,22132,4659,21.05096693,587,5950,9.865546218,7602,1650,21.70481452,420,11276,3.7,62.9,19.6449,Major Cities of Australia,0,100,9215,SWANBOURNE,4.35,<=25 km,FALSE,24.1,19.2,14.1,0,null,FALSE,null,null,null,null,0,8.564814815,16.00076179,15.78487395,44.53075825
56620,Ngaanyatjarraku,WA,509.4452151,1,1358,8,2,0,65,1228,63856,3.5,1358,69,5.081001473,107,323,33.12693498,340,271,79.70588235,80,301,25.9,28.3,159815.9632,Very Remote Australia,4,100,13017,GILES METEOROLOGICAL OFFICE,148.43,>100 km,FALSE,29.6,105.5,15.9,3.5,null,FALSE,null,null,null,null,100,59.9537037,79.01385507,53.00309598,7.998452166
56730,Northam,WA,938.389701,3,11358,124,23,0,250,1316,68432,2.4,11358,2380,20.95439338,526,2848,18.46910112,4070,944,23.19410319,288,4867,5.9,52.4,1431.2215,Inner Regional Australia,1,100,10111,NORTHAM,5.41,<=25 km,FALSE,25.4,46.7,11,16.7,null,FALSE,null,null,null,null,77.77777778,13.65740741,17.61874383,29.5505618,44.30984016
56790,Northampton,WA,953.7150936,4,3227,176,33,0,250,1110,57720,2.2,3227,955,29.5940502,78,816,9.558823529,1191,240,20.1511335,55,1359,4.3,49.7,12543.7142,Remote Australia,3,94.10408681,8251,KALBARRI,52.78,50-100 km,FALSE,27.8,45.9,14.8,0.3,null,FALSE,null,null,null,null,66.66666667,9.953703704,14.31282309,15.29411765,64.0736016
56860,Nungarin,WA,978.9619675,6,255,276,51,0,88,1087,56524,2.1,255,67,26.2745098,8,62,12.90322581,93,18,19.35483871,6,110,6.5,49.8,1166.0245,Remote Australia,3,100,10092,MERREDIN,37.73,25-50 km,FALSE,25.2,43.9,11.5,17.7,null,FALSE,null,null,null,null,44.44444444,15.0462963,13.44771836,20.64516129,56.47994298
56930,Peppermint Grove,WA,1111.14654,10,1597,543,100,0,440,4565,237380,2.7,1597,328,20.53850971,39,408,9.558823529,523,107,20.45889101,38,779,5.2,58.4,1.0677,Major Cities of Australia,0,100,9215,SWANBOURNE,4.79,<=25 km,FALSE,24.1,19.2,14.1,0,null,FALSE,null,null,null,null,0,12.03703704,14.64717474,15.29411765,43.35847995
57000,Perenjori,WA,1044.39659,9,629,482,88,0.313195549,170,1652,85904,2.3,629,99,15.73926868,12,99,12.12121212,139,31,22.30215827,0,310,0.6,57.5,8301.3551,Remote Australia,3,100,8296,MORAWA AIRPORT,48.73,25-50 km,FALSE,28.4,85.5,12.9,8,null,FALSE,null,null,null,null,11.11111111,1.388888889,16.64972359,19.39393939,32.37991255
57080,Perth,WA,1040.350179,9,28463,471,86,0.035835998,400,1931,100412,1.8,28463,3073,10.79647261,527,5867,8.982444179,12329,7975,64.68488929,1091,17791,6.1,67.2,13.7335,Major Cities of Australia,0,100,9215,SWANBOURNE,6.24,<=25 km,FALSE,24.1,19.2,14.1,0,null,FALSE,null,null,null,null,11.11111111,14.12037037,62.69485832,14.37191069,21.07295391
57140,Pingelly,WA,907.0264508,2,1037,77,15,0,200,996,51792,2.2,1037,294,28.35101254,40,286,13.98601399,432,106,24.53703704,31,425,7.7,49,1294.5721,Outer Regional Australia,2,100,10626,PINGELLY,12.63,<=25 km,FALSE,23.5,25.8,10.4,12.5,null,FALSE,null,null,null,null,88.88888889,17.82407407,19.07772413,22.37762238,61.23007432
57210,Plantagenet,WA,948.6440401,3,5388,160,30,0,225,1181,61412,2.3,5388,1293,23.99777283,174,1436,12.11699164,2001,382,19.09045477,94,2398,3.8,53.4,4876.682,Outer Regional Australia,2,100,9999,ALBANY AIRPORT,44.77,25-50 km,FALSE,21.1,3.7,10.8,2.3,null,FALSE,null,null,null,null,77.77777778,8.796296296,13.16048831,19.38718663,51.27176314
57280,Port Hedland,WA,1011.190267,8,15684,403,74,0.028309105,225,2865,148980,2.7,15684,608,3.876562102,501,3514,14.25725669,4872,3248,66.66666667,285,8071,3.6,68.4,18417.0777,Very Remote Australia,4,99.379123,4032,PORT HEDLAND AIRPORT,68.69,50-100 km,FALSE,33.4,141.6,19.6,0,null,FALSE,null,null,null,null,22.22222222,8.333333333,64.84788632,22.8116107,5.243220922
57350,Quairading,WA,963.52433,4,961,214,40,0,130,1129,58708,2.2,961,309,32.15400624,24,208,11.53846154,313,51,16.29392971,13,311,3.2,38.2,2016.9268,Outer Regional Australia,2,100,10286,CUNDERDIN AIRFIELD,48.48,25-50 km,FALSE,26.2,53.9,10.5,34.9,null,FALSE,null,null,null,null,66.66666667,7.407407407,10.12230813,18.46153846,69.92966297
57420,Ravensthorpe,WA,1002.021714,7,2085,369,68,0.003357314,250,1655,86060,2.2,2085,383,18.36930456,61,505,12.07920792,786,220,27.98982188,26,1024,2.8,60.7,9841.7504,Very Remote Australia,4,83.53054046,10633,RAVENSTHORPE,15.72,<=25 km,FALSE,22.8,17,10.5,1.9,null,FALSE,null,null,null,null,33.33333333,6.481481481,22.82887323,19.32673267,38.39628597
57490,Rockingham,WA,989.3060109,6,135678,316,58,0.005859461,330,1724,89648,2.6,135678,19199,14.15041495,6551,36800,17.80163043,48428,12073,24.92979268,4327,67357,6.4,63.4,257.4979,Major Cities of Australia,0,88.44643005,9256,GARDEN ISLAND HSF,16.22,<=25 km,FALSE,22.8,10.7,15,0,null,FALSE,null,null,null,null,44.44444444,14.81481481,19.50441883,28.4826087,28.74530915
57630,Sandstone,WA,954.4400198,4,109,180,33,0,70,949,49348,1.5,109,31,28.44036697,0,19,0,43,3,6.976744186,3,48,6.7,41.3,32605.2912,Very Remote Australia,4,100,12239,BULGA DOWNS,49.59,25-50 km,FALSE,29,94.8,13.8,12.9,null,FALSE,null,null,null,null,66.66666667,15.50925926,0,0,61.43447825
57700,Serpentine-Jarrahdale,WA,1028.172729,9,32173,448,82,0.000466229,380,2097,109044,3,32173,3324,10.33164455,1179,8804,13.39164016,10211,1288,12.61384781,656,16714,3.9,69.2,901.2054,Inner Regional Australia,1,72.03153687,9172,JANDAKOT AERO,29.45,25-50 km,FALSE,24.7,26.4,11.7,12.9,null,FALSE,null,null,null,null,11.11111111,9.027777778,6.124220637,21.42662426,20.00963031
57770,Shark Bay,WA,970.2652622,5,1031,239,44,0,220,1187,61724,2.1,1031,212,20.56256062,15,213,7.042253521,360,126,35,10,487,1.7,55.9,24201.5491,Very Remote Australia,4,100,6105,SHARK BAY AIRPORT,133.15,>100 km,FALSE,29.2,57.4,16.5,0,null,FALSE,null,null,null,null,55.55555556,3.935185185,30.44481936,11.26760563,43.41349794
57840,South Perth,WA,1065.615581,10,43405,508,93,0.005736666,360,2004,104208,2.2,43405,8509,19.60373229,1329,11213,11.85231428,17690,6433,36.36517807,1091,24172,4.5,65,19.8114,Major Cities of Australia,0,100,9225,PERTH METRO,8.87,<=25 km,FALSE,24.9,26.8,13,3.3,null,FALSE,null,null,null,null,0,10.41666667,31.92796607,18.96370284,41.22011748
57910,Stirling,WA,1026.575409,9,226369,439,81,0.001395951,340,1786,92872,2.4,226369,38650,17.07389263,8871,59778,14.83990766,90318,29779,32.97127926,5637,123856,4.6,65.8,104.7273,Major Cities of Australia,0,100,9225,PERTH METRO,5.68,<=25 km,FALSE,24.9,26.8,13,3.3,null,FALSE,null,null,null,null,11.11111111,10.64814815,28.2407915,23.74385225,35.43294924
58570,Vincent,WA,1067.549014,10,36537,511,94,0,400,2209,114868,2.2,36537,4349,11.90300244,1051,9027,11.64284923,15450,6536,42.30420712,899,22915,3.9,73.2,11.3771,Major Cities of Australia,0,100,9225,PERTH METRO,2.37,<=25 km,FALSE,24.9,26.8,13,3.3,null,FALSE,null,null,null,null,0,9.027777778,38.3802023,18.62855877,23.60421087
58050,Swan,WA,994.8298578,7,152974,346,64,0.001189745,340,1843,95836,2.8,152974,17819,11.64838469,7196,41397,17.38290214,52666,11633,22.08825428,4335,80882,5.4,67.5,1042.9936,Inner Regional Australia,1,63.52384137,9021,PERTH AIRPORT M.O.,20.52,<=25 km,FALSE,24.7,28.7,12.2,2.5,null,FALSE,null,null,null,null,33.33333333,12.5,16.41733559,27.81264343,23.02175667
58190,Tammin,WA,958.9224745,4,386,193,36,0,161,1125,58500,2.5,386,64,16.58031088,16,87,18.3908046,136,27,19.85294118,14,169,6.9,55.1,1101.692,Outer Regional Australia,2,100,10286,CUNDERDIN AIRFIELD,23.71,<=25 km,FALSE,26.2,53.9,10.5,34.9,null,FALSE,null,null,null,null,66.66666667,15.97222222,13.98886318,29.42528736,34.30384978
58260,Three Springs,WA,962.8443734,4,575,211,39,0,120,1366,71032,2.3,575,127,22.08695652,18,144,12.5,205,55,26.82926829,10,254,3.6,55.4,2656.6928,Remote Australia,3,100,8296,MORAWA AIRPORT,50.78,50-100 km,FALSE,28.4,85.5,12.9,8,null,FALSE,null,null,null,null,66.66666667,8.333333333,21.56803314,20,46.90064998
58330,Toodyay,WA,986.0558469,6,4601,303,56,0,285,1272,66144,2.3,4601,1239,26.92892849,148,1261,11.73671689,1749,199,11.37793025,120,2022,5.7,50.9,1691.6485,Inner Regional Australia,1,64.89168997,10111,NORTHAM,33.09,25-50 km,FALSE,25.4,46.7,11,16.7,null,FALSE,null,null,null,null,44.44444444,13.19444444,4.78150417,18.77874703,57.97696713
58400,Trayning,WA,909.377583,2,298,80,15,0,120,864,44928,1.9,298,82,27.51677852,13,68,19.11764706,131,26,19.84732824,0,131,3.1,48.9,1651.2043,Remote Australia,3,100,10007,BENCUBBIN,40.42,25-50 km,FALSE,25.5,48,11.7,9.2,null,FALSE,null,null,null,null,88.88888889,7.175925926,13.98276522,30.58823529,59.32171125
58470,Upper Gascoyne,WA,910.1471508,2,170,81,15,0,75,1300,67600,2.9,170,10,5.882352941,9,40,22.5,57,26,45.61403509,4,67,9.5,49.2,57809.8737,Very Remote Australia,4,100,7185,PARABURDOO AERO,214.46,>100 km,FALSE,33.8,167.5,18.5,0.1,null,FALSE,null,null,null,null,88.88888889,21.99074074,41.97604125,36,9.831594336
58510,Victoria Park,WA,1030.126667,9,36889,454,83,0.009677682,350,1844,95888,2.2,36889,5482,14.86079861,1092,9003,12.12929024,15367,6843,44.53048741,1066,21469,4.9,67.7,17.9396,Major Cities of Australia,0,100,9225,PERTH METRO,7.08,<=25 km,FALSE,24.9,26.8,13,3.3,null,FALSE,null,null,null,null,11.11111111,11.34259259,40.79886135,19.40686438,30.3703567
58540,Victoria Plains,WA,1027.987537,9,802,446,82,0,150,1653,85956,2.3,802,166,20.69825436,8,209,3.827751196,288,75,26.04166667,13,424,2.6,63.4,2551.0132,Outer Regional Australia,2,100,8137,WONGAN HILLS,44.38,25-50 km,FALSE,25.8,51,12,4.6,null,FALSE,null,null,null,null,11.11111111,6.018518519,20.71237278,6.124401914,43.72390596
58610,Wagin,WA,946.8185834,3,1761,153,28,0,195,1183,61516,2.2,1761,484,27.48438387,65,433,15.01154734,684,146,21.34502924,40,768,4.8,52.2,1946.1763,Outer Regional Australia,2,100,10647,WAGIN,4.87,<=25 km,FALSE,23,20.6,9.8,15,null,FALSE,null,null,null,null,77.77777778,11.11111111,15.60988651,24.01847575,59.24760644
58680,Wandering,WA,1003.745898,7,535,380,70,0,200,1687,87724,2.4,535,125,23.36448598,12,138,8.695652174,182,19,10.43956044,8,253,3.6,54.2,1903.8645,Outer Regional Australia,2,100,10917,WANDERING,16.85,<=25 km,FALSE,23.9,28.3,8.6,50.6,null,FALSE,null,null,null,null,33.33333333,8.333333333,3.762047351,13.91304348,49.82307942
58760,Wanneroo,WA,1005.33762,8,209111,384,71,0.002304996,350,1894,98488,2.8,209111,25191,12.04671203,9937,57797,17.19293389,71246,15608,21.90719479,6347,110941,5.7,68.1,683.2602,Inner Regional Australia,1,54.61768445,9178,GINGIN AERO,22.44,<=25 km,TRUE,25.7,39.6,11.2,18.2,null,FALSE,null,null,null,null,22.22222222,13.19444444,16.22063027,27.50869422,23.93295566
58820,Waroona,WA,935.8688243,3,4234,121,23,0,260,1312,68224,2.4,4234,1034,24.42135097,144,1131,12.73209549,1584,273,17.23484848,124,1879,6.7,53.1,832.2285,Inner Regional Australia,1,100,9538,DWELLINGUP,20.92,<=25 km,FALSE,22,15.3,9.6,18.1,null,FALSE,null,null,null,null,77.77777778,15.50925926,11.14453418,20.37135279,52.24072493
58890,West Arthur,WA,1027.719703,9,773,445,82,0,143,1325,68900,2.2,773,177,22.89780078,18,206,8.737864078,293,47,16.04095563,8,386,2.1,60.6,2831.8272,Outer Regional Australia,2,100,9994,COLLIE EAST,53.41,50-100 km,FALSE,23.4,18.9,8.6,39.8,null,FALSE,null,null,null,null,11.11111111,4.861111111,9.847473894,13.98058252,48.7555075
59030,Westonia,WA,1030.23354,9,248,457,84,0,85,1318,68536,2.2,248,69,27.82258065,6,69,8.695652174,101,17,16.83168317,0,115,1.7,57.1,3319.4496,Remote Australia,3,100,12320,SOUTHERN CROSS AIRFIELD,72.73,50-100 km,FALSE,26,52.3,10.6,40.6,null,FALSE,null,null,null,null,11.11111111,3.935185185,10.70653029,13.91304348,60.02125295
59100,Wickepin,WA,994.0281247,7,690,341,63,0,139,1256,65312,2.4,690,154,22.31884058,16,166,9.638554217,229,42,18.34061135,12,337,4.5,60.6,2040.8985,Remote Australia,3,59.463501,10614,NARROGIN,45.95,25-50 km,FALSE,22.5,18.8,9.4,19,null,FALSE,null,null,null,null,33.33333333,10.41666667,12.34584894,15.42168675,47.43109943
59170,Williams,WA,1029.687826,9,1021,453,83,0,200,1739,90428,2.4,1021,193,18.90303624,24,264,9.090909091,365,80,21.91780822,4,541,0.6,67.7,2304.7119,Outer Regional Australia,2,100,10614,NARROGIN,38.94,25-50 km,FALSE,22.5,18.8,9.4,19,null,FALSE,null,null,null,null,11.11111111,1.388888889,16.23216083,14.54545455,39.61723095
59250,Wiluna,WA,772.5626005,1,535,33,7,0.547663551,118,1109,57668,2.4,535,46,8.598130841,17,62,27.41935484,84,41,48.80952381,9,203,3.4,45.4,181297.3382,Very Remote Australia,4,100,13015,CARNEGIE,75.51,50-100 km,FALSE,30.8,116.4,15.4,8.3,null,FALSE,null,null,null,null,100,7.87037037,45.44766059,43.87096774,16.04410806
59310,Wongan-Ballidu,WA,963.4685794,4,1297,213,39,0,180,1269,65988,2.3,1297,285,21.97378566,59,337,17.5074184,521,148,28.40690979,17,666,2.9,63,3365.0675,Remote Australia,3,61.90225605,8137,WONGAN HILLS,21.65,<=25 km,FALSE,25.8,51,12,4.6,null,FALSE,null,null,null,null,66.66666667,6.712962963,23.28200281,28.01186944,46.64176448
59320,Woodanilling,WA,1003.059478,7,448,374,69,0,150,1385,72020,2.5,448,99,22.09821429,13,114,11.40350877,161,24,14.9068323,6,217,3.2,61.1,1128.8348,Outer Regional Australia,2,100,10647,WAGIN,23.78,<=25 km,FALSE,23,20.6,9.8,15,null,FALSE,null,null,null,null,33.33333333,7.407407407,8.615347969,18.24561404,46.92640283
59330,Wyalkatchem,WA,899.0334723,2,470,63,12,0,150,916,47632,1.9,470,155,32.9787234,16,106,15.09433962,209,46,22.00956938,11,222,5,53.5,1594.4884,Outer Regional Australia,2,100,10286,CUNDERDIN AIRFIELD,51.17,50-100 km,FALSE,26.2,53.9,10.5,34.9,null,FALSE,null,null,null,null,88.88888889,11.57407407,16.33185132,24.1509434,71.81625564
59350,Yalgoo,WA,899.7003887,2,340,65,12,0,150,1575,81900,2.6,340,35,10.29411765,11,29,37.93103448,44,16,36.36363636,3,126,4,40.5,27949.4641,Very Remote Australia,4,100,7600,MOUNT MAGNET AERO,101.46,>100 km,FALSE,28.8,93.6,15.3,2.4,null,FALSE,null,null,null,null,88.88888889,9.259259259,31.92629114,60.68965517,19.92378515
59360,Yilgarn,WA,973.4990469,5,1173,252,46,0.2685422,150,1370,71240,2,1173,199,16.96504689,25,214,11.68224299,377,108,28.64721485,20,645,3.7,60.8,30428.7648,Remote Australia,3,100,12320,SOUTHERN CROSS AIRFIELD,38.17,25-50 km,FALSE,26,52.3,10.6,40.6,null,FALSE,null,null,null,null,55.55555556,8.564814815,23.54307327,18.69158879,35.18395773
59370,York,WA,967.9495644,5,3459,233,43,0,260,1127,58604,2.2,3459,1157,33.44897369,133,936,14.20940171,1420,229,16.12676056,88,1496,5.9,50.4,2131.5916,Inner Regional Australia,1,100,10311,YORK,2.01,<=25 km,FALSE,25.8,49.7,9.6,43.3,null,FALSE,null,null,null,null,55.55555556,13.65740741,9.940693457,22.73504274,72.89198291
